Vehicle order,1,2,3,4
Vehicle make/model,Lead(Human),SedanA(T1.2-sluggish),SUVB(T1.5),EVC(T2.2-smooth)
Source,synthetic,synthetic,synthetic,synthetic
Speed unit,m/s
Spacing unit,m
Time,Speed1,Speed2,Speed3,Speed4,IVS1,IVS2,IVS3,Driver1,Driver2,Driver3,Driver4
0.00,25.0000,25.0090,24.9918,24.9733,32.9939,41.5593,59.9949,Human,ACC,ACC,ACC
0.10,24.9864,24.9703,25.0018,25.0402,33.0197,41.4850,59.9687,Human,ACC,ACC,ACC
0.20,24.9852,24.9814,25.0147,25.0107,32.8574,41.5334,59.9454,Human,ACC,ACC,ACC
0.30,25.0032,24.9721,24.9991,25.0209,33.0353,41.5862,59.9376,Human,ACC,ACC,ACC
0.40,24.9597,24.9863,24.9430,24.9613,33.0421,41.4957,60.0220,Human,ACC,ACC,ACC
0.50,24.9447,24.9929,24.9620,25.0081,32.9435,41.5018,60.0078,Human,ACC,ACC,ACC
0.60,25.0047,24.9944,24.9245,24.9838,33.0684,41.6024,60.0154,Human,ACC,ACC,ACC
0.70,24.9985,25.0034,24.9541,24.9857,32.9831,41.6059,59.9954,Human,ACC,ACC,ACC
0.80,24.9706,24.9757,25.0318,24.9758,32.9978,41.5053,60.0226,Human,ACC,ACC,ACC
0.90,24.9990,25.0265,24.9825,24.9966,33.0343,41.4732,59.9953,Human,ACC,ACC,ACC
1.00,25.0033,25.0019,24.9632,25.0023,33.0899,41.5768,60.0218,Human,ACC,ACC,ACC
1.10,25.0408,24.9536,25.0258,25.0036,33.0136,41.4897,60.0494,Human,ACC,ACC,ACC
1.20,24.9808,25.0600,25.0229,24.9640,32.9761,41.5066,59.9790,Human,ACC,ACC,ACC
1.30,25.0022,25.0173,24.9943,25.0205,32.9710,41.5025,60.0009,Human,ACC,ACC,ACC
1.40,24.9980,25.0200,25.0432,24.9797,32.9732,41.4977,60.0040,Human,ACC,ACC,ACC
1.50,25.0061,24.9861,25.0038,24.9644,32.9784,41.4696,59.9942,Human,ACC,ACC,ACC
1.60,24.9826,24.9941,25.0270,25.0344,33.0341,41.5534,60.0096,Human,ACC,ACC,ACC
1.70,24.9603,24.9762,25.0194,24.9402,32.9880,41.4994,60.0916,Human,ACC,ACC,ACC
1.80,24.9861,24.9971,25.0377,25.0207,33.0443,41.4556,59.9983,Human,ACC,ACC,ACC
1.90,24.9902,24.9889,24.9925,25.0457,32.9756,41.4835,59.9208,Human,ACC,ACC,ACC
2.00,24.9872,24.9909,25.0106,24.9964,33.0021,41.4363,59.9729,Human,ACC,ACC,ACC
2.10,24.9941,24.9666,24.9997,24.9867,33.0730,41.5483,59.9595,Human,ACC,ACC,ACC
2.20,25.0350,25.0196,24.9993,25.0201,32.9517,41.4575,59.9112,Human,ACC,ACC,ACC
2.30,24.9898,25.0316,24.9998,25.0175,32.9542,41.4880,59.9511,Human,ACC,ACC,ACC
2.40,24.9613,25.0104,24.9494,24.9389,33.0368,41.4984,59.9756,Human,ACC,ACC,ACC
2.50,24.9909,24.9730,25.0049,25.0673,33.0841,41.5346,60.0042,Human,ACC,ACC,ACC
2.60,24.9750,24.9813,25.0062,25.0148,33.0888,41.5634,59.9673,Human,ACC,ACC,ACC
2.70,24.9947,24.9938,25.0211,25.0156,33.0163,41.4801,59.9325,Human,ACC,ACC,ACC
2.80,24.9690,24.9976,25.0011,24.9684,33.0913,41.5724,59.9404,Human,ACC,ACC,ACC
2.90,25.0078,24.9743,25.0292,25.0058,33.0243,41.4227,60.0521,Human,ACC,ACC,ACC
3.00,25.0027,24.9823,24.9964,24.9401,32.9984,41.4870,60.0609,Human,ACC,ACC,ACC
3.10,24.9661,25.0109,24.9361,25.0254,33.0014,41.4886,60.0445,Human,ACC,ACC,ACC
3.20,24.9476,25.0227,24.9746,25.0234,32.9865,41.5426,60.0010,Human,ACC,ACC,ACC
3.30,25.0039,24.9539,25.0375,25.0433,33.0404,41.5309,60.0387,Human,ACC,ACC,ACC
3.40,24.9980,24.9918,24.9952,24.9707,32.9528,41.5909,59.9932,Human,ACC,ACC,ACC
3.50,25.0330,24.9837,24.9985,24.9762,33.0852,41.4724,59.9879,Human,ACC,ACC,ACC
3.60,24.9812,24.9617,25.0377,24.9954,32.9884,41.5563,59.9805,Human,ACC,ACC,ACC
3.70,25.0290,25.0004,24.9792,24.9902,33.0209,41.4259,59.9780,Human,ACC,ACC,ACC
3.80,24.9832,25.0002,24.9887,24.9910,33.0117,41.4958,59.9111,Human,ACC,ACC,ACC
3.90,24.9586,24.9758,25.0496,24.9799,33.0250,41.4546,60.0940,Human,ACC,ACC,ACC
4.00,24.9684,25.0101,25.0422,24.9564,32.9918,41.6094,60.0329,Human,ACC,ACC,ACC
4.10,24.9937,24.9810,24.9472,25.0220,33.0231,41.4779,59.9954,Human,ACC,ACC,ACC
4.20,24.9993,25.0021,24.9774,25.0136,33.0227,41.4073,60.0488,Human,ACC,ACC,ACC
4.30,24.9838,24.9957,24.9668,24.9635,32.9447,41.4885,59.8694,Human,ACC,ACC,ACC
4.40,25.0401,24.9848,25.0088,24.9990,33.0228,41.5369,60.0146,Human,ACC,ACC,ACC
4.50,24.9868,24.9848,25.0189,24.9909,33.0165,41.4830,60.0083,Human,ACC,ACC,ACC
4.60,24.9955,25.0007,25.0353,25.0204,33.0592,41.4804,60.0251,Human,ACC,ACC,ACC
4.70,25.0115,24.9831,24.9585,25.0285,33.0360,41.4896,60.0124,Human,ACC,ACC,ACC
4.80,25.0290,24.9958,25.0163,25.0234,33.0115,41.4770,60.1183,Human,ACC,ACC,ACC
4.90,25.0249,25.0276,24.9863,25.0454,32.9800,41.5835,60.0526,Human,ACC,ACC,ACC
5.00,24.9626,25.0259,25.0148,25.0262,32.9027,41.5131,60.0507,Human,ACC,ACC,ACC
5.10,25.0564,25.0445,24.9656,24.9493,33.0403,41.4572,60.0134,Human,ACC,ACC,ACC
5.20,25.0245,24.9695,24.9996,25.0252,32.9430,41.4507,59.9893,Human,ACC,ACC,ACC
5.30,24.9507,24.9367,25.0078,25.0013,33.0100,41.5786,60.0182,Human,ACC,ACC,ACC
5.40,24.9926,25.0012,24.9742,24.9546,33.0522,41.4428,59.9449,Human,ACC,ACC,ACC
5.50,24.9950,24.9708,24.9507,25.0152,32.9774,41.5857,59.9360,Human,ACC,ACC,ACC
5.60,24.9982,25.0122,24.9703,24.9803,32.9242,41.4972,60.0585,Human,ACC,ACC,ACC
5.70,24.9700,24.9734,25.0059,24.9765,32.9218,41.4886,59.9350,Human,ACC,ACC,ACC
5.80,25.0107,25.0102,25.0608,24.9582,33.0710,41.5344,60.0141,Human,ACC,ACC,ACC
5.90,25.0266,24.9973,24.9996,24.9565,32.9985,41.4893,60.0075,Human,ACC,ACC,ACC
6.00,24.9862,25.0223,24.9975,25.0024,32.9693,41.4579,59.9468,Human,ACC,ACC,ACC
6.10,24.9913,25.0346,24.9994,24.9340,33.0013,41.4621,60.0432,Human,ACC,ACC,ACC
6.20,24.9792,24.9409,24.9025,24.9841,32.8986,41.5283,60.0266,Human,ACC,ACC,ACC
6.30,25.0400,25.0014,24.9648,24.9718,33.0598,41.4884,59.9277,Human,ACC,ACC,ACC
6.40,25.0339,25.0047,25.0014,24.9984,32.9558,41.5557,59.9858,Human,ACC,ACC,ACC
6.50,25.0012,25.0242,25.0166,25.0065,32.9806,41.4722,59.9975,Human,ACC,ACC,ACC
6.60,24.9687,25.0153,24.9795,25.0328,32.9895,41.4249,59.9715,Human,ACC,ACC,ACC
6.70,24.9619,24.9959,24.9998,24.9603,33.0496,41.5710,59.9946,Human,ACC,ACC,ACC
6.80,25.0517,25.0438,24.9861,25.0232,32.9754,41.5665,59.9919,Human,ACC,ACC,ACC
6.90,25.0114,24.9216,25.0075,24.9982,32.9433,41.4944,60.0343,Human,ACC,ACC,ACC
7.00,25.0025,24.9677,24.9919,24.9947,33.0763,41.4768,60.0268,Human,ACC,ACC,ACC
7.10,25.0356,25.0100,24.9998,25.0459,32.9845,41.5560,60.0131,Human,ACC,ACC,ACC
7.20,24.9833,24.9883,24.9455,25.0471,33.0133,41.4527,59.9850,Human,ACC,ACC,ACC
7.30,25.0289,25.0275,25.0201,25.0033,32.9847,41.3253,60.0421,Human,ACC,ACC,ACC
7.40,25.0065,24.9924,24.9939,25.0016,33.0000,41.4903,59.9829,Human,ACC,ACC,ACC
7.50,25.0454,25.0167,24.9982,24.9826,33.0017,41.5122,59.9369,Human,ACC,ACC,ACC
7.60,24.9810,25.0481,25.0152,25.0020,33.0065,41.5060,60.0018,Human,ACC,ACC,ACC
7.70,24.9896,24.9667,24.9980,25.0262,32.9281,41.4936,59.9380,Human,ACC,ACC,ACC
7.80,24.9882,24.9932,24.9934,25.0033,33.0174,41.5644,60.0428,Human,ACC,ACC,ACC
7.90,24.9522,24.9929,24.9744,25.0265,32.9839,41.4741,59.9729,Human,ACC,ACC,ACC
8.00,24.9769,25.0173,25.0457,24.9906,33.0174,41.4680,59.9744,Human,ACC,ACC,ACC
8.10,24.9820,25.0057,24.9999,24.9702,32.8785,41.4590,59.9623,Human,ACC,ACC,ACC
8.20,25.0138,25.0605,24.9923,24.9939,32.9742,41.5594,59.9344,Human,ACC,ACC,ACC
8.30,24.9687,25.0096,24.9626,24.9668,32.9357,41.5296,59.9526,Human,ACC,ACC,ACC
8.40,25.0384,24.9728,25.0324,25.0457,32.9924,41.5088,60.0011,Human,ACC,ACC,ACC
8.50,25.0078,25.0166,25.0586,24.9941,32.9626,41.5450,60.0732,Human,ACC,ACC,ACC
8.60,24.9822,24.9594,25.0013,25.0444,32.9515,41.4871,60.0460,Human,ACC,ACC,ACC
8.70,25.0288,24.9717,24.9743,24.9849,32.9902,41.4516,59.9794,Human,ACC,ACC,ACC
8.80,25.0088,24.9938,25.0064,25.0089,33.0407,41.4519,60.0126,Human,ACC,ACC,ACC
8.90,24.9910,24.9988,25.0062,24.9975,33.0189,41.4686,60.0278,Human,ACC,ACC,ACC
9.00,25.0151,25.0561,25.0178,25.0017,33.0327,41.5488,60.0456,Human,ACC,ACC,ACC
9.10,24.9494,25.0116,24.9416,24.9577,32.9279,41.5438,60.0286,Human,ACC,ACC,ACC
9.20,25.0256,25.0212,24.9955,24.9487,33.0478,41.4590,60.0442,Human,ACC,ACC,ACC
9.30,24.9889,24.9796,25.0191,25.0677,33.0184,41.4440,60.0621,Human,ACC,ACC,ACC
9.40,25.0065,24.9766,24.9649,24.9983,32.9625,41.4510,60.0196,Human,ACC,ACC,ACC
9.50,24.9947,24.9655,25.0035,24.9655,32.9710,41.5179,59.9884,Human,ACC,ACC,ACC
9.60,25.0334,25.0319,25.0325,24.9858,33.0141,41.5400,59.9988,Human,ACC,ACC,ACC
9.70,25.0154,24.9960,24.9883,24.9898,33.0426,41.5415,59.9598,Human,ACC,ACC,ACC
9.80,24.9610,24.9567,25.0238,24.9943,33.0419,41.5304,60.0069,Human,ACC,ACC,ACC
9.90,25.0065,25.0301,24.9480,24.9765,33.0547,41.5808,60.0373,Human,ACC,ACC,ACC
10.00,25.0053,25.0118,24.9887,25.0309,32.9293,41.5221,59.9941,Human,ACC,ACC,ACC
10.10,25.0063,24.9636,24.9721,25.0242,32.9875,41.5172,59.9847,Human,ACC,ACC,ACC
10.20,25.0139,24.9430,25.0404,25.0179,33.0797,41.5139,60.0015,Human,ACC,ACC,ACC
10.30,25.0403,24.9885,24.9911,24.9662,33.0386,41.5394,60.0580,Human,ACC,ACC,ACC
10.40,25.0761,24.9947,25.0476,24.9806,33.0314,41.4989,60.0073,Human,ACC,ACC,ACC
10.50,25.0049,24.9499,24.9885,25.0295,32.8961,41.4296,60.0511,Human,ACC,ACC,ACC
10.60,24.9624,25.0322,25.0101,24.9687,32.9849,41.5886,60.0881,Human,ACC,ACC,ACC
10.70,24.9850,24.9862,24.9985,24.9839,32.9401,41.5158,60.1407,Human,ACC,ACC,ACC
10.80,24.9752,24.9909,24.9692,24.9613,32.9626,41.5199,59.9896,Human,ACC,ACC,ACC
10.90,24.9986,25.0265,24.9541,25.0001,32.9891,41.4873,59.9999,Human,ACC,ACC,ACC
11.00,24.9805,24.9707,25.0256,24.9845,33.0378,41.4618,60.0253,Human,ACC,ACC,ACC
11.10,25.0449,24.9766,25.0116,24.9932,32.9666,41.5262,60.0162,Human,ACC,ACC,ACC
11.20,24.9774,25.0176,24.9954,25.0181,32.9631,41.5076,59.9652,Human,ACC,ACC,ACC
11.30,24.9986,24.9674,24.9969,25.0016,32.9598,41.5575,59.9126,Human,ACC,ACC,ACC
11.40,25.0288,24.9728,24.9988,24.9483,33.0279,41.5351,59.9721,Human,ACC,ACC,ACC
11.50,25.0195,24.9676,24.9458,24.9982,33.0536,41.5449,59.9380,Human,ACC,ACC,ACC
11.60,25.0332,24.9543,24.9674,24.9777,33.0263,41.5235,59.9651,Human,ACC,ACC,ACC
11.70,24.9661,25.0114,24.9758,24.9784,33.0288,41.5372,59.9659,Human,ACC,ACC,ACC
11.80,25.0175,24.9773,25.0130,24.9709,32.9042,41.5203,59.9649,Human,ACC,ACC,ACC
11.90,24.9636,24.9449,25.0558,24.9904,32.9175,41.4822,59.8853,Human,ACC,ACC,ACC
12.00,25.0073,24.9991,25.0048,25.0015,32.9844,41.5737,59.8626,Human,ACC,ACC,ACC
12.10,25.0572,24.9688,24.9533,24.9696,33.0231,41.4560,59.9809,Human,ACC,ACC,ACC
12.20,24.9600,25.0224,25.0246,24.9712,32.9566,41.5318,60.0003,Human,ACC,ACC,ACC
12.30,24.9583,24.9894,25.0417,24.9154,32.9629,41.4373,59.9801,Human,ACC,ACC,ACC
12.40,25.0158,24.9677,25.0312,24.9677,33.0568,41.4419,60.0211,Human,ACC,ACC,ACC
12.50,24.9914,24.9548,24.9707,25.0416,33.0173,41.4037,60.0545,Human,ACC,ACC,ACC
12.60,25.0246,24.9879,24.9739,24.9432,32.9989,41.6094,60.0854,Human,ACC,ACC,ACC
12.70,24.9882,24.9991,24.9975,24.9972,32.9887,41.4933,59.9519,Human,ACC,ACC,ACC
12.80,24.9663,24.9980,24.9988,25.0387,32.9340,41.5396,59.9886,Human,ACC,ACC,ACC
12.90,25.0560,24.9959,24.9770,24.9981,32.9813,41.4925,60.0340,Human,ACC,ACC,ACC
13.00,24.9818,24.9777,24.9982,24.9687,33.0468,41.5009,59.9914,Human,ACC,ACC,ACC
13.10,25.0182,24.9969,25.0075,24.9945,33.0059,41.6019,59.8996,Human,ACC,ACC,ACC
13.20,24.9782,24.9716,24.9929,24.9835,32.9444,41.5241,60.0081,Human,ACC,ACC,ACC
13.30,25.0070,24.9999,24.9591,25.0020,33.0610,41.5650,60.0976,Human,ACC,ACC,ACC
13.40,24.9597,24.9815,24.9912,24.9377,32.9619,41.5310,59.9894,Human,ACC,ACC,ACC
13.50,25.0027,25.0045,24.9953,24.9873,33.0485,41.5101,60.0443,Human,ACC,ACC,ACC
13.60,24.9888,24.9707,24.9919,24.9834,32.9648,41.5091,59.9760,Human,ACC,ACC,ACC
13.70,25.0028,24.9639,25.0071,25.0043,32.9883,41.4789,59.9507,Human,ACC,ACC,ACC
13.80,24.9958,24.9868,25.0166,24.9501,33.0557,41.5156,60.0546,Human,ACC,ACC,ACC
13.90,25.0138,25.0073,25.0085,25.0115,32.9524,41.4055,59.9695,Human,ACC,ACC,ACC
14.00,24.9804,24.9922,25.0191,25.0129,32.9937,41.5399,60.0529,Human,ACC,ACC,ACC
14.10,25.0062,24.9546,25.0161,25.0351,33.0610,41.5766,60.0369,Human,ACC,ACC,ACC
14.20,25.0303,25.0070,24.9533,25.0283,33.0067,41.4638,60.0349,Human,ACC,ACC,ACC
14.30,24.9956,24.9240,25.0113,24.9552,32.9767,41.4618,60.0300,Human,ACC,ACC,ACC
14.40,24.9611,24.9810,25.0382,24.9889,33.0120,41.5432,59.9661,Human,ACC,ACC,ACC
14.50,25.0081,25.0524,25.0478,24.9969,33.0587,41.5189,59.9930,Human,ACC,ACC,ACC
14.60,24.9928,24.9622,24.9792,25.0128,32.9641,41.4484,59.9343,Human,ACC,ACC,ACC
14.70,25.0119,25.0033,25.0298,24.9768,33.0700,41.4317,60.0322,Human,ACC,ACC,ACC
14.80,24.9983,25.0219,25.0175,25.0321,32.9891,41.4730,59.9781,Human,ACC,ACC,ACC
14.90,25.0119,24.9907,25.0109,24.9699,32.9965,41.5457,60.0289,Human,ACC,ACC,ACC
15.00,24.9508,25.0174,24.9983,25.0093,33.0012,41.4340,59.9139,Human,ACC,ACC,ACC
15.10,24.9491,24.9890,24.9820,24.9741,33.0929,41.4518,59.9243,Human,ACC,ACC,ACC
15.20,24.9323,24.9900,25.0269,25.0114,33.0564,41.4277,60.0377,Human,ACC,ACC,ACC
15.30,24.9820,24.9996,25.0227,24.9172,33.0470,41.5134,60.0485,Human,ACC,ACC,ACC
15.40,24.9963,25.0163,25.0205,25.0510,32.9330,41.4412,59.9917,Human,ACC,ACC,ACC
15.50,25.0341,25.0094,25.0091,25.0236,33.0011,41.4971,60.0240,Human,ACC,ACC,ACC
15.60,24.9838,24.9988,25.0272,25.0587,32.9650,41.3966,60.0211,Human,ACC,ACC,ACC
15.70,24.9952,24.9985,25.0060,25.0403,32.9900,41.5411,60.1032,Human,ACC,ACC,ACC
15.80,24.9991,25.0441,24.9710,24.9944,33.0051,41.5297,59.9572,Human,ACC,ACC,ACC
15.90,24.9941,25.0236,25.0314,24.9547,33.0457,41.5178,60.0133,Human,ACC,ACC,ACC
16.00,24.9725,25.0101,24.9802,24.9543,33.0460,41.4456,60.0288,Human,ACC,ACC,ACC
16.10,25.0312,25.0148,25.0148,24.9857,33.0236,41.5791,59.9124,Human,ACC,ACC,ACC
16.20,25.0309,24.9928,25.0329,24.9727,32.9967,41.6087,59.9811,Human,ACC,ACC,ACC
16.30,24.9744,25.0061,24.9789,25.0203,32.9796,41.5886,60.1241,Human,ACC,ACC,ACC
16.40,25.0078,24.9723,25.0022,24.9895,33.0067,41.4660,59.9719,Human,ACC,ACC,ACC
16.50,25.0275,24.9810,24.9868,25.0363,32.9816,41.4596,59.9614,Human,ACC,ACC,ACC
16.60,25.0672,25.0600,25.0019,25.0066,33.0096,41.5029,60.0245,Human,ACC,ACC,ACC
16.70,25.0460,24.9963,24.9707,25.0035,33.0023,41.4416,60.0373,Human,ACC,ACC,ACC
16.80,25.0135,24.9751,24.9506,24.9569,33.0131,41.4724,59.9877,Human,ACC,ACC,ACC
16.90,25.0200,24.9772,24.9958,25.0064,33.0168,41.5048,59.9946,Human,ACC,ACC,ACC
17.00,25.0186,24.9900,25.0150,24.9733,33.0386,41.5532,59.9855,Human,ACC,ACC,ACC
17.10,24.9891,24.9693,25.0340,24.9992,33.0000,41.4466,59.9927,Human,ACC,ACC,ACC
17.20,24.9778,24.9894,24.9933,25.0210,33.0243,41.5434,60.0092,Human,ACC,ACC,ACC
17.30,24.9521,24.9689,24.9887,25.0760,32.9967,41.4658,60.0116,Human,ACC,ACC,ACC
17.40,25.0287,24.9967,25.0214,25.0617,32.9474,41.5072,60.0019,Human,ACC,ACC,ACC
17.50,24.9930,24.9890,25.0364,25.0148,32.9565,41.5170,59.9905,Human,ACC,ACC,ACC
17.60,25.0201,24.9848,25.0577,25.0513,33.0304,41.4772,60.0246,Human,ACC,ACC,ACC
17.70,25.0170,25.0205,24.9392,25.0191,33.0775,41.5097,60.0396,Human,ACC,ACC,ACC
17.80,24.9942,25.0130,25.0205,24.9898,32.9695,41.4836,59.9084,Human,ACC,ACC,ACC
17.90,24.9493,25.0110,24.9778,24.9901,32.9935,41.4455,60.0065,Human,ACC,ACC,ACC
18.00,24.9819,24.9898,24.9307,25.0365,32.8998,41.4586,60.0049,Human,ACC,ACC,ACC
18.10,25.0076,25.0333,25.0594,25.0007,33.0200,41.4197,59.9805,Human,ACC,ACC,ACC
18.20,24.9459,24.9732,24.9638,24.9849,33.1264,41.5395,60.0087,Human,ACC,ACC,ACC
18.30,25.0024,24.9399,25.0103,24.9547,32.8658,41.4557,60.0263,Human,ACC,ACC,ACC
18.40,25.0089,24.9967,24.9906,24.9978,33.0123,41.5230,60.0477,Human,ACC,ACC,ACC
18.50,24.9838,24.9816,24.9495,24.9991,33.0056,41.5425,59.9130,Human,ACC,ACC,ACC
18.60,25.0554,25.0594,25.0397,25.0212,33.1233,41.4861,59.9691,Human,ACC,ACC,ACC
18.70,24.9797,25.0433,24.9983,24.9979,33.0742,41.5303,60.0483,Human,ACC,ACC,ACC
18.80,24.9913,25.0028,24.9869,24.9975,32.9704,41.5145,60.0355,Human,ACC,ACC,ACC
18.90,24.9675,24.9888,25.0684,24.9979,32.9450,41.4900,59.9887,Human,ACC,ACC,ACC
19.00,24.9928,25.0160,25.0212,24.9666,32.9864,41.4663,59.9390,Human,ACC,ACC,ACC
19.10,24.9938,25.0275,25.0081,25.0037,33.0217,41.5125,60.0571,Human,ACC,ACC,ACC
19.20,25.0466,24.9797,25.0025,24.9844,32.9972,41.4678,59.9296,Human,ACC,ACC,ACC
19.30,25.0447,24.9414,24.9799,24.9841,33.0047,41.4854,60.0991,Human,ACC,ACC,ACC
19.40,25.0199,25.0182,25.0419,24.9528,33.1127,41.5777,59.9563,Human,ACC,ACC,ACC
19.50,25.0225,24.9912,24.9800,25.0162,32.9322,41.4890,59.9568,Human,ACC,ACC,ACC
19.60,24.9724,24.9377,24.9889,24.9551,33.0700,41.5062,59.9806,Human,ACC,ACC,ACC
19.70,24.9805,25.0111,25.0094,25.0476,32.9998,41.5620,59.9543,Human,ACC,ACC,ACC
19.80,24.9940,24.9540,24.9773,24.9724,33.0243,41.4357,59.9903,Human,ACC,ACC,ACC
19.90,24.9635,25.0131,24.9806,24.9407,32.9682,41.5159,60.0080,Human,ACC,ACC,ACC
20.00,25.0209,24.9967,25.0107,25.0032,33.0591,41.5341,59.9709,Human,ACC,ACC,ACC
20.10,25.0189,25.0011,25.0371,25.0127,32.9357,41.4606,59.9795,Human,ACC,ACC,ACC
20.20,25.0118,25.0123,24.9563,24.9951,32.9892,41.4633,60.0533,Human,ACC,ACC,ACC
20.30,24.9922,25.0062,24.9592,25.0490,33.0461,41.4871,59.9761,Human,ACC,ACC,ACC
20.40,25.0031,24.9637,24.9487,24.9916,32.9888,41.4982,59.9993,Human,ACC,ACC,ACC
20.50,24.9973,24.9785,25.0028,24.9808,32.9212,41.4793,59.9086,Human,ACC,ACC,ACC
20.60,25.0165,24.9783,24.9988,25.0294,33.0021,41.5334,59.9483,Human,ACC,ACC,ACC
20.70,25.0772,24.9698,24.9861,24.9748,33.0084,41.4703,59.9663,Human,ACC,ACC,ACC
20.80,25.0235,24.9656,24.9855,24.9991,33.0964,41.5439,60.0240,Human,ACC,ACC,ACC
20.90,24.9706,24.9713,24.9857,24.9370,32.9790,41.5204,59.9909,Human,ACC,ACC,ACC
21.00,24.9566,24.9876,25.0044,24.9944,33.0225,41.4563,59.9968,Human,ACC,ACC,ACC
21.10,24.9468,24.9861,25.0240,25.0167,32.9810,41.4311,60.0830,Human,ACC,ACC,ACC
21.20,24.9976,24.9734,25.0189,24.9826,33.0402,41.4616,59.9284,Human,ACC,ACC,ACC
21.30,24.9649,24.9759,25.0435,25.0066,32.9647,41.4592,59.9704,Human,ACC,ACC,ACC
21.40,25.0348,24.9856,25.0281,24.9820,32.9262,41.4596,60.0033,Human,ACC,ACC,ACC
21.50,24.9953,25.0746,25.0230,24.9850,33.0204,41.4032,60.0001,Human,ACC,ACC,ACC
21.60,24.9975,25.0098,25.0363,24.9853,32.9518,41.4491,59.9845,Human,ACC,ACC,ACC
21.70,24.9478,24.9916,25.0005,25.0033,32.9665,41.5344,60.0345,Human,ACC,ACC,ACC
21.80,25.0395,25.0095,25.0244,24.9670,32.9852,41.4686,60.0880,Human,ACC,ACC,ACC
21.90,25.0260,25.0629,25.0232,25.0076,33.0918,41.5191,59.9926,Human,ACC,ACC,ACC
22.00,25.0046,25.0536,24.9722,24.9967,33.0496,41.5713,59.9743,Human,ACC,ACC,ACC
22.10,25.0138,25.0223,24.9869,25.0092,33.0889,41.4924,60.0538,Human,ACC,ACC,ACC
22.20,24.9917,25.0036,24.9960,24.9658,32.9748,41.5035,59.9778,Human,ACC,ACC,ACC
22.30,24.9994,25.0263,24.9710,24.9928,33.0014,41.5502,59.9560,Human,ACC,ACC,ACC
22.40,25.0199,24.9679,25.0055,24.9682,32.9855,41.5269,59.9772,Human,ACC,ACC,ACC
22.50,25.0340,25.0694,25.0607,24.9934,33.1004,41.4280,60.1251,Human,ACC,ACC,ACC
22.60,25.0222,25.0036,25.0031,25.0464,32.9677,41.5481,60.0798,Human,ACC,ACC,ACC
22.70,24.9604,25.0317,24.9985,25.0423,33.0264,41.4306,59.9836,Human,ACC,ACC,ACC
22.80,25.0056,24.9798,25.0083,25.0221,33.0035,41.5281,60.0487,Human,ACC,ACC,ACC
22.90,25.0011,25.0146,24.9843,24.9360,33.0557,41.5729,59.9531,Human,ACC,ACC,ACC
23.00,25.0270,25.0210,25.0044,25.0021,33.0491,41.4140,60.0075,Human,ACC,ACC,ACC
23.10,25.0311,24.9863,24.9788,24.9943,32.9472,41.4120,60.0456,Human,ACC,ACC,ACC
23.20,25.0357,24.9584,25.0358,24.9808,32.9986,41.5491,59.9217,Human,ACC,ACC,ACC
23.30,24.9670,25.0378,24.9971,24.9610,32.9398,41.4952,59.9671,Human,ACC,ACC,ACC
23.40,24.9892,25.0279,25.0358,24.9872,33.0036,41.4692,59.9833,Human,ACC,ACC,ACC
23.50,25.0122,25.0214,24.9807,25.0107,32.9434,41.5637,59.9843,Human,ACC,ACC,ACC
23.60,24.9990,24.9839,24.9852,25.0020,32.9415,41.5338,60.0241,Human,ACC,ACC,ACC
23.70,25.0009,24.9830,24.9872,25.0334,33.0108,41.5111,59.9805,Human,ACC,ACC,ACC
23.80,25.0064,25.0266,25.0361,25.0177,32.9936,41.3903,59.9228,Human,ACC,ACC,ACC
23.90,25.0681,24.9752,25.0243,24.9905,32.9391,41.5143,60.0607,Human,ACC,ACC,ACC
24.00,25.0557,25.0510,24.9414,24.9709,32.9919,41.4868,60.0560,Human,ACC,ACC,ACC
24.10,25.0199,25.0237,25.0221,24.9979,32.9820,41.5326,60.0215,Human,ACC,ACC,ACC
24.20,25.0137,25.0196,24.9977,25.0308,32.9342,41.5157,60.0103,Human,ACC,ACC,ACC
24.30,24.9322,25.0190,24.9690,25.0288,32.9430,41.4487,59.9368,Human,ACC,ACC,ACC
24.40,24.9931,24.9733,25.0112,24.9727,33.0682,41.6050,60.0352,Human,ACC,ACC,ACC
24.50,24.9726,24.9530,24.9992,25.0149,33.0780,41.4331,60.0700,Human,ACC,ACC,ACC
24.60,25.0307,24.9957,25.0314,25.0005,33.0981,41.5804,59.9534,Human,ACC,ACC,ACC
24.70,24.9972,25.0172,25.0318,24.9898,33.0540,41.4944,60.0536,Human,ACC,ACC,ACC
24.80,24.9927,24.9952,25.0025,24.9730,32.9682,41.5007,59.9717,Human,ACC,ACC,ACC
24.90,25.0308,24.9880,25.0139,24.9752,33.0238,41.4951,60.0555,Human,ACC,ACC,ACC
25.00,25.0108,25.0117,24.9874,25.0606,33.0411,41.5208,59.9983,Human,ACC,ACC,ACC
25.10,25.0111,25.0533,25.0288,24.9801,32.9851,41.5004,60.0375,Human,ACC,ACC,ACC
25.20,24.9885,25.0131,25.0018,25.0015,33.0066,41.5146,59.9983,Human,ACC,ACC,ACC
25.30,24.9914,24.9457,24.9932,24.9335,32.9964,41.4670,59.9067,Human,ACC,ACC,ACC
25.40,25.0112,24.9782,24.9785,24.9934,33.0287,41.5280,59.9518,Human,ACC,ACC,ACC
25.50,25.0082,24.9570,24.9475,24.9680,33.0954,41.4420,60.0498,Human,ACC,ACC,ACC
25.60,24.9387,24.9710,25.0477,24.9683,33.0127,41.5159,60.0568,Human,ACC,ACC,ACC
25.70,25.0195,24.9589,25.0090,24.9904,33.0461,41.5014,59.9474,Human,ACC,ACC,ACC
25.80,24.9982,25.0171,25.0527,25.0058,32.9394,41.5097,60.0789,Human,ACC,ACC,ACC
25.90,25.0037,24.9708,25.0175,24.9926,33.0440,41.4986,60.0167,Human,ACC,ACC,ACC
26.00,25.0250,24.9987,25.0522,24.9405,33.0343,41.5859,59.9623,Human,ACC,ACC,ACC
26.10,24.9911,25.0264,24.9895,24.9762,33.0363,41.5141,59.9623,Human,ACC,ACC,ACC
26.20,24.9920,24.9586,25.0036,25.0732,32.9495,41.5635,60.0167,Human,ACC,ACC,ACC
26.30,25.0344,24.9667,24.9738,24.9879,32.9897,41.5052,60.0492,Human,ACC,ACC,ACC
26.40,25.0301,24.9754,24.9793,25.0265,33.0049,41.5803,59.9873,Human,ACC,ACC,ACC
26.50,25.0259,24.9888,24.9665,24.9535,32.9611,41.4946,59.9534,Human,ACC,ACC,ACC
26.60,24.9790,24.9331,25.0225,24.9811,32.9828,41.5613,60.0854,Human,ACC,ACC,ACC
26.70,25.0144,25.0560,25.0352,24.9655,33.0318,41.5101,59.9549,Human,ACC,ACC,ACC
26.80,25.0261,25.0347,24.9776,24.9714,32.9502,41.5187,60.0086,Human,ACC,ACC,ACC
26.90,24.9967,24.9520,25.0441,24.9278,32.9713,41.4780,60.0780,Human,ACC,ACC,ACC
27.00,24.9668,24.9919,24.9932,25.0050,33.0497,41.5029,60.0117,Human,ACC,ACC,ACC
27.10,25.0081,24.9936,25.0341,24.9358,33.0640,41.5183,60.0122,Human,ACC,ACC,ACC
27.20,25.0000,24.9786,25.0040,25.0066,32.9218,41.4161,59.9050,Human,ACC,ACC,ACC
27.30,24.9726,24.9808,25.0238,25.0105,32.8878,41.4996,60.0167,Human,ACC,ACC,ACC
27.40,24.9796,25.0612,25.0693,24.9561,32.9568,41.5223,60.0224,Human,ACC,ACC,ACC
27.50,25.0091,25.0753,25.0235,25.0066,32.9963,41.4267,60.0723,Human,ACC,ACC,ACC
27.60,24.9938,24.9838,24.9936,24.9835,33.0689,41.4714,60.0972,Human,ACC,ACC,ACC
27.70,25.0223,24.9881,24.9868,24.9639,33.0026,41.4611,59.9798,Human,ACC,ACC,ACC
27.80,24.9985,24.9732,24.9946,25.0313,32.9076,41.4828,59.9203,Human,ACC,ACC,ACC
27.90,25.0110,25.0151,25.0107,25.0018,33.0568,41.5162,59.9309,Human,ACC,ACC,ACC
28.00,24.9962,24.9908,25.0228,24.9675,33.0289,41.4145,60.0081,Human,ACC,ACC,ACC
28.10,25.0402,25.0010,24.9775,24.9853,33.0241,41.5036,59.9440,Human,ACC,ACC,ACC
28.20,24.9797,25.0048,24.9785,25.0343,32.9947,41.4911,60.0032,Human,ACC,ACC,ACC
28.30,24.9766,24.9318,24.9781,24.9397,33.0745,41.5848,60.0792,Human,ACC,ACC,ACC
28.40,24.9988,25.0318,25.0194,24.9599,32.9685,41.4628,60.0013,Human,ACC,ACC,ACC
28.50,24.9771,25.0534,25.0096,25.0001,33.0219,41.3973,59.9695,Human,ACC,ACC,ACC
28.60,25.0317,25.0736,25.0389,25.0042,33.0897,41.4381,59.9633,Human,ACC,ACC,ACC
28.70,25.0106,25.0185,24.9816,24.9682,32.9648,41.5246,59.9969,Human,ACC,ACC,ACC
28.80,25.0016,24.9716,24.9982,25.0029,32.9840,41.4243,60.0306,Human,ACC,ACC,ACC
28.90,25.0702,24.9745,24.9963,24.9951,33.0002,41.4668,60.0014,Human,ACC,ACC,ACC
29.00,25.0131,25.0314,24.9853,24.9754,33.0395,41.4263,59.9225,Human,ACC,ACC,ACC
29.10,24.9508,24.9722,25.0161,25.0014,32.9490,41.4564,59.8476,Human,ACC,ACC,ACC
29.20,24.9695,24.9888,25.0009,25.0151,32.9699,41.5557,59.9835,Human,ACC,ACC,ACC
29.30,24.9822,24.9925,24.9454,24.9655,33.0509,41.3562,59.9944,Human,ACC,ACC,ACC
29.40,25.0485,24.9344,24.9899,25.0066,33.0695,41.5787,59.9750,Human,ACC,ACC,ACC
29.50,24.9888,24.9758,24.9982,24.9999,32.9587,41.5193,59.9391,Human,ACC,ACC,ACC
29.60,24.9975,24.9437,24.9956,24.9743,32.9818,41.4164,60.0041,Human,ACC,ACC,ACC
29.70,24.9836,25.0068,25.0192,25.0269,33.0003,41.5815,60.0179,Human,ACC,ACC,ACC
29.80,24.9851,25.0277,25.0352,25.0341,32.9670,41.4954,59.9355,Human,ACC,ACC,ACC
29.90,25.0417,24.9956,24.9948,25.0248,33.0017,41.4893,60.0211,Human,ACC,ACC,ACC
30.00,24.9590,25.0063,24.9841,24.9889,33.0467,41.3998,60.0164,Human,ACC,ACC,ACC
30.10,24.9471,24.9733,24.9994,25.0267,33.0369,41.4400,60.0952,Human,ACC,ACC,ACC
30.20,25.0270,24.9976,24.9943,24.9751,32.9637,41.6234,60.0393,Human,ACC,ACC,ACC
30.30,25.0059,24.9926,25.0182,25.0526,33.0478,41.5135,60.0506,Human,ACC,ACC,ACC
30.40,24.9881,24.9550,24.9742,24.9563,32.9466,41.4596,59.9017,Human,ACC,ACC,ACC
30.50,24.9470,25.0391,25.0068,24.9544,33.0243,41.4644,60.0377,Human,ACC,ACC,ACC
30.60,24.9950,25.0376,24.9892,24.9797,33.0249,41.4328,60.0352,Human,ACC,ACC,ACC
30.70,24.9564,25.0082,25.0192,25.0355,33.0051,41.5100,60.0231,Human,ACC,ACC,ACC
30.80,24.9927,25.0350,25.0409,25.0198,32.9870,41.5005,60.0529,Human,ACC,ACC,ACC
30.90,24.8988,24.9952,25.0094,24.9885,32.9336,41.4396,59.9619,Human,ACC,ACC,ACC
31.00,24.9592,24.9878,24.9722,25.0433,33.0293,41.4836,60.0960,Human,ACC,ACC,ACC
31.10,24.9376,25.0046,25.0278,25.0319,32.8156,41.4638,59.9776,Human,ACC,ACC,ACC
31.20,24.9123,24.9236,24.9797,24.9863,32.9748,41.5663,59.9906,Human,ACC,ACC,ACC
31.30,24.8558,25.0023,25.0357,24.9855,32.9000,41.5410,60.0776,Human,ACC,ACC,ACC
31.40,24.8331,25.0560,24.9863,24.9630,32.8109,41.5276,60.0148,Human,ACC,ACC,ACC
31.50,24.8549,25.0065,24.9787,25.0237,32.8835,41.4742,60.0145,Human,ACC,ACC,ACC
31.60,24.8125,24.9644,25.0051,25.0231,32.9111,41.4849,59.9414,Human,ACC,ACC,ACC
31.70,24.7862,25.0000,24.9968,25.0847,32.9065,41.4632,60.0042,Human,ACC,ACC,ACC
31.80,24.7608,25.0292,24.9980,24.9962,32.8433,41.5054,60.0373,Human,ACC,ACC,ACC
31.90,24.7793,25.0118,25.0374,25.0098,32.8628,41.5270,59.9303,Human,ACC,ACC,ACC
32.00,24.7140,24.9658,25.0144,25.0174,32.8504,41.5070,59.9683,Human,ACC,ACC,ACC
32.10,24.7472,24.9909,25.0307,25.0454,32.7927,41.3504,60.0035,Human,ACC,ACC,ACC
32.20,24.6823,24.9298,24.9632,24.9568,32.7519,41.3747,60.0248,Human,ACC,ACC,ACC
32.30,24.6960,24.9445,25.0352,25.0174,32.7095,41.4996,59.9873,Human,ACC,ACC,ACC
32.40,24.6695,24.9950,24.9947,24.9938,32.7322,41.4869,59.9846,Human,ACC,ACC,ACC
32.50,24.5893,24.9646,24.9813,24.9988,32.6967,41.5207,59.8853,Human,ACC,ACC,ACC
32.60,24.6026,24.9022,25.0043,24.9725,32.6347,41.4451,59.9430,Human,ACC,ACC,ACC
32.70,24.5264,24.9717,24.9940,25.0228,32.6575,41.5184,59.9463,Human,ACC,ACC,ACC
32.80,24.4386,24.9724,24.9768,25.0181,32.4922,41.5060,59.9663,Human,ACC,ACC,ACC
32.90,24.4562,24.8536,24.9712,25.0059,32.4851,41.3604,59.9904,Human,ACC,ACC,ACC
33.00,24.4608,24.9311,25.0004,24.9568,32.5089,41.4293,59.9906,Human,ACC,ACC,ACC
33.10,24.4196,24.9673,24.9922,24.9924,32.4871,41.4889,60.0671,Human,ACC,ACC,ACC
33.20,24.2897,24.9295,25.0708,25.0202,32.3762,41.4968,59.9117,Human,ACC,ACC,ACC
33.30,24.3368,24.9083,24.9585,25.0385,32.2457,41.3448,60.1052,Human,ACC,ACC,ACC
33.40,24.2216,24.8741,24.9944,25.0245,32.2351,41.4112,59.9551,Human,ACC,ACC,ACC
33.50,24.2300,24.8795,24.9610,24.9590,32.1116,41.2661,60.1038,Human,ACC,ACC,ACC
33.60,24.1774,24.8333,24.9421,24.9592,32.0917,41.3973,59.9197,Human,ACC,ACC,ACC
33.70,24.1181,24.7848,24.9382,24.9475,32.0235,41.3999,59.9843,Human,ACC,ACC,ACC
33.80,24.0947,24.8376,25.0357,24.9510,31.9853,41.3245,60.0026,Human,ACC,ACC,ACC
33.90,24.0246,24.8369,24.9656,24.9854,31.9240,41.3790,60.0034,Human,ACC,ACC,ACC
34.00,24.0513,24.7825,24.9337,24.9549,31.7962,41.2846,60.0094,Human,ACC,ACC,ACC
34.10,23.9644,24.7841,24.9232,24.9639,31.7012,41.2684,60.0173,Human,ACC,ACC,ACC
34.20,23.9240,24.7736,24.9406,25.0110,31.5568,41.2681,60.0147,Human,ACC,ACC,ACC
34.30,23.8782,24.6832,24.9456,25.0036,31.5984,41.2562,59.9757,Human,ACC,ACC,ACC
34.40,23.7963,24.6520,24.9412,25.0123,31.4893,41.2489,59.9301,Human,ACC,ACC,ACC
34.50,23.8128,24.6289,25.0223,24.9544,31.3923,41.2364,59.9697,Human,ACC,ACC,ACC
34.60,23.7454,24.7091,24.9671,24.9910,31.3320,41.2178,59.9369,Human,ACC,ACC,ACC
34.70,23.6328,24.6674,24.9094,24.9089,31.1876,41.2722,59.9188,Human,ACC,ACC,ACC
34.80,23.7029,24.6454,24.9781,24.9551,31.0669,41.1060,59.9667,Human,ACC,ACC,ACC
34.90,23.6121,24.6464,24.9624,24.9795,30.9152,41.1375,59.9809,Human,ACC,ACC,ACC
35.00,23.4816,24.5669,24.8413,24.9265,30.8353,41.0401,59.8618,Human,ACC,ACC,ACC
35.10,23.4696,24.5150,24.8935,24.9715,30.7695,40.9921,59.8976,Human,ACC,ACC,ACC
35.20,23.4737,24.5551,24.8875,25.0079,30.6374,40.9773,59.9626,Human,ACC,ACC,ACC
35.30,23.3411,24.4766,24.9059,24.9310,30.6271,40.8671,59.8716,Human,ACC,ACC,ACC
35.40,23.3045,24.4166,24.8712,25.0135,30.4465,40.8808,59.8761,Human,ACC,ACC,ACC
35.50,23.2385,24.4315,24.8292,24.9260,30.3292,40.9609,59.9516,Human,ACC,ACC,ACC
35.60,23.1720,24.4358,24.9147,24.9706,30.1868,40.8537,59.8639,Human,ACC,ACC,ACC
35.70,23.1354,24.3798,24.8207,24.9755,30.0734,40.7422,59.7819,Human,ACC,ACC,ACC
35.80,23.1134,24.3325,24.8352,24.9289,29.9427,40.8016,59.8961,Human,ACC,ACC,ACC
35.90,23.0402,24.2370,24.7892,24.8981,29.7450,40.6927,59.8131,Human,ACC,ACC,ACC
36.00,22.9957,24.2235,24.7902,24.9485,29.7283,40.5950,59.8759,Human,ACC,ACC,ACC
36.10,22.9050,24.1904,24.7427,24.9509,29.5776,40.6242,59.8588,Human,ACC,ACC,ACC
36.20,22.9465,24.2019,24.7436,24.9656,29.3634,40.5278,59.8744,Human,ACC,ACC,ACC
36.30,22.7977,24.1820,24.7166,24.8310,29.3328,40.5320,59.8025,Human,ACC,ACC,ACC
36.40,22.8705,24.1441,24.6867,24.9117,29.1769,40.4329,59.8157,Human,ACC,ACC,ACC
36.50,22.7325,24.0587,24.6536,24.8778,29.1351,40.4281,59.6883,Human,ACC,ACC,ACC
36.60,22.7012,24.0202,24.7137,24.8918,28.9799,40.2216,59.7166,Human,ACC,ACC,ACC
36.70,22.7060,23.9492,24.6642,24.8225,28.7950,40.2542,59.7171,Human,ACC,ACC,ACC
36.80,22.5466,23.9667,24.6059,24.8859,28.7339,40.1226,59.7205,Human,ACC,ACC,ACC
36.90,22.5313,23.8508,24.6006,24.8440,28.5565,40.0815,59.5942,Human,ACC,ACC,ACC
37.00,22.4677,23.8593,24.6065,24.8309,28.4303,40.0232,59.6680,Human,ACC,ACC,ACC
37.10,22.4048,23.7989,24.5589,24.8672,28.2642,39.9186,59.6213,Human,ACC,ACC,ACC
37.20,22.4616,23.7687,24.5348,24.8188,28.1532,39.8875,59.6683,Human,ACC,ACC,ACC
37.30,22.3067,23.6684,24.4788,24.7989,27.9631,39.8730,59.3964,Human,ACC,ACC,ACC
37.40,22.2704,23.6694,24.4689,24.7910,27.9055,39.6497,59.6135,Human,ACC,ACC,ACC
37.50,22.1981,23.6472,24.4672,24.8361,27.6769,39.6591,59.4317,Human,ACC,ACC,ACC
37.60,22.2104,23.5926,24.4146,24.7886,27.5285,39.5598,59.4906,Human,ACC,ACC,ACC
37.70,22.2201,23.4607,24.4264,24.8021,27.4141,39.5513,59.3960,Human,ACC,ACC,ACC
37.80,22.1047,23.4692,24.3976,24.7143,27.3914,39.2904,59.3272,Human,ACC,ACC,ACC
37.90,22.0582,23.3678,24.3056,24.6979,27.1827,39.1982,59.3597,Human,ACC,ACC,ACC
38.00,21.9956,23.3466,24.3063,24.6550,26.9365,39.1635,59.2691,Human,ACC,ACC,ACC
38.10,22.0158,23.3248,24.2798,24.6685,26.8619,39.0692,59.2446,Human,ACC,ACC,ACC
38.20,21.9080,23.2528,24.2343,24.6080,26.7545,39.0014,59.2274,Human,ACC,ACC,ACC
38.30,21.8900,23.2718,24.1280,24.6695,26.6638,38.9278,59.1645,Human,ACC,ACC,ACC
38.40,21.8358,23.1244,24.1891,24.5809,26.5557,38.7397,59.1522,Human,ACC,ACC,ACC
38.50,21.7875,23.1183,24.1020,24.5821,26.4105,38.6305,58.9985,Human,ACC,ACC,ACC
38.60,21.7449,23.0045,24.1160,24.5438,26.1921,38.5066,59.0522,Human,ACC,ACC,ACC
38.70,21.7280,22.9243,24.0482,24.5444,26.1222,38.4329,58.9971,Human,ACC,ACC,ACC
38.80,21.5821,22.9071,23.9529,24.5089,26.0399,38.4101,58.8908,Human,ACC,ACC,ACC
38.90,21.6707,22.8169,23.9105,24.5412,25.9073,38.2673,58.8186,Human,ACC,ACC,ACC
39.00,21.5894,22.8428,23.9096,24.4429,25.7642,38.0767,58.7985,Human,ACC,ACC,ACC
39.10,21.5472,22.7770,23.8842,24.4425,25.6590,37.9266,58.7084,Human,ACC,ACC,ACC
39.20,21.5152,22.6791,23.7919,24.4736,25.4799,37.9037,58.6556,Human,ACC,ACC,ACC
39.30,21.4794,22.5912,23.7488,24.4070,25.4229,37.7432,58.6053,Human,ACC,ACC,ACC
39.40,21.4655,22.5653,23.6958,24.3551,25.3209,37.6874,58.5755,Human,ACC,ACC,ACC
39.50,21.3617,22.4727,23.6931,24.3084,25.1777,37.6064,58.5717,Human,ACC,ACC,ACC
39.60,21.3935,22.4939,23.6397,24.2918,25.0525,37.4045,58.3853,Human,ACC,ACC,ACC
39.70,21.4174,22.4203,23.5592,24.2808,25.0510,37.2793,58.3033,Human,ACC,ACC,ACC
39.80,21.3352,22.3169,23.5220,24.2193,24.8747,37.2588,58.2380,Human,ACC,ACC,ACC
39.90,21.2341,22.2816,23.4599,24.1761,24.7545,37.0172,58.1935,Human,ACC,ACC,ACC
40.00,21.2172,22.2199,23.4156,24.1572,24.7439,36.9785,58.1422,Human,ACC,ACC,ACC
40.10,21.2073,22.1944,23.3268,24.1107,24.5717,36.8655,58.0755,Human,ACC,ACC,ACC
40.20,21.2582,22.0978,23.2953,24.1133,24.4175,36.6737,58.1044,Human,ACC,ACC,ACC
40.30,21.1830,22.0546,23.2640,24.0744,24.3500,36.6726,57.8911,Human,ACC,ACC,ACC
40.40,21.1050,21.9832,23.1716,23.9695,24.3674,36.5284,57.8371,Human,ACC,ACC,ACC
40.50,21.1259,21.9282,23.1569,23.9357,24.3208,36.3279,57.7551,Human,ACC,ACC,ACC
40.60,21.1366,21.9121,23.0695,23.9263,24.0999,36.2165,57.6664,Human,ACC,ACC,ACC
40.70,21.1650,21.8558,23.0162,23.8788,24.0201,36.1198,57.6792,Human,ACC,ACC,ACC
40.80,21.0697,21.8009,23.0056,23.8133,23.9099,35.9548,57.4682,Human,ACC,ACC,ACC
40.90,21.0759,21.7739,22.9067,23.8010,23.9056,35.9489,57.4647,Human,ACC,ACC,ACC
41.00,21.0368,21.6624,22.8487,23.8166,23.8887,35.7909,57.4598,Human,ACC,ACC,ACC
41.10,21.0430,21.6200,22.7896,23.7017,23.7489,35.6062,57.2502,Human,ACC,ACC,ACC
41.20,21.0634,21.5906,22.8100,23.6677,23.7590,35.5349,57.1190,Human,ACC,ACC,ACC
41.30,21.0769,21.5429,22.7078,23.5718,23.6317,35.4170,57.0337,Human,ACC,ACC,ACC
41.40,21.0208,21.4830,22.6235,23.5037,23.6247,35.2620,57.0423,Human,ACC,ACC,ACC
41.50,21.0435,21.4247,22.5585,23.5132,23.6271,35.2937,56.8558,Human,ACC,ACC,ACC
41.60,21.0041,21.4005,22.4742,23.4447,23.5678,35.0764,56.7869,Human,ACC,ACC,ACC
41.70,21.0149,21.3455,22.4416,23.4066,23.5165,34.9687,56.5914,Human,ACC,ACC,ACC
41.80,20.9777,21.2931,22.4287,23.3427,23.4844,34.9008,56.4950,Human,ACC,ACC,ACC
41.90,21.0464,21.2748,22.3200,23.3479,23.4536,34.7857,56.5560,Human,ACC,ACC,ACC
42.00,20.9560,21.1531,22.2352,23.2616,23.4440,34.6723,56.4807,Human,ACC,ACC,ACC
42.10,20.9902,21.1461,22.2172,23.1588,23.4943,34.5212,56.2631,Human,ACC,ACC,ACC
42.20,21.0149,21.0766,22.1347,23.1589,23.4664,34.4502,56.1649,Human,ACC,ACC,ACC
42.30,20.9653,21.0366,22.0648,23.1188,23.3945,34.3523,56.0799,Human,ACC,ACC,ACC
42.40,21.0177,21.0544,22.0057,23.0429,23.3876,34.2240,55.9130,Human,ACC,ACC,ACC
42.50,20.9724,21.0117,21.9152,23.0509,23.4847,34.1976,55.9588,Human,ACC,ACC,ACC
42.60,20.9855,20.9366,21.9274,22.9915,23.3939,34.0465,55.8082,Human,ACC,ACC,ACC
42.70,21.0103,20.9546,21.8625,22.9437,23.4472,33.8548,55.6926,Human,ACC,ACC,ACC
42.80,21.0374,20.8842,21.8432,22.8578,23.3664,33.8496,55.5370,Human,ACC,ACC,ACC
42.90,21.0026,20.8248,21.7332,22.8219,23.5136,33.7898,55.4631,Human,ACC,ACC,ACC
43.00,20.9606,20.8383,21.6946,22.7524,23.5146,33.6718,55.3227,Human,ACC,ACC,ACC
43.10,20.9338,20.7833,21.6463,22.6665,23.4560,33.5719,55.2549,Human,ACC,ACC,ACC
43.20,21.0027,20.6837,21.5902,22.6146,23.5298,33.5014,55.1429,Human,ACC,ACC,ACC
43.30,21.0261,20.6696,21.5346,22.5723,23.5644,33.4414,55.0868,Human,ACC,ACC,ACC
43.40,21.0242,20.6681,21.4395,22.5915,23.5498,33.2849,54.8774,Human,ACC,ACC,ACC
43.50,20.9751,20.6469,21.3946,22.4383,23.4926,33.3312,54.8471,Human,ACC,ACC,ACC
43.60,21.0357,20.6931,21.3273,22.3619,23.5859,33.1535,54.7378,Human,ACC,ACC,ACC
43.70,21.0352,20.6490,21.3193,22.3931,23.6400,33.1492,54.5716,Human,ACC,ACC,ACC
43.80,20.9740,20.5862,21.2000,22.2606,23.6313,33.1447,54.4600,Human,ACC,ACC,ACC
43.90,21.0294,20.5477,21.2576,22.2502,23.7272,33.0696,54.3103,Human,ACC,ACC,ACC
44.00,20.9808,20.5695,21.1917,22.2074,23.8074,32.9461,54.2884,Human,ACC,ACC,ACC
44.10,20.9635,20.5355,21.1281,22.1231,23.8326,32.8261,54.0800,Human,ACC,ACC,ACC
44.20,20.9768,20.5348,21.0412,22.0501,23.9614,32.8160,54.1295,Human,ACC,ACC,ACC
44.30,20.9886,20.4626,20.9969,22.0320,23.9732,32.7927,54.0036,Human,ACC,ACC,ACC
44.40,21.0345,20.4886,20.8930,21.9866,24.0060,32.8078,53.9016,Human,ACC,ACC,ACC
44.50,21.0269,20.4640,20.9237,21.9040,24.0873,32.6695,53.7532,Human,ACC,ACC,ACC
44.60,20.9715,20.4622,20.8147,21.8021,24.0848,32.6610,53.6983,Human,ACC,ACC,ACC
44.70,21.0308,20.3976,20.7923,21.7717,24.2343,32.6431,53.5734,Human,ACC,ACC,ACC
44.80,20.9602,20.3707,20.7465,21.7718,24.2951,32.5811,53.4872,Human,ACC,ACC,ACC
44.90,20.9311,20.4149,20.6788,21.6764,24.2812,32.5147,53.3156,Human,ACC,ACC,ACC
45.00,21.0203,20.3780,20.6262,21.7118,24.3248,32.4852,53.2279,Human,ACC,ACC,ACC
45.10,20.9742,20.3765,20.6373,21.6473,24.3867,32.4630,53.1435,Human,ACC,ACC,ACC
45.20,20.9863,20.3891,20.5693,21.5878,24.3565,32.4397,53.1630,Human,ACC,ACC,ACC
45.30,20.9771,20.3386,20.6097,21.5134,24.5530,32.4798,52.9793,Human,ACC,ACC,ACC
45.40,21.0033,20.4082,20.5261,21.4297,24.6267,32.3741,52.8632,Human,ACC,ACC,ACC
45.50,21.0220,20.2978,20.5128,21.4413,24.6665,32.3209,52.7954,Human,ACC,ACC,ACC
45.60,20.9828,20.3075,20.4490,21.3572,24.7227,32.4617,52.6661,Human,ACC,ACC,ACC
45.70,20.9707,20.3374,20.3484,21.2962,24.7964,32.3357,52.5831,Human,ACC,ACC,ACC
45.80,20.9879,20.3068,20.3860,21.2254,24.7104,32.3140,52.5777,Human,ACC,ACC,ACC
45.90,21.0177,20.3051,20.3256,21.1751,24.9381,32.3634,52.5549,Human,ACC,ACC,ACC
46.00,20.9645,20.3175,20.2857,21.1726,25.0084,32.2923,52.3367,Human,ACC,ACC,ACC
46.10,21.0319,20.3346,20.3322,21.1172,25.0483,32.4335,52.2174,Human,ACC,ACC,ACC
46.20,20.9674,20.3319,20.2666,21.1161,25.1419,32.4055,52.1386,Human,ACC,ACC,ACC
46.30,21.0003,20.3354,20.2559,21.0610,25.1953,32.2635,52.1018,Human,ACC,ACC,ACC
46.40,21.0151,20.3104,20.2119,21.0043,25.1521,32.3520,52.1019,Human,ACC,ACC,ACC
46.50,21.0297,20.2827,20.2325,20.9533,25.3515,32.3841,51.9459,Human,ACC,ACC,ACC
46.60,21.0296,20.2956,20.1499,20.9773,25.5080,32.4219,51.9132,Human,ACC,ACC,ACC
46.70,20.9907,20.2607,20.1138,20.8676,25.4500,32.3884,51.7350,Human,ACC,ACC,ACC
46.80,21.0647,20.3066,20.1425,20.8088,25.5329,32.3928,51.7621,Human,ACC,ACC,ACC
46.90,21.0106,20.3225,20.1489,20.7807,25.6432,32.4412,51.6150,Human,ACC,ACC,ACC
47.00,21.0181,20.3138,20.0457,20.7647,25.5381,32.4396,51.5871,Human,ACC,ACC,ACC
47.10,20.9921,20.2379,20.0771,20.7462,25.7832,32.3402,51.3854,Human,ACC,ACC,ACC
47.20,20.9868,20.2710,20.0874,20.7037,25.8274,32.4675,51.4271,Human,ACC,ACC,ACC
47.30,21.0305,20.3573,20.0125,20.6868,25.8649,32.5753,51.2817,Human,ACC,ACC,ACC
47.40,20.9928,20.3175,20.0117,20.6302,25.9284,32.6224,51.3213,Human,ACC,ACC,ACC
47.50,21.0334,20.3279,19.9970,20.5908,25.9834,32.6297,51.2645,Human,ACC,ACC,ACC
47.60,21.0102,20.3025,19.9750,20.5674,26.0478,32.6745,51.2249,Human,ACC,ACC,ACC
47.70,20.9830,20.3314,19.9614,20.6000,26.1520,32.7216,51.0767,Human,ACC,ACC,ACC
47.80,21.0399,20.3544,19.9687,20.5776,26.2625,32.7019,51.0332,Human,ACC,ACC,ACC
47.90,21.0097,20.3446,19.9711,20.4941,26.2609,32.8069,50.9989,Human,ACC,ACC,ACC
48.00,21.0423,20.3533,20.0178,20.4326,26.3381,32.7560,50.9358,Human,ACC,ACC,ACC
48.10,21.0208,20.3308,20.0031,20.4244,26.4671,32.9384,50.9917,Human,ACC,ACC,ACC
48.20,20.9983,20.3959,19.9811,20.3772,26.5082,32.9082,50.8608,Human,ACC,ACC,ACC
48.30,20.9896,20.3339,19.9434,20.3848,26.5214,32.8559,50.9033,Human,ACC,ACC,ACC
48.40,20.9895,20.3631,19.9245,20.3438,26.5912,32.9228,50.7567,Human,ACC,ACC,ACC
48.50,21.0159,20.4372,19.8759,20.3422,26.6786,32.9763,50.7470,Human,ACC,ACC,ACC
48.60,20.9875,20.4148,19.9039,20.3218,26.7379,33.1158,50.6445,Human,ACC,ACC,ACC
48.70,20.9688,20.4295,19.9350,20.3029,26.8038,33.0626,50.6462,Human,ACC,ACC,ACC
48.80,21.0111,20.4100,19.8859,20.3082,26.9280,33.1760,50.6116,Human,ACC,ACC,ACC
48.90,21.0086,20.4218,19.9635,20.3104,26.9300,33.1930,50.6508,Human,ACC,ACC,ACC
49.00,20.9672,20.4121,19.9825,20.3011,26.9386,33.2677,50.5526,Human,ACC,ACC,ACC
49.10,20.9778,20.4095,19.9200,20.2292,27.0192,33.2863,50.5008,Human,ACC,ACC,ACC
49.20,20.9525,20.4553,19.9046,20.1945,27.0790,33.3932,50.4719,Human,ACC,ACC,ACC
49.30,21.0275,20.4435,19.9454,20.2374,27.1087,33.4143,50.4367,Human,ACC,ACC,ACC
49.40,21.0244,20.4636,19.9542,20.1824,27.2239,33.4829,50.3343,Human,ACC,ACC,ACC
49.50,21.0524,20.5031,19.9259,20.1968,27.2008,33.4470,50.4639,Human,ACC,ACC,ACC
49.60,21.0214,20.5080,20.0206,20.2284,27.3306,33.4938,50.3663,Human,ACC,ACC,ACC
49.70,20.9838,20.5009,19.9348,20.1862,27.3304,33.5876,50.4143,Human,ACC,ACC,ACC
49.80,21.0045,20.5949,19.9843,20.1084,27.4319,33.6882,50.4129,Human,ACC,ACC,ACC
49.90,20.9798,20.5273,19.9524,20.1385,27.4779,33.7089,50.3195,Human,ACC,ACC,ACC
50.00,20.9890,20.5445,19.9945,20.1320,27.4424,33.8062,50.3681,Human,ACC,ACC,ACC
50.10,21.0236,20.5283,19.9944,20.1124,27.5750,33.8032,50.2898,Human,ACC,ACC,ACC
50.20,20.9764,20.5744,19.9713,20.1476,27.5830,33.9347,50.3130,Human,ACC,ACC,ACC
50.30,21.0215,20.5539,20.0380,20.1130,27.6250,33.8857,50.3050,Human,ACC,ACC,ACC
50.40,21.0393,20.6086,20.0494,20.0915,27.6835,33.9330,50.3588,Human,ACC,ACC,ACC
50.50,20.9686,20.6152,20.1058,20.1515,27.6536,34.0788,50.2528,Human,ACC,ACC,ACC
50.60,21.0374,20.5780,20.0612,20.1418,27.7477,34.0473,50.2269,Human,ACC,ACC,ACC
50.70,21.0127,20.5608,20.1080,20.1814,27.8142,34.1294,50.2310,Human,ACC,ACC,ACC
50.80,20.9655,20.5763,20.1036,20.1228,27.8623,34.2266,50.2504,Human,ACC,ACC,ACC
50.90,20.9289,20.6515,20.1114,20.1296,27.8677,34.3285,50.2297,Human,ACC,ACC,ACC
51.00,21.0634,20.6417,20.0982,20.1491,27.9123,34.3166,50.1659,Human,ACC,ACC,ACC
51.10,20.9688,20.6249,20.1468,20.1323,27.8336,34.3534,50.2757,Human,ACC,ACC,ACC
51.20,20.9865,20.7079,20.1757,20.1765,27.9735,34.3718,50.1999,Human,ACC,ACC,ACC
51.30,21.0159,20.6825,20.2087,20.1559,28.0373,34.4340,50.1532,Human,ACC,ACC,ACC
51.40,21.0557,20.6495,20.1726,20.1199,28.0635,34.5104,50.2526,Human,ACC,ACC,ACC
51.50,20.9897,20.7035,20.2394,20.1467,28.1129,34.6134,50.2638,Human,ACC,ACC,ACC
51.60,21.0002,20.6871,20.1895,20.1369,28.0838,34.4929,50.2542,Human,ACC,ACC,ACC
51.70,21.0018,20.6557,20.2309,20.1797,28.1148,34.7103,50.3069,Human,ACC,ACC,ACC
51.80,20.9803,20.6870,20.2023,20.2423,28.1743,34.7605,50.2457,Human,ACC,ACC,ACC
51.90,20.9597,20.7737,20.2782,20.1828,28.1765,34.6985,50.2403,Human,ACC,ACC,ACC
52.00,20.9653,20.7678,20.3286,20.1737,28.2158,34.8385,50.2265,Human,ACC,ACC,ACC
52.10,20.9910,20.7774,20.3034,20.2703,28.2707,34.9472,50.2043,Human,ACC,ACC,ACC
52.20,20.9829,20.7715,20.2726,20.2821,28.2435,34.8779,50.3287,Human,ACC,ACC,ACC
52.30,20.9781,20.6981,20.3232,20.2245,28.3781,34.9818,50.2869,Human,ACC,ACC,ACC
52.40,21.0575,20.7633,20.3435,20.2563,28.2615,34.9616,50.2969,Human,ACC,ACC,ACC
52.50,21.0476,20.7805,20.3920,20.2643,28.3376,34.9629,50.3848,Human,ACC,ACC,ACC
52.60,20.9911,20.7935,20.3787,20.2318,28.3113,35.0822,50.3318,Human,ACC,ACC,ACC
52.70,21.0364,20.7583,20.4301,20.2989,28.3134,35.0928,50.3344,Human,ACC,ACC,ACC
52.80,20.9972,20.7855,20.4052,20.2957,28.3776,35.1694,50.3228,Human,ACC,ACC,ACC
52.90,21.0223,20.8255,20.4588,20.2764,28.5310,35.2245,50.3143,Human,ACC,ACC,ACC
53.00,21.0070,20.7781,20.4690,20.3096,28.3007,35.2690,50.3857,Human,ACC,ACC,ACC
53.10,20.9875,20.8682,20.4838,20.2326,28.4445,35.1965,50.3166,Human,ACC,ACC,ACC
53.20,21.0012,20.7977,20.5120,20.4042,28.3648,35.4078,50.4815,Human,ACC,ACC,ACC
53.30,20.9844,20.8514,20.4893,20.3527,28.4450,35.4094,50.3262,Human,ACC,ACC,ACC
53.40,21.0193,20.8955,20.4840,20.4021,28.5214,35.3864,50.3908,Human,ACC,ACC,ACC
53.50,20.9721,20.8728,20.5651,20.3894,28.4783,35.3339,50.4513,Human,ACC,ACC,ACC
53.60,20.9718,20.8508,20.5331,20.3797,28.5789,35.4675,50.4862,Human,ACC,ACC,ACC
53.70,21.0344,20.8404,20.5774,20.4130,28.5816,35.3620,50.5823,Human,ACC,ACC,ACC
53.80,21.0167,20.9003,20.6253,20.4228,28.5355,35.4162,50.4804,Human,ACC,ACC,ACC
53.90,21.0257,20.9102,20.6498,20.3649,28.5168,35.5162,50.5321,Human,ACC,ACC,ACC
54.00,21.0385,20.8923,20.6036,20.4065,28.4436,35.6033,50.6197,Human,ACC,ACC,ACC
54.10,20.9439,20.8953,20.6073,20.4643,28.5176,35.6423,50.6142,Human,ACC,ACC,ACC
54.20,20.9558,20.9562,20.6518,20.4560,28.6282,35.6775,50.5008,Human,ACC,ACC,ACC
54.30,20.9787,20.8960,20.6253,20.4611,28.6222,35.5728,50.7054,Human,ACC,ACC,ACC
54.40,21.0002,20.9205,20.6322,20.4836,28.5457,35.5877,50.6618,Human,ACC,ACC,ACC
54.50,20.9732,20.9367,20.7457,20.5244,28.6319,35.6746,50.6312,Human,ACC,ACC,ACC
54.60,20.9906,20.8891,20.6623,20.4692,28.6381,35.7829,50.6074,Human,ACC,ACC,ACC
54.70,21.0218,20.9206,20.7214,20.5152,28.5856,35.6911,50.6577,Human,ACC,ACC,ACC
54.80,21.0027,20.9912,20.7135,20.5378,28.6194,35.6777,50.6950,Human,ACC,ACC,ACC
54.90,20.9758,20.9808,20.7176,20.5281,28.5606,35.7473,50.6861,Human,ACC,ACC,ACC
55.00,20.9584,20.9176,20.7766,20.6533,28.6158,35.8568,50.7988,Human,ACC,ACC,ACC
55.10,20.9701,20.9936,20.7838,20.5572,28.6854,35.8812,50.7215,Human,ACC,ACC,ACC
55.20,20.9917,20.9630,20.7692,20.6621,28.7051,35.8181,50.7657,Human,ACC,ACC,ACC
55.30,20.9428,20.9863,20.8132,20.6007,28.6512,35.7716,50.7424,Human,ACC,ACC,ACC
55.40,21.0045,21.0059,20.8210,20.6445,28.6319,35.8732,50.7850,Human,ACC,ACC,ACC
55.50,21.0208,20.9231,20.8736,20.7140,28.5991,35.8131,50.8102,Human,ACC,ACC,ACC
55.60,21.0294,21.0189,20.7996,20.6558,28.5840,35.8271,50.8228,Human,ACC,ACC,ACC
55.70,20.9756,20.9751,20.8832,20.6488,28.6528,35.8588,50.7572,Human,ACC,ACC,ACC
55.80,20.9961,20.9396,20.8615,20.6890,28.6588,35.9545,50.8438,Human,ACC,ACC,ACC
55.90,20.9789,20.9793,20.9346,20.6633,28.6258,35.8102,50.9272,Human,ACC,ACC,ACC
56.00,20.9685,20.9804,20.9255,20.7758,28.5895,35.9741,50.8704,Human,ACC,ACC,ACC
56.10,21.0100,20.9869,20.8880,20.7577,28.6365,35.9399,50.8276,Human,ACC,ACC,ACC
56.20,20.9727,21.0555,20.9543,20.7407,28.7801,35.8815,50.9404,Human,ACC,ACC,ACC
56.30,21.0194,21.0378,20.9691,20.7198,28.6006,35.9575,51.0209,Human,ACC,ACC,ACC
56.40,21.0354,21.0074,20.9099,20.7670,28.5464,35.9711,50.9937,Human,ACC,ACC,ACC
56.50,20.9936,20.9922,20.8952,20.7480,28.6435,36.0063,50.9484,Human,ACC,ACC,ACC
56.60,21.0436,21.0837,20.9725,20.8240,28.5532,35.9284,50.9820,Human,ACC,ACC,ACC
56.70,20.9845,21.0254,20.9711,20.7680,28.6696,36.0049,51.0990,Human,ACC,ACC,ACC
56.80,20.9703,21.0334,20.9623,20.7804,28.6347,36.0167,51.0449,Human,ACC,ACC,ACC
56.90,21.0116,21.0252,21.0116,20.8238,28.5399,36.0414,50.9952,Human,ACC,ACC,ACC
57.00,20.9910,21.0395,20.9846,20.8153,28.6040,36.1346,51.0045,Human,ACC,ACC,ACC
57.10,20.9879,21.0606,21.0176,20.8852,28.6252,36.0363,51.0880,Human,ACC,ACC,ACC
57.20,20.9492,21.0286,20.9940,20.8628,28.6156,35.9975,51.1962,Human,ACC,ACC,ACC
57.30,20.9864,21.0271,21.0379,20.8738,28.5109,35.9772,51.1855,Human,ACC,ACC,ACC
57.40,20.9650,21.0846,21.0520,20.8618,28.6343,35.9928,51.0809,Human,ACC,ACC,ACC
57.50,21.0249,21.0245,21.0633,20.8829,28.5899,36.1650,51.1646,Human,ACC,ACC,ACC
57.60,20.9759,21.0372,21.0137,20.9053,28.5460,36.0464,51.1225,Human,ACC,ACC,ACC
57.70,21.0053,21.0512,21.0268,20.7997,28.6676,36.0501,51.2304,Human,ACC,ACC,ACC
57.80,21.0028,20.9949,21.0575,20.9531,28.5956,36.1377,51.2012,Human,ACC,ACC,ACC
57.90,21.0082,21.0416,21.0511,20.9247,28.5963,35.9847,51.1724,Human,ACC,ACC,ACC
58.00,20.9835,21.0372,21.0349,20.9736,28.5964,36.0103,51.3305,Human,ACC,ACC,ACC
58.10,20.9995,21.0847,21.0609,20.9492,28.5708,35.9961,51.2678,Human,ACC,ACC,ACC
58.20,20.9949,21.0712,21.0988,20.9630,28.5392,36.0530,51.2257,Human,ACC,ACC,ACC
58.30,20.9798,21.0350,21.1291,20.9560,28.5239,36.1002,51.2466,Human,ACC,ACC,ACC
58.40,20.9913,21.1034,21.1171,20.9887,28.6084,36.0115,51.1820,Human,ACC,ACC,ACC
58.50,20.9880,21.1310,21.1011,20.9972,28.4858,35.9999,51.2552,Human,ACC,ACC,ACC
58.60,20.9949,21.0189,21.0538,21.0009,28.5447,36.0484,51.2129,Human,ACC,ACC,ACC
58.70,21.0118,21.0549,21.0631,20.9530,28.5472,35.9584,51.2513,Human,ACC,ACC,ACC
58.80,20.9902,21.0191,21.1294,21.0383,28.6578,36.0792,51.2773,Human,ACC,ACC,ACC
58.90,21.0849,21.0898,21.0885,20.9847,28.6128,36.0823,51.3496,Human,ACC,ACC,ACC
59.00,20.8964,21.0461,21.1047,21.0468,28.5902,35.9946,51.3083,Human,ACC,ACC,ACC
59.10,21.0183,21.0821,21.1199,21.0443,28.4674,36.0314,51.2609,Human,ACC,ACC,ACC
59.20,21.0434,21.0329,21.1030,20.9893,28.4788,36.0201,51.3071,Human,ACC,ACC,ACC
59.30,21.0486,21.1041,21.1423,21.0013,28.5148,36.0831,51.2915,Human,ACC,ACC,ACC
59.40,21.0052,21.0584,21.1250,21.0376,28.5611,35.9521,51.3021,Human,ACC,ACC,ACC
59.50,21.0156,21.0538,21.1509,21.0563,28.4956,36.0318,51.3209,Human,ACC,ACC,ACC
59.60,20.9912,21.0625,21.1144,21.0791,28.4413,35.9524,51.3281,Human,ACC,ACC,ACC
59.70,20.9919,21.0747,21.1181,21.0154,28.4806,35.9324,51.3585,Human,ACC,ACC,ACC
59.80,21.0272,21.0342,21.1523,21.0777,28.4823,35.9407,51.4357,Human,ACC,ACC,ACC
59.90,20.9503,21.0375,21.1184,21.0454,28.4242,35.9163,51.4865,Human,ACC,ACC,ACC
60.00,20.9645,21.0880,21.1283,21.0863,28.5267,35.9515,51.4323,Human,ACC,ACC,ACC
60.10,20.9871,21.0748,21.1145,21.0785,28.4619,35.9154,51.4305,Human,ACC,ACC,ACC
60.20,21.0175,21.0668,21.1246,21.0510,28.4535,35.9978,51.3102,Human,ACC,ACC,ACC
60.30,21.0050,21.0755,21.1317,21.0646,28.4721,35.9347,51.3733,Human,ACC,ACC,ACC
60.40,21.0163,21.1393,21.1314,21.1016,28.4038,35.8986,51.3466,Human,ACC,ACC,ACC
60.50,21.0113,20.9875,21.1450,21.0740,28.3901,35.9503,51.3416,Human,ACC,ACC,ACC
60.60,21.0415,21.0565,21.1187,21.0921,28.3936,35.7852,51.3932,Human,ACC,ACC,ACC
60.70,21.0050,21.0469,21.1410,21.0614,28.4256,35.8931,51.4283,Human,ACC,ACC,ACC
60.80,20.9932,21.0865,21.2020,21.1263,28.3437,35.9162,51.3849,Human,ACC,ACC,ACC
60.90,21.0082,21.0982,21.1738,21.1579,28.4388,35.8903,51.4145,Human,ACC,ACC,ACC
61.00,21.0325,21.0586,21.1511,21.1161,28.4614,35.8518,51.4883,Human,ACC,ACC,ACC
61.10,21.0091,21.0676,21.1198,21.0502,28.3862,35.8635,51.4903,Human,ACC,ACC,ACC
61.20,20.9798,21.0002,21.1452,21.1158,28.3967,35.8549,51.4372,Human,ACC,ACC,ACC
61.30,20.9497,21.0809,21.1689,21.1207,28.3794,35.8513,51.4294,Human,ACC,ACC,ACC
61.40,21.0500,21.1158,21.1063,21.1510,28.3109,35.7092,51.4425,Human,ACC,ACC,ACC
61.50,21.0132,21.0715,21.1701,21.1002,28.3447,35.8911,51.4727,Human,ACC,ACC,ACC
61.60,20.9822,21.0334,21.1188,21.1205,28.4080,35.9090,51.4468,Human,ACC,ACC,ACC
61.70,20.9564,21.0261,21.1580,21.1229,28.3032,35.8547,51.4241,Human,ACC,ACC,ACC
61.80,21.0115,21.0000,21.1164,21.1097,28.3268,35.8775,51.4830,Human,ACC,ACC,ACC
61.90,21.0010,21.0383,21.1670,21.1259,28.3888,35.7298,51.4584,Human,ACC,ACC,ACC
62.00,21.0005,21.0554,21.1592,21.1146,28.3843,35.7248,51.4676,Human,ACC,ACC,ACC
62.10,21.0344,21.0680,21.1415,21.1309,28.3432,35.6654,51.5383,Human,ACC,ACC,ACC
62.20,21.0184,21.0838,21.1641,21.1418,28.2821,35.7655,51.5431,Human,ACC,ACC,ACC
62.30,21.0325,21.0560,21.1720,21.1304,28.2235,35.7874,51.4372,Human,ACC,ACC,ACC
62.40,20.9487,21.0917,21.1364,21.0966,28.3108,35.7151,51.5280,Human,ACC,ACC,ACC
62.50,21.0112,21.0242,21.1947,21.1470,28.2489,35.7660,51.4869,Human,ACC,ACC,ACC
62.60,20.9776,21.0663,21.1183,21.1899,28.2974,35.7262,51.4465,Human,ACC,ACC,ACC
62.70,21.0019,20.9818,21.1307,21.1221,28.3511,35.7545,51.4553,Human,ACC,ACC,ACC
62.80,21.0312,20.9842,21.1399,21.1828,28.2443,35.7319,51.4856,Human,ACC,ACC,ACC
62.90,20.9980,21.0830,21.1084,21.2030,28.2974,35.7880,51.3628,Human,ACC,ACC,ACC
63.00,21.0812,21.0417,21.1569,21.1482,28.4252,35.6993,51.4006,Human,ACC,ACC,ACC
63.10,21.0646,21.0683,21.1066,21.0785,28.2160,35.7443,51.4853,Human,ACC,ACC,ACC
63.20,21.1588,21.0363,21.1019,21.1419,28.2968,35.6910,51.4640,Human,ACC,ACC,ACC
63.30,21.0679,21.0061,21.1033,21.1157,28.2924,35.7439,51.4856,Human,ACC,ACC,ACC
63.40,21.1350,21.0806,21.1022,21.1455,28.3153,35.5972,51.5215,Human,ACC,ACC,ACC
63.50,21.1703,21.0149,21.1214,21.1018,28.3070,35.6206,51.5160,Human,ACC,ACC,ACC
63.60,21.2048,21.0618,21.1132,21.0891,28.3673,35.5651,51.3668,Human,ACC,ACC,ACC
63.70,21.1983,21.0261,21.1319,21.1249,28.3360,35.5966,51.4405,Human,ACC,ACC,ACC
63.80,21.1936,21.0783,21.1305,21.1098,28.5024,35.8026,51.4443,Human,ACC,ACC,ACC
63.90,21.2772,21.0433,21.0977,21.1303,28.4296,35.6925,51.4386,Human,ACC,ACC,ACC
64.00,21.2454,21.0411,21.1002,21.1715,28.3359,35.6965,51.4337,Human,ACC,ACC,ACC
64.10,21.3397,21.0492,21.1515,21.1232,28.4550,35.6733,51.4001,Human,ACC,ACC,ACC
64.20,21.3341,21.0865,21.1101,21.1957,28.5418,35.6373,51.4496,Human,ACC,ACC,ACC
64.30,21.3590,21.0275,21.1388,21.1097,28.4633,35.6652,51.4868,Human,ACC,ACC,ACC
64.40,21.3728,20.9778,21.1279,21.1453,28.4872,35.6556,51.4122,Human,ACC,ACC,ACC
64.50,21.4373,21.1014,21.1470,21.1181,28.4863,35.6071,51.4621,Human,ACC,ACC,ACC
64.60,21.4738,21.0549,21.0841,21.1498,28.6111,35.6756,51.3956,Human,ACC,ACC,ACC
64.70,21.4909,21.0430,21.1042,21.1112,28.6065,35.6238,51.4581,Human,ACC,ACC,ACC
64.80,21.4892,21.1025,21.0799,21.0682,28.6569,35.5720,51.3471,Human,ACC,ACC,ACC
64.90,21.5159,21.1496,21.0454,21.1206,28.7656,35.6733,51.3891,Human,ACC,ACC,ACC
65.00,21.6041,21.1235,21.0531,21.1028,28.8275,35.6176,51.4429,Human,ACC,ACC,ACC
65.10,21.6275,21.1368,21.0697,21.0761,28.8662,35.5987,51.3791,Human,ACC,ACC,ACC
65.20,21.6918,21.1552,21.0995,21.0913,28.7685,35.6409,51.4384,Human,ACC,ACC,ACC
65.30,21.7133,21.1353,21.1131,21.0707,28.9543,35.6599,51.4191,Human,ACC,ACC,ACC
65.40,21.7448,21.1381,21.0545,21.1132,29.0270,35.5831,51.4314,Human,ACC,ACC,ACC
65.50,21.7835,21.1421,21.0997,21.0628,29.0566,35.6346,51.4967,Human,ACC,ACC,ACC
65.60,21.8228,21.1799,21.0966,21.1363,29.1171,35.7156,51.4534,Human,ACC,ACC,ACC
65.70,21.8312,21.1350,21.0959,21.1164,29.1534,35.7536,51.4626,Human,ACC,ACC,ACC
65.80,21.9743,21.2129,21.0634,21.1257,29.2335,35.6604,51.3537,Human,ACC,ACC,ACC
65.90,21.9296,21.1649,21.1692,21.1102,29.2981,35.6656,51.4151,Human,ACC,ACC,ACC
66.00,22.0214,21.2424,21.1469,21.1079,29.3604,35.7188,51.3997,Human,ACC,ACC,ACC
66.10,22.0822,21.2116,21.0528,21.1412,29.3812,35.6787,51.3582,Human,ACC,ACC,ACC
66.20,22.1363,21.2756,21.1038,21.1025,29.4784,35.7070,51.4490,Human,ACC,ACC,ACC
66.30,22.1183,21.3253,21.1196,21.1120,29.5708,35.6363,51.3951,Human,ACC,ACC,ACC
66.40,22.1978,21.3304,21.1183,21.1186,29.8644,35.7260,51.4174,Human,ACC,ACC,ACC
66.50,22.1996,21.3350,21.1725,21.0803,29.7838,35.8192,51.4770,Human,ACC,ACC,ACC
66.60,22.2794,21.3682,21.1399,21.1144,29.8894,35.8577,51.3516,Human,ACC,ACC,ACC
66.70,22.2839,21.3793,21.0805,21.0709,30.0034,35.7585,51.4173,Human,ACC,ACC,ACC
66.80,22.3984,21.3792,21.1456,21.1902,30.0603,35.8601,51.3539,Human,ACC,ACC,ACC
66.90,22.4553,21.4345,21.1004,21.0769,30.2033,35.8814,51.3844,Human,ACC,ACC,ACC
67.00,22.4505,21.4227,21.1010,21.0770,30.2546,35.8457,51.3966,Human,ACC,ACC,ACC
67.10,22.5268,21.4354,21.0984,21.0569,30.4207,35.9301,51.4284,Human,ACC,ACC,ACC
67.20,22.5978,21.4951,21.1795,21.1302,30.5722,35.9541,51.4400,Human,ACC,ACC,ACC
67.30,22.6253,21.5423,21.1140,21.1688,30.6604,36.0316,51.4500,Human,ACC,ACC,ACC
67.40,22.7230,21.5456,21.1315,21.1135,30.7352,36.1401,51.4329,Human,ACC,ACC,ACC
67.50,22.6828,21.5596,21.1987,21.1065,30.8264,36.1127,51.5256,Human,ACC,ACC,ACC
67.60,22.7762,21.6434,21.1557,21.1152,31.0335,36.1264,51.4930,Human,ACC,ACC,ACC
67.70,22.8281,21.6224,21.2121,21.0798,31.1061,36.1725,51.4924,Human,ACC,ACC,ACC
67.80,22.9524,21.6643,21.2700,21.0800,31.2326,36.2218,51.5555,Human,ACC,ACC,ACC
67.90,22.9658,21.6808,21.1830,21.1212,31.3048,36.3330,51.5845,Human,ACC,ACC,ACC
68.00,23.0203,21.7145,21.2725,21.0966,31.5538,36.3272,51.4812,Human,ACC,ACC,ACC
68.10,23.0563,21.8010,21.2694,21.0712,31.4930,36.3633,51.6250,Human,ACC,ACC,ACC
68.20,23.1532,21.8443,21.2543,21.0994,31.6216,36.3436,51.5577,Human,ACC,ACC,ACC
68.30,23.1061,21.8255,21.2997,21.1254,31.8596,36.3868,51.5270,Human,ACC,ACC,ACC
68.40,23.1751,21.8903,21.3475,21.1318,31.9754,36.4617,51.5934,Human,ACC,ACC,ACC
68.50,23.2435,21.9873,21.3326,21.1496,32.0226,36.6562,51.5719,Human,ACC,ACC,ACC
68.60,23.2946,21.9418,21.3026,21.1410,32.1861,36.5827,51.5622,Human,ACC,ACC,ACC
68.70,23.3579,22.0416,21.3743,21.1698,32.3492,36.7230,51.5684,Human,ACC,ACC,ACC
68.80,23.4224,22.0441,21.3140,21.1558,32.4771,36.8417,51.5726,Human,ACC,ACC,ACC
68.90,23.4383,22.0990,21.3923,21.1431,32.6117,36.8917,51.6385,Human,ACC,ACC,ACC
69.00,23.4843,22.1606,21.4269,21.1703,32.8007,37.0195,51.6445,Human,ACC,ACC,ACC
69.10,23.5830,22.2029,21.4167,21.2014,32.9037,36.8693,51.6689,Human,ACC,ACC,ACC
69.20,23.6745,22.2360,21.5071,21.2524,33.0625,37.0377,51.7784,Human,ACC,ACC,ACC
69.30,23.7126,22.2790,21.5585,21.2262,33.0707,37.2411,51.7125,Human,ACC,ACC,ACC
69.40,23.7091,22.3449,21.5429,21.2366,33.2503,37.2306,51.7533,Human,ACC,ACC,ACC
69.50,23.7601,22.4393,21.5311,21.2168,33.3871,37.2694,51.7701,Human,ACC,ACC,ACC
69.60,23.8373,22.4715,21.6145,21.2297,33.6219,37.4449,51.8949,Human,ACC,ACC,ACC
69.70,23.8935,22.5151,21.6645,21.2390,33.6799,37.4945,51.8435,Human,ACC,ACC,ACC
69.80,23.9145,22.5432,21.5948,21.2703,33.8535,37.6254,51.9827,Human,ACC,ACC,ACC
69.90,23.9881,22.5889,21.6528,21.3340,34.0169,37.7023,51.9984,Human,ACC,ACC,ACC
70.00,24.0297,22.6846,21.6838,21.3231,34.0772,37.7219,52.0013,Human,ACC,ACC,ACC
70.10,24.0759,22.6880,21.7190,21.3675,34.2589,37.8895,52.0536,Human,ACC,ACC,ACC
70.20,24.1361,22.7262,21.6986,21.3177,34.3670,37.9754,52.0666,Human,ACC,ACC,ACC
70.30,24.1024,22.8102,21.8311,21.3763,34.5487,38.1297,52.0958,Human,ACC,ACC,ACC
70.40,24.1546,22.8730,21.8209,21.3996,34.6607,38.0599,52.1953,Human,ACC,ACC,ACC
70.50,24.1983,23.0032,21.9123,21.3971,34.6988,38.2817,52.3067,Human,ACC,ACC,ACC
70.60,24.2287,22.9644,21.8775,21.4223,34.8898,38.3088,52.3078,Human,ACC,ACC,ACC
70.70,24.2767,23.0593,21.9541,21.4435,35.0057,38.4858,52.2678,Human,ACC,ACC,ACC
70.80,24.2980,23.0529,22.0060,21.4846,35.1962,38.6402,52.3207,Human,ACC,ACC,ACC
70.90,24.4107,23.1250,22.0818,21.5235,35.3392,38.6647,52.4133,Human,ACC,ACC,ACC
71.00,24.4141,23.1396,22.0543,21.5637,35.3745,38.8550,52.4002,Human,ACC,ACC,ACC
71.10,24.4927,23.2622,22.1597,21.5558,35.5042,39.0052,52.4334,Human,ACC,ACC,ACC
71.20,24.4751,23.2924,22.2109,21.6058,35.5858,39.0724,52.5339,Human,ACC,ACC,ACC
71.30,24.5138,23.3588,22.2441,21.6336,35.7393,39.1501,52.7131,Human,ACC,ACC,ACC
71.40,24.5293,23.4766,22.2818,21.6535,35.8231,39.2583,52.6764,Human,ACC,ACC,ACC
71.50,24.6310,23.5123,22.3189,21.6995,35.9395,39.3856,52.7552,Human,ACC,ACC,ACC
71.60,24.5859,23.5189,22.3021,21.7512,36.0502,39.5597,52.7384,Human,ACC,ACC,ACC
71.70,24.5913,23.6150,22.3941,21.7173,36.1952,39.6377,53.0213,Human,ACC,ACC,ACC
71.80,24.6715,23.6589,22.4874,21.8329,36.2188,39.7529,53.0562,Human,ACC,ACC,ACC
71.90,24.7160,23.7336,22.5018,21.8350,36.3778,39.9117,53.0105,Human,ACC,ACC,ACC
72.00,24.7366,23.7494,22.5684,21.8466,36.4344,39.9959,53.0267,Human,ACC,ACC,ACC
72.10,24.7634,23.8312,22.6082,21.8620,36.6056,40.0205,53.1809,Human,ACC,ACC,ACC
72.20,24.8044,23.8239,22.6578,21.9674,36.5727,40.2067,53.2835,Human,ACC,ACC,ACC
72.30,24.7240,23.9094,22.7506,21.9088,36.8085,40.3177,53.2837,Human,ACC,ACC,ACC
72.40,24.9050,23.9075,22.8273,22.0434,36.8472,40.5912,53.3707,Human,ACC,ACC,ACC
72.50,24.8752,24.0332,22.8498,22.0090,36.9502,40.5385,53.4291,Human,ACC,ACC,ACC
72.60,24.8914,24.0605,22.8863,22.1060,37.0605,40.6648,53.4936,Human,ACC,ACC,ACC
72.70,24.8519,24.1370,22.9554,22.0768,37.0779,40.7975,53.6251,Human,ACC,ACC,ACC
72.80,24.9370,24.2115,22.9614,22.1574,37.1531,40.9251,53.6630,Human,ACC,ACC,ACC
72.90,24.8944,24.2343,23.0662,22.1801,37.3074,41.0584,53.7704,Human,ACC,ACC,ACC
73.00,24.9608,24.2851,23.1507,22.2435,37.3245,41.1704,53.7946,Human,ACC,ACC,ACC
73.10,24.9704,24.3417,23.1639,22.2544,37.3616,41.3734,53.9866,Human,ACC,ACC,ACC
73.20,24.9736,24.4370,23.3008,22.3726,37.4862,41.3748,53.9767,Human,ACC,ACC,ACC
73.30,24.9740,24.4528,23.3074,22.3787,37.4452,41.5927,54.0920,Human,ACC,ACC,ACC
73.40,25.0193,24.5371,23.3295,22.4053,37.4890,41.6963,54.2217,Human,ACC,ACC,ACC
73.50,25.0239,24.5668,23.4067,22.5087,37.5634,41.7749,54.3321,Human,ACC,ACC,ACC
73.60,24.9774,24.5972,23.4591,22.4620,37.5986,41.8824,54.3866,Human,ACC,ACC,ACC
73.70,25.0198,24.6165,23.5153,22.5470,37.6478,42.0152,54.4651,Human,ACC,ACC,ACC
73.80,25.0191,24.6971,23.5924,22.5679,37.6712,42.0366,54.6522,Human,ACC,ACC,ACC
73.90,24.9967,24.7002,23.6608,22.6790,37.7403,42.2509,54.7644,Human,ACC,ACC,ACC
74.00,24.9995,24.8503,23.7271,22.7361,37.7840,42.3482,54.7728,Human,ACC,ACC,ACC
74.10,25.0043,24.8267,23.8000,22.8021,37.7985,42.3736,55.0280,Human,ACC,ACC,ACC
74.20,24.9610,24.9066,23.8461,22.8491,37.7808,42.5542,54.9504,Human,ACC,ACC,ACC
74.30,25.0140,24.8791,23.8551,22.9269,37.8304,42.6867,55.0350,Human,ACC,ACC,ACC
74.40,25.0076,24.9143,23.9603,22.9135,37.7553,42.7063,55.1832,Human,ACC,ACC,ACC
74.50,24.9447,24.9274,23.9611,22.9853,37.8546,42.9377,55.2652,Human,ACC,ACC,ACC
74.60,24.9986,25.0268,24.0768,23.0482,37.8364,42.9139,55.4905,Human,ACC,ACC,ACC
74.70,24.9369,25.0623,24.1023,23.0467,37.6561,43.0008,55.5869,Human,ACC,ACC,ACC
74.80,24.9836,25.1036,24.1777,23.0938,37.7316,43.1753,55.6050,Human,ACC,ACC,ACC
74.90,24.9855,25.2026,24.2123,23.1410,37.8141,43.2360,55.7146,Human,ACC,ACC,ACC
75.00,25.0083,25.1937,24.3157,23.2124,37.7031,43.2869,55.8990,Human,ACC,ACC,ACC
75.10,25.0299,25.1848,24.3251,23.2823,37.7216,43.3483,56.1129,Human,ACC,ACC,ACC
75.20,24.9967,25.2612,24.4348,23.3547,37.6206,43.4538,56.0798,Human,ACC,ACC,ACC
75.30,25.0280,25.2724,24.4994,23.3682,37.6217,43.5455,56.1377,Human,ACC,ACC,ACC
75.40,24.9528,25.3223,24.4867,23.4564,37.5715,43.6473,56.2081,Human,ACC,ACC,ACC
75.50,24.9971,25.3124,24.5701,23.5624,37.5765,43.7619,56.3153,Human,ACC,ACC,ACC
75.60,24.9241,25.3803,24.7072,23.5766,37.6104,43.8323,56.5273,Human,ACC,ACC,ACC
75.70,24.9994,25.4013,24.7472,23.5955,37.5669,43.8315,56.5135,Human,ACC,ACC,ACC
75.80,25.0026,25.3985,24.7624,23.6911,37.5115,43.9327,56.6642,Human,ACC,ACC,ACC
75.90,25.0198,25.4149,24.7996,23.7214,37.4132,44.0182,56.7427,Human,ACC,ACC,ACC
76.00,24.9801,25.4456,24.8456,23.7614,37.4408,44.0121,56.8165,Human,ACC,ACC,ACC
76.10,25.0471,25.4671,24.8593,23.8846,37.4533,44.1252,57.0331,Human,ACC,ACC,ACC
76.20,24.9776,25.5066,24.9504,23.9138,37.2535,44.1436,57.1245,Human,ACC,ACC,ACC
76.30,25.0051,25.4932,25.0013,24.0218,37.2368,44.2851,57.1134,Human,ACC,ACC,ACC
76.40,24.9329,25.5305,25.0614,23.9835,37.2572,44.1572,57.2396,Human,ACC,ACC,ACC
76.50,24.9589,25.6104,25.0845,24.1315,37.1039,44.3267,57.3850,Human,ACC,ACC,ACC
76.60,25.0161,25.5640,25.1563,24.1418,37.0788,44.2958,57.4487,Human,ACC,ACC,ACC
76.70,25.0354,25.5898,25.1918,24.1814,37.0103,44.3321,57.6079,Human,ACC,ACC,ACC
76.80,25.0406,25.6153,25.2017,24.2099,36.9775,44.2983,57.6919,Human,ACC,ACC,ACC
76.90,25.0099,25.5852,25.2638,24.2528,36.9971,44.4288,57.8200,Human,ACC,ACC,ACC
77.00,24.9922,25.6288,25.3471,24.3338,36.8388,44.4490,57.9184,Human,ACC,ACC,ACC
77.10,25.0622,25.6251,25.4542,24.4151,36.7447,44.5030,57.9362,Human,ACC,ACC,ACC
77.20,25.0149,25.6228,25.3137,24.4313,36.7654,44.4575,58.1487,Human,ACC,ACC,ACC
77.30,25.0053,25.7049,25.3960,24.5435,36.7348,44.4772,58.2452,Human,ACC,ACC,ACC
77.40,24.9925,25.6775,25.3989,24.5403,36.5982,44.6359,58.2790,Human,ACC,ACC,ACC
77.50,24.9897,25.6841,25.5145,24.5510,36.5382,44.5795,58.4616,Human,ACC,ACC,ACC
77.60,25.0284,25.6914,25.5651,24.6640,36.3885,44.6460,58.4951,Human,ACC,ACC,ACC
77.70,25.0330,25.6760,25.5407,24.6400,36.3934,44.6065,58.6277,Human,ACC,ACC,ACC
77.80,25.0405,25.7034,25.6176,24.7156,36.3911,44.7113,58.6381,Human,ACC,ACC,ACC
77.90,25.0009,25.6874,25.6363,24.7539,36.1867,44.6041,58.7483,Human,ACC,ACC,ACC
78.00,25.0649,25.6974,25.6589,24.7813,36.1904,44.6955,58.9583,Human,ACC,ACC,ACC
78.10,24.9782,25.7153,25.7293,24.8586,36.1621,44.5451,58.9811,Human,ACC,ACC,ACC
78.20,25.0016,25.6870,25.7016,24.9480,36.0413,44.6339,59.0545,Human,ACC,ACC,ACC
78.30,25.0112,25.7723,25.7392,24.9479,36.0222,44.6231,59.1086,Human,ACC,ACC,ACC
78.40,25.0265,25.6918,25.7461,24.9657,35.9718,44.6503,59.2779,Human,ACC,ACC,ACC
78.50,25.0030,25.7099,25.8096,25.0655,35.7142,44.5696,59.2236,Human,ACC,ACC,ACC
78.60,25.0298,25.7092,25.8366,25.0681,35.8352,44.6073,59.3722,Human,ACC,ACC,ACC
78.70,25.0165,25.7264,25.8599,25.1285,35.6526,44.5705,59.4371,Human,ACC,ACC,ACC
78.80,24.9903,25.6552,25.8490,25.1764,35.6516,44.5444,59.4918,Human,ACC,ACC,ACC
78.90,25.0134,25.7434,25.9006,25.2169,35.6669,44.4397,59.6293,Human,ACC,ACC,ACC
79.00,25.0397,25.7232,25.8993,25.2218,35.5289,44.4809,59.6527,Human,ACC,ACC,ACC
79.10,25.0039,25.6609,25.9492,25.2935,35.4478,44.5607,59.6476,Human,ACC,ACC,ACC
79.20,24.9856,25.7463,25.9426,25.2912,35.4253,44.4295,59.7701,Human,ACC,ACC,ACC
79.30,24.9929,25.6621,25.9790,25.3313,35.3432,44.4434,59.8507,Human,ACC,ACC,ACC
79.40,25.0498,25.6973,25.9965,25.3564,35.2104,44.4714,59.8561,Human,ACC,ACC,ACC
79.50,24.9576,25.6717,25.9678,25.4230,35.1374,44.3814,59.9395,Human,ACC,ACC,ACC
79.60,24.9991,25.7192,26.0271,25.4498,35.0635,44.3944,59.9949,Human,ACC,ACC,ACC
79.70,25.0069,25.6700,26.0352,25.4816,35.0690,44.2455,59.9924,Human,ACC,ACC,ACC
79.80,24.9787,25.6726,26.1038,25.4794,34.9594,44.2345,60.1068,Human,ACC,ACC,ACC
79.90,24.9923,25.6308,25.9902,25.5449,34.9353,44.3024,60.2402,Human,ACC,ACC,ACC
80.00,25.0018,25.6540,26.0964,25.6106,34.8817,44.1725,60.2458,Human,ACC,ACC,ACC
80.10,24.9733,25.6697,26.0662,25.5723,34.7521,44.1946,60.2152,Human,ACC,ACC,ACC
80.20,25.0144,25.6302,26.1006,25.6027,34.7821,44.1466,60.3014,Human,ACC,ACC,ACC
80.30,25.0104,25.6608,26.0841,25.6209,34.5842,44.0973,60.3354,Human,ACC,ACC,ACC
80.40,25.0099,25.6683,26.0759,25.6262,34.6028,44.0036,60.3787,Human,ACC,ACC,ACC
80.50,24.9744,25.5972,26.0316,25.6529,34.5602,44.0682,60.3849,Human,ACC,ACC,ACC
80.60,25.0078,25.5377,26.0651,25.6888,34.4591,43.9677,60.4809,Human,ACC,ACC,ACC
80.70,25.0051,25.5621,26.1032,25.6670,34.3874,44.0095,60.4852,Human,ACC,ACC,ACC
80.80,24.9632,25.5496,26.0643,25.7350,34.3688,43.8290,60.5592,Human,ACC,ACC,ACC
80.90,25.0350,25.5793,26.0278,25.7023,34.1787,43.8491,60.5885,Human,ACC,ACC,ACC
81.00,24.9731,25.5586,26.0083,25.7409,34.1879,43.8385,60.6185,Human,ACC,ACC,ACC
81.10,25.0194,25.5502,26.0724,25.7239,34.1496,43.6630,60.7172,Human,ACC,ACC,ACC
81.20,24.9564,25.5261,26.0896,25.7964,34.1268,43.6391,60.6275,Human,ACC,ACC,ACC
81.30,24.9863,25.5717,26.0407,25.8234,34.0261,43.6206,60.7207,Human,ACC,ACC,ACC
81.40,25.0145,25.5123,26.0691,25.7663,33.9176,43.5080,60.7595,Human,ACC,ACC,ACC
81.50,24.9719,25.4726,26.0471,25.7985,34.1003,43.4619,60.6617,Human,ACC,ACC,ACC
81.60,24.9977,25.4939,26.0758,25.7970,33.9533,43.4231,60.7299,Human,ACC,ACC,ACC
81.70,24.9783,25.5335,26.0680,25.8285,33.8931,43.3826,60.7693,Human,ACC,ACC,ACC
81.80,24.9478,25.4681,26.0357,25.8266,33.7502,43.3351,60.8417,Human,ACC,ACC,ACC
81.90,25.0466,25.4349,26.0291,25.8141,33.6788,43.3373,60.7923,Human,ACC,ACC,ACC
82.00,25.0397,25.4634,26.0304,25.8194,33.7906,43.2513,60.8632,Human,ACC,ACC,ACC
82.10,24.9577,25.4221,25.9715,25.8131,33.6913,43.1516,60.8846,Human,ACC,ACC,ACC
82.20,25.0360,25.4853,25.9875,25.8170,33.7119,43.0993,60.9426,Human,ACC,ACC,ACC
82.30,24.9964,25.4142,26.0120,25.8609,33.5407,43.0735,60.9623,Human,ACC,ACC,ACC
82.40,25.0147,25.4125,25.8967,25.8308,33.4825,43.0379,60.8176,Human,ACC,ACC,ACC
82.50,24.9665,25.4253,25.9480,25.8316,33.4433,42.9471,60.9789,Human,ACC,ACC,ACC
82.60,24.9883,25.4508,25.9040,25.8290,33.4956,42.8693,60.9365,Human,ACC,ACC,ACC
82.70,24.9931,25.3725,25.9071,25.8727,33.4292,42.7840,60.9712,Human,ACC,ACC,ACC
82.80,25.0520,25.3298,25.9062,25.8574,33.4486,42.8719,60.9261,Human,ACC,ACC,ACC
82.90,24.9975,25.3673,25.8829,25.8849,33.3228,42.7107,60.9354,Human,ACC,ACC,ACC
83.00,24.9860,25.3589,25.8791,25.8560,33.2940,42.7398,60.9675,Human,ACC,ACC,ACC
83.10,24.9949,25.3825,25.8645,25.8553,33.2243,42.6953,61.0094,Human,ACC,ACC,ACC
83.20,24.9985,25.3123,25.8253,25.8152,33.2054,42.5909,60.9612,Human,ACC,ACC,ACC
83.30,25.0058,25.3109,25.8034,25.8498,33.1200,42.5595,60.9998,Human,ACC,ACC,ACC
83.40,25.0158,25.2695,25.8707,25.8390,33.2669,42.5124,60.9506,Human,ACC,ACC,ACC
83.50,24.9968,25.3444,25.8066,25.8146,33.1304,42.4838,61.0024,Human,ACC,ACC,ACC
83.60,25.0658,25.2703,25.7859,25.8523,33.0642,42.4140,60.9920,Human,ACC,ACC,ACC
83.70,24.9679,25.2897,25.7845,25.8925,32.9770,42.4247,60.9444,Human,ACC,ACC,ACC
83.80,24.9732,25.2816,25.7765,25.8160,33.0922,42.3061,60.9376,Human,ACC,ACC,ACC
83.90,24.9639,25.2857,25.7437,25.8194,33.0171,42.2758,60.9872,Human,ACC,ACC,ACC
84.00,25.0339,25.2943,25.7362,25.8074,32.9808,42.1591,60.9019,Human,ACC,ACC,ACC
84.10,24.9670,25.2505,25.7140,25.7776,32.9193,42.2075,60.8811,Human,ACC,ACC,ACC
84.20,25.0029,25.2205,25.7367,25.8453,33.0192,42.1312,60.9161,Human,ACC,ACC,ACC
84.30,24.9883,25.2481,25.6669,25.8093,32.9845,42.0622,60.8964,Human,ACC,ACC,ACC
84.40,25.0130,25.2294,25.6503,25.7655,32.9351,42.0742,60.8513,Human,ACC,ACC,ACC
84.50,24.9700,25.2384,25.6187,25.7676,32.9968,42.0231,60.8276,Human,ACC,ACC,ACC
84.60,25.0039,25.2422,25.6226,25.7717,32.8439,41.9993,60.8900,Human,ACC,ACC,ACC
84.70,24.9723,25.2189,25.5994,25.7360,32.8750,42.0304,60.9135,Human,ACC,ACC,ACC
84.80,25.0022,25.2202,25.5285,25.7287,32.9131,41.9062,60.8212,Human,ACC,ACC,ACC
84.90,24.9552,25.2199,25.5129,25.6773,32.8696,41.7980,60.8891,Human,ACC,ACC,ACC
85.00,24.9498,25.2246,25.5164,25.6991,32.8089,41.7525,60.7925,Human,ACC,ACC,ACC
85.10,24.9839,25.1132,25.5280,25.7034,32.7505,41.7775,60.8803,Human,ACC,ACC,ACC
85.20,24.9945,25.1875,25.5103,25.6714,32.7471,41.8162,60.8429,Human,ACC,ACC,ACC
85.30,24.9885,25.1617,25.5613,25.6695,32.6961,41.6548,60.7885,Human,ACC,ACC,ACC
85.40,25.0058,25.1251,25.4649,25.6898,32.6876,41.6467,60.8077,Human,ACC,ACC,ACC
85.50,24.9666,25.1087,25.4680,25.6201,32.7130,41.6662,60.7187,Human,ACC,ACC,ACC
85.60,25.0587,25.0577,25.4652,25.6411,32.6437,41.5147,60.6478,Human,ACC,ACC,ACC
85.70,24.9664,25.1021,25.4509,25.6552,32.6522,41.5561,60.7104,Human,ACC,ACC,ACC
85.80,24.9724,25.0669,25.4507,25.6386,32.6632,41.6239,60.6491,Human,ACC,ACC,ACC
85.90,24.9899,25.0409,25.4489,25.5733,32.6385,41.4671,60.6410,Human,ACC,ACC,ACC
86.00,25.0337,25.0992,25.3780,25.5519,32.7093,41.4607,60.7317,Human,ACC,ACC,ACC
86.10,25.0442,25.1368,25.3093,25.5236,32.5757,41.5278,60.7647,Human,ACC,ACC,ACC
86.20,25.0533,25.0763,25.3169,25.5379,32.5796,41.4061,60.6272,Human,ACC,ACC,ACC
86.30,24.9967,25.0780,25.3278,25.5145,32.6428,41.3151,60.6390,Human,ACC,ACC,ACC
86.40,24.9863,25.0847,25.3024,25.5010,32.6435,41.3245,60.4843,Human,ACC,ACC,ACC
86.50,24.9957,25.1078,25.3228,25.4924,32.5660,41.3101,60.6174,Human,ACC,ACC,ACC
86.60,25.0161,25.0750,25.3293,25.4968,32.5626,41.2486,60.5917,Human,ACC,ACC,ACC
86.70,25.0538,25.0974,25.2807,25.4550,32.6062,41.3199,60.5447,Human,ACC,ACC,ACC
86.80,25.0265,25.0669,25.2645,25.4091,32.6351,41.2868,60.4346,Human,ACC,ACC,ACC
86.90,24.9450,25.0564,25.2762,25.4634,32.5874,41.2788,60.5071,Human,ACC,ACC,ACC
87.00,24.9614,25.0718,25.2229,25.4369,32.6462,41.1971,60.5216,Human,ACC,ACC,ACC
87.10,25.0125,25.0115,25.2074,25.3490,32.5079,41.2005,60.4406,Human,ACC,ACC,ACC
87.20,24.9725,24.9765,25.2246,25.3991,32.5161,41.1167,60.4607,Human,ACC,ACC,ACC
87.30,25.0274,25.0364,25.1791,25.3937,32.5847,41.1327,60.3691,Human,ACC,ACC,ACC
87.40,24.9883,25.0393,25.1945,25.3399,32.5172,41.1856,60.3524,Human,ACC,ACC,ACC
87.50,25.0001,25.0181,25.1629,25.3827,32.6161,41.0482,60.4081,Human,ACC,ACC,ACC
87.60,25.0514,25.0010,25.1490,25.2747,32.5911,41.1776,60.3544,Human,ACC,ACC,ACC
87.70,24.9961,24.9947,25.0824,25.3373,32.5186,41.0311,60.4032,Human,ACC,ACC,ACC
87.80,25.0177,24.9816,25.1240,25.2862,32.5498,41.0657,60.3187,Human,ACC,ACC,ACC
87.90,25.0229,24.9542,25.1139,25.3605,32.5688,41.0776,60.3807,Human,ACC,ACC,ACC
88.00,25.0015,25.0099,25.1074,25.2536,32.4488,41.1062,60.2774,Human,ACC,ACC,ACC
88.10,24.9990,25.0043,25.0698,25.2860,32.5531,41.0371,60.2822,Human,ACC,ACC,ACC
88.20,25.0373,25.0207,25.0420,25.2337,32.5958,41.0535,60.1970,Human,ACC,ACC,ACC
88.30,24.9516,25.0173,25.0971,25.2713,32.5561,41.0279,60.2704,Human,ACC,ACC,ACC
88.40,24.9736,24.9469,25.0707,25.2407,32.5632,41.0198,60.2862,Human,ACC,ACC,ACC
88.50,24.9744,24.9830,25.0775,25.2321,32.5087,41.1245,60.1899,Human,ACC,ACC,ACC
88.60,24.9688,24.9123,25.0405,25.2180,32.5137,41.0472,60.2553,Human,ACC,ACC,ACC
88.70,24.9922,24.9599,25.0179,25.2225,32.6307,41.0741,60.2092,Human,ACC,ACC,ACC
88.80,24.9984,24.9737,25.0002,25.1706,32.5743,41.0138,60.1691,Human,ACC,ACC,ACC
88.90,25.0049,24.9372,24.9825,25.1677,32.5471,41.0696,60.2443,Human,ACC,ACC,ACC
89.00,25.0360,24.9705,25.0553,25.1622,32.5781,40.9730,60.1133,Human,ACC,ACC,ACC
89.10,24.9907,24.9206,24.9857,25.1980,32.4972,40.9463,60.0968,Human,ACC,ACC,ACC
89.20,25.0098,24.9821,25.0159,25.1436,32.5843,40.9264,60.0125,Human,ACC,ACC,ACC
89.30,24.9939,24.9615,25.0069,25.1468,32.6221,41.0594,59.9864,Human,ACC,ACC,ACC
89.40,25.0148,24.9604,24.9560,25.1146,32.5870,41.0135,60.0201,Human,ACC,ACC,ACC
89.50,24.9718,24.9840,24.9086,25.1056,32.5266,40.9704,60.0526,Human,ACC,ACC,ACC
89.60,25.0716,24.9418,24.9304,25.1014,32.5713,41.0495,60.1254,Human,ACC,ACC,ACC
89.70,25.0387,24.9455,24.9760,25.0950,32.6409,40.9631,60.0207,Human,ACC,ACC,ACC
89.80,24.9888,25.0431,24.9531,25.0661,32.6576,40.9544,60.0984,Human,ACC,ACC,ACC
89.90,24.9853,24.9585,24.9568,25.0959,32.6812,40.9362,60.0492,Human,ACC,ACC,ACC
90.00,25.0042,24.9027,24.9544,25.0542,32.7028,40.9999,59.9515,Human,ACC,ACC,ACC
90.10,24.9914,24.8998,24.9154,25.0326,32.6167,40.9513,59.9927,Human,ACC,ACC,ACC
90.20,24.9989,24.8995,24.9285,25.0494,32.6376,40.9523,60.0178,Human,ACC,ACC,ACC
90.30,24.9664,24.9232,24.8959,25.0643,32.7097,40.9438,59.8897,Human,ACC,ACC,ACC
90.40,24.9242,24.9306,24.8667,25.0157,32.6667,40.9748,59.9735,Human,ACC,ACC,ACC
90.50,25.0254,24.9210,24.9158,24.9952,32.6202,40.9920,59.8961,Human,ACC,ACC,ACC
90.60,25.0582,24.9664,24.9408,24.9729,32.7152,41.0648,59.8846,Human,ACC,ACC,ACC
90.70,24.9670,24.9706,24.8968,24.9973,32.5372,40.9598,59.8946,Human,ACC,ACC,ACC
90.80,25.0100,24.8998,24.9217,24.9982,32.6833,40.9893,59.9358,Human,ACC,ACC,ACC
90.90,25.0144,24.9167,24.9099,24.9693,32.8158,40.9646,59.8828,Human,ACC,ACC,ACC
91.00,25.0286,24.9702,24.9182,24.9990,32.7082,40.9046,59.9316,Human,ACC,ACC,ACC
91.10,25.0190,24.8546,24.9124,24.9685,32.6620,40.9301,59.8410,Human,ACC,ACC,ACC
91.20,25.0028,24.9269,24.8423,24.9541,32.7248,41.0491,59.9370,Human,ACC,ACC,ACC
91.30,25.0198,24.9776,24.8623,24.9369,32.7282,40.9764,59.8942,Human,ACC,ACC,ACC
91.40,25.0436,24.9083,24.9404,24.9595,32.7090,41.1352,59.7555,Human,ACC,ACC,ACC
91.50,24.9735,24.9641,24.9263,24.9091,32.8003,41.0627,59.8712,Human,ACC,ACC,ACC
91.60,25.0468,24.9260,24.9176,24.9351,32.7218,41.0023,59.7952,Human,ACC,ACC,ACC
91.70,24.9527,24.9494,24.8986,25.0040,32.6552,41.1387,59.8833,Human,ACC,ACC,ACC
91.80,25.0517,24.9552,24.8616,24.9204,32.7736,41.0615,59.7338,Human,ACC,ACC,ACC
91.90,24.9912,24.9094,24.8586,24.8547,32.7327,41.0563,59.8812,Human,ACC,ACC,ACC
92.00,25.0054,24.9336,24.9421,24.9491,32.7032,41.0708,59.8052,Human,ACC,ACC,ACC
92.10,24.9856,24.9515,24.8268,24.9037,32.7615,41.0253,59.8293,Human,ACC,ACC,ACC
92.20,24.9440,24.9779,24.8801,24.8822,32.7707,40.9781,59.8664,Human,ACC,ACC,ACC
92.30,24.9982,24.9635,24.8759,24.9248,32.8832,41.0351,59.8580,Human,ACC,ACC,ACC
92.40,24.9743,24.9162,24.8629,24.9371,32.7309,41.0602,59.8835,Human,ACC,ACC,ACC
92.50,24.9751,24.9020,24.8935,24.8779,32.7965,41.1702,59.8055,Human,ACC,ACC,ACC
92.60,25.0323,24.9433,24.8849,24.9546,32.8436,41.0940,59.8582,Human,ACC,ACC,ACC
92.70,25.0207,24.9597,24.8304,24.8781,32.8890,41.1442,59.7542,Human,ACC,ACC,ACC
92.80,25.0193,24.9830,24.8993,24.9653,32.7877,41.0711,59.8089,Human,ACC,ACC,ACC
92.90,25.0093,24.9435,24.8874,24.8935,32.8386,41.0915,59.8210,Human,ACC,ACC,ACC
93.00,24.9981,24.9066,24.8868,24.8580,32.7900,41.2256,59.8130,Human,ACC,ACC,ACC
93.10,25.0154,24.8960,24.8900,24.8567,32.9047,41.1072,59.7189,Human,ACC,ACC,ACC
93.20,25.0253,24.8915,24.8440,24.9205,32.7401,41.1835,59.7097,Human,ACC,ACC,ACC
93.30,24.9758,24.9418,24.8431,24.8137,32.9048,41.1667,59.8016,Human,ACC,ACC,ACC
93.40,25.0092,24.9534,24.8246,24.8981,32.7796,41.1383,59.7703,Human,ACC,ACC,ACC
93.50,24.9761,24.9111,24.8585,24.8586,32.8866,41.1119,59.7761,Human,ACC,ACC,ACC
93.60,25.0688,24.8953,24.8810,24.9070,32.8143,41.2251,59.7457,Human,ACC,ACC,ACC
93.70,24.9406,24.8907,24.8765,24.8613,32.8466,41.2147,59.8131,Human,ACC,ACC,ACC
93.80,25.0115,24.9776,24.8492,24.8424,32.8552,41.2624,59.7041,Human,ACC,ACC,ACC
93.90,24.9181,24.9504,24.8334,24.8825,32.8870,41.1537,59.7633,Human,ACC,ACC,ACC
94.00,25.0069,24.9035,24.9140,24.9044,32.8329,41.2196,59.7825,Human,ACC,ACC,ACC
94.10,25.0254,24.9103,24.8511,24.8546,32.8356,41.1386,59.7419,Human,ACC,ACC,ACC
94.20,24.9876,24.9130,24.8775,24.8770,32.9151,41.2458,59.7046,Human,ACC,ACC,ACC
94.30,25.0110,24.9324,24.9045,24.8751,32.9360,41.2280,59.7875,Human,ACC,ACC,ACC
94.40,24.9179,24.9293,24.8654,24.8979,32.8555,41.2725,59.8077,Human,ACC,ACC,ACC
94.50,24.9910,24.9419,24.8486,24.8884,32.8715,41.2440,59.7798,Human,ACC,ACC,ACC
94.60,24.9866,24.9322,24.8477,24.8849,32.9355,41.2843,59.7428,Human,ACC,ACC,ACC
94.70,24.9840,24.9009,24.8901,24.8469,32.8365,41.2742,59.6848,Human,ACC,ACC,ACC
94.80,25.0107,24.9634,24.9092,24.8992,32.9232,41.1659,59.8208,Human,ACC,ACC,ACC
94.90,24.9827,24.9481,24.8360,24.9183,33.0183,41.3122,59.7078,Human,ACC,ACC,ACC
95.00,25.0132,24.9959,24.8668,24.8066,32.9132,41.3419,59.7833,Human,ACC,ACC,ACC
95.10,25.0460,24.9578,24.8822,24.8700,32.8981,41.3651,59.7874,Human,ACC,ACC,ACC
95.20,25.0193,24.9719,24.8323,24.9013,32.9637,41.2956,59.7524,Human,ACC,ACC,ACC
95.30,24.9841,24.9429,24.9337,24.8968,32.9062,41.3299,59.7208,Human,ACC,ACC,ACC
95.40,24.9899,24.9022,24.8886,24.8859,33.0038,41.3300,59.7654,Human,ACC,ACC,ACC
95.50,24.9976,24.9215,24.8619,24.8327,32.9662,41.3513,59.6857,Human,ACC,ACC,ACC
95.60,25.0065,24.9844,24.9184,24.8491,33.0173,41.3474,59.7306,Human,ACC,ACC,ACC
95.70,25.0071,24.9774,24.8743,24.8675,32.9097,41.3159,59.7292,Human,ACC,ACC,ACC
95.80,25.0637,24.9679,24.9182,24.8598,32.9622,41.3141,59.7668,Human,ACC,ACC,ACC
95.90,25.0013,24.9113,24.8930,24.9095,32.9725,41.3293,59.8727,Human,ACC,ACC,ACC
96.00,25.0630,24.9996,24.9164,24.8764,32.9630,41.3870,59.7706,Human,ACC,ACC,ACC
96.10,24.9820,24.9599,24.9163,24.8524,32.9644,41.4104,59.8355,Human,ACC,ACC,ACC
96.20,25.0280,24.9361,24.8467,24.8468,32.9721,41.3409,59.7964,Human,ACC,ACC,ACC
96.30,24.9500,24.9254,24.9361,24.8724,32.8723,41.3976,59.7621,Human,ACC,ACC,ACC
96.40,25.0066,25.0023,24.9421,24.8645,32.9982,41.3213,59.7521,Human,ACC,ACC,ACC
96.50,25.0399,24.9801,24.9066,24.8943,32.9342,41.3754,59.8051,Human,ACC,ACC,ACC
96.60,24.9572,24.9459,24.9054,24.9008,32.9781,41.3784,59.8368,Human,ACC,ACC,ACC
96.70,24.9888,24.9666,24.9399,24.9263,32.9913,41.3135,59.7290,Human,ACC,ACC,ACC
96.80,25.0230,25.0094,24.9009,24.8763,33.0136,41.4409,59.7940,Human,ACC,ACC,ACC
96.90,25.0096,24.9632,24.9000,24.9366,33.0087,41.3802,59.7808,Human,ACC,ACC,ACC
97.00,24.9940,24.9442,24.9320,24.9437,32.9394,41.3886,59.7430,Human,ACC,ACC,ACC
97.10,25.0024,25.0110,24.9065,24.8755,32.9589,41.4182,59.7793,Human,ACC,ACC,ACC
97.20,24.9793,24.9707,24.9769,24.8573,32.9630,41.4934,59.7707,Human,ACC,ACC,ACC
97.30,25.0491,24.9456,24.9170,24.9187,33.0805,41.4945,59.7360,Human,ACC,ACC,ACC
97.40,25.0189,24.9852,24.8767,24.9063,33.0505,41.3809,59.8699,Human,ACC,ACC,ACC
97.50,24.9693,25.0547,24.9219,24.9028,33.0249,41.4055,59.6933,Human,ACC,ACC,ACC
97.60,24.9656,24.9641,24.8917,24.9284,32.9908,41.3923,59.8580,Human,ACC,ACC,ACC
97.70,24.9921,24.9962,24.9121,24.8858,32.9509,41.4520,59.8310,Human,ACC,ACC,ACC
97.80,25.0386,24.9510,24.8807,24.9148,33.0145,41.4805,59.7975,Human,ACC,ACC,ACC
97.90,24.9658,24.9678,24.9642,24.8800,33.0512,41.4260,59.8408,Human,ACC,ACC,ACC
98.00,25.0264,24.9613,24.9836,24.9462,32.9580,41.4848,59.7597,Human,ACC,ACC,ACC
98.10,24.9859,24.9762,24.9160,24.9143,33.0090,41.5091,59.8799,Human,ACC,ACC,ACC
98.20,25.0345,24.9399,24.9706,24.8705,32.9318,41.4463,59.7741,Human,ACC,ACC,ACC
98.30,24.9742,24.9305,25.0082,24.9139,33.0818,41.4453,59.8600,Human,ACC,ACC,ACC
98.40,25.0073,24.9646,24.9791,24.8510,32.9981,41.4206,59.8340,Human,ACC,ACC,ACC
98.50,25.0008,25.0518,24.9376,24.9165,32.9687,41.5314,59.8726,Human,ACC,ACC,ACC
98.60,25.0202,24.9620,24.9518,24.9467,33.0919,41.4489,59.9126,Human,ACC,ACC,ACC
98.70,25.0058,24.9982,24.9425,24.9293,33.0751,41.4139,59.9475,Human,ACC,ACC,ACC
98.80,25.0017,25.0314,24.9767,24.9145,33.1118,41.4544,59.8578,Human,ACC,ACC,ACC
98.90,24.9266,25.0099,24.9795,24.8962,32.9636,41.5021,59.8540,Human,ACC,ACC,ACC
99.00,24.9400,24.9549,24.9865,24.8937,33.0614,41.4712,59.8468,Human,ACC,ACC,ACC
99.10,24.9862,24.9964,24.9973,24.9271,32.9860,41.5337,59.8842,Human,ACC,ACC,ACC
99.20,24.9970,24.9740,25.0113,24.9615,33.0365,41.5744,59.8920,Human,ACC,ACC,ACC
99.30,24.9971,24.9492,24.9404,24.9488,33.0522,41.5778,59.7966,Human,ACC,ACC,ACC
99.40,24.9784,25.0184,24.9767,24.9421,33.0329,41.4355,59.8603,Human,ACC,ACC,ACC
99.50,25.0196,25.0072,24.9419,24.9255,33.0123,41.5664,59.8426,Human,ACC,ACC,ACC
99.60,25.0702,24.9566,24.9550,24.9691,33.0046,41.5233,59.8611,Human,ACC,ACC,ACC
99.70,24.9952,24.9691,24.9312,24.9551,33.0624,41.4871,59.7967,Human,ACC,ACC,ACC
99.80,25.0306,25.0360,24.9742,24.9722,32.9589,41.5894,59.8117,Human,ACC,ACC,ACC
99.90,24.9690,24.9996,24.9538,24.9480,33.0152,41.4800,59.9207,Human,ACC,ACC,ACC
100.00,25.0225,25.0272,24.9460,24.9826,33.0108,41.5973,59.8455,Human,ACC,ACC,ACC
100.10,24.9858,24.9648,24.9721,24.9025,33.0538,41.5759,59.9313,Human,ACC,ACC,ACC
100.20,25.0001,25.0048,24.9727,24.9643,32.9806,41.5221,59.8826,Human,ACC,ACC,ACC
100.30,24.9906,24.9967,24.9370,24.9512,32.9495,41.5772,59.9089,Human,ACC,ACC,ACC
100.40,24.9745,24.9836,24.9788,24.9574,33.0656,41.4747,59.9018,Human,ACC,ACC,ACC
100.50,24.9506,24.9506,24.9740,24.9677,33.0623,41.5961,59.8699,Human,ACC,ACC,ACC
100.60,25.0108,25.0247,25.0234,24.9700,33.0744,41.6438,59.8772,Human,ACC,ACC,ACC
100.70,24.9994,24.9674,24.9573,24.9428,33.0208,41.5320,59.8278,Human,ACC,ACC,ACC
100.80,25.0080,25.0054,24.9871,24.9539,33.0234,41.6296,59.8586,Human,ACC,ACC,ACC
100.90,25.0189,25.0055,24.9972,24.9694,33.0319,41.6096,59.9354,Human,ACC,ACC,ACC
101.00,24.9836,24.9687,25.0042,24.9743,33.0529,41.5350,59.9045,Human,ACC,ACC,ACC
101.10,24.9934,24.9875,25.0591,24.9406,33.0422,41.5865,59.9169,Human,ACC,ACC,ACC
101.20,24.9935,25.0083,24.9572,24.9685,33.0881,41.4612,59.9563,Human,ACC,ACC,ACC
101.30,25.0539,25.0287,25.0120,24.9843,33.0155,41.5549,59.8975,Human,ACC,ACC,ACC
101.40,25.0034,25.0298,24.9894,24.9553,33.0733,41.5492,59.9520,Human,ACC,ACC,ACC
101.50,25.0031,25.0285,25.0051,24.9897,33.0017,41.5651,59.9844,Human,ACC,ACC,ACC
101.60,24.9393,25.0375,25.0664,25.0110,33.0964,41.5387,59.9334,Human,ACC,ACC,ACC
101.70,24.9905,24.9765,25.0055,24.9428,33.0230,41.5510,59.9297,Human,ACC,ACC,ACC
101.80,25.0218,24.9865,25.0270,25.0146,33.1009,41.5862,60.0034,Human,ACC,ACC,ACC
101.90,24.9390,25.0113,24.9781,24.9329,33.1167,41.4953,59.9490,Human,ACC,ACC,ACC
102.00,24.9815,24.9962,25.0310,24.9309,33.0186,41.4784,59.8829,Human,ACC,ACC,ACC
102.10,25.0315,25.0636,25.0188,24.9942,33.0155,41.6409,59.9428,Human,ACC,ACC,ACC
102.20,24.9996,24.9680,25.0177,24.9906,33.0309,41.5572,59.9039,Human,ACC,ACC,ACC
102.30,25.0219,25.0806,25.0243,24.9932,33.0482,41.5543,59.8628,Human,ACC,ACC,ACC
102.40,25.0469,24.9634,24.9690,24.9704,33.0132,41.7243,59.9764,Human,ACC,ACC,ACC
102.50,24.9804,25.0248,24.9945,25.0350,33.0342,41.5917,59.8996,Human,ACC,ACC,ACC
102.60,25.0456,25.0272,24.9932,25.0025,33.0431,41.6021,59.8706,Human,ACC,ACC,ACC
102.70,25.0243,24.9723,25.0159,25.0063,33.0021,41.5392,59.9378,Human,ACC,ACC,ACC
102.80,25.0065,25.0516,25.0425,24.9615,33.0127,41.5721,60.0037,Human,ACC,ACC,ACC
102.90,25.0037,24.9796,25.0241,24.9613,33.0543,41.6089,60.0070,Human,ACC,ACC,ACC
103.00,25.0277,25.0165,25.0364,24.9841,33.0076,41.5717,59.9392,Human,ACC,ACC,ACC
103.10,24.9563,25.0579,25.0027,25.0307,33.0687,41.5410,59.9504,Human,ACC,ACC,ACC
103.20,25.0129,25.0253,25.0633,25.0007,33.1192,41.5491,59.8849,Human,ACC,ACC,ACC
103.30,25.0420,24.9607,25.0351,24.9842,33.0413,41.5720,59.9384,Human,ACC,ACC,ACC
103.40,24.9960,25.0056,25.0198,25.0421,33.0384,41.6071,59.9395,Human,ACC,ACC,ACC
103.50,24.9444,25.0068,24.9884,25.0283,33.0253,41.5221,59.9828,Human,ACC,ACC,ACC
103.60,24.9873,25.0193,24.9984,25.0142,33.0278,41.5111,59.9607,Human,ACC,ACC,ACC
103.70,25.0304,24.9937,25.0123,24.9524,33.1229,41.4724,59.9022,Human,ACC,ACC,ACC
103.80,25.0092,25.0314,24.9945,25.0295,33.0494,41.4876,60.0669,Human,ACC,ACC,ACC
103.90,24.9378,24.9503,24.9699,24.9821,32.9595,41.4910,59.9479,Human,ACC,ACC,ACC
104.00,25.0006,25.0035,25.0099,25.0192,33.0845,41.5935,60.0024,Human,ACC,ACC,ACC
104.10,24.9858,24.9680,24.9749,25.0616,33.0457,41.6172,59.8871,Human,ACC,ACC,ACC
104.20,24.9294,25.0007,25.0563,25.0134,33.0441,41.6229,59.9252,Human,ACC,ACC,ACC
104.30,24.9751,25.0061,25.0387,25.0359,33.0457,41.6121,60.0398,Human,ACC,ACC,ACC
104.40,24.9730,25.0289,25.0206,25.0334,33.0228,41.6426,60.0047,Human,ACC,ACC,ACC
104.50,25.0417,24.9958,24.9698,25.0128,33.0811,41.4987,59.9444,Human,ACC,ACC,ACC
104.60,25.0533,25.0267,25.0204,25.0736,32.9911,41.6365,59.8687,Human,ACC,ACC,ACC
104.70,24.9688,25.0333,24.9966,25.0037,32.9381,41.5885,59.9909,Human,ACC,ACC,ACC
104.80,25.0027,25.0516,24.9858,24.9867,32.8827,41.5295,59.9699,Human,ACC,ACC,ACC
104.90,24.9522,25.0208,25.0003,25.0159,33.0854,41.4548,59.9601,Human,ACC,ACC,ACC
105.00,24.9678,24.9954,25.0454,24.9986,33.0777,41.5844,59.9422,Human,ACC,ACC,ACC
105.10,25.0188,25.0220,25.0037,24.9575,33.0112,41.4746,60.0545,Human,ACC,ACC,ACC
105.20,25.0296,25.0113,25.0439,24.9444,33.0037,41.6076,60.0281,Human,ACC,ACC,ACC
105.30,24.9504,24.9419,24.9882,25.0365,32.9810,41.5378,60.0217,Human,ACC,ACC,ACC
105.40,25.0170,25.0051,25.0186,25.0285,33.0450,41.6183,60.0454,Human,ACC,ACC,ACC
105.50,24.9909,25.0180,25.0189,24.9405,33.0388,41.5769,59.9575,Human,ACC,ACC,ACC
105.60,24.9885,25.0469,25.0028,25.0022,32.9935,41.5719,60.0093,Human,ACC,ACC,ACC
105.70,24.9818,24.9915,25.0485,24.9988,32.9681,41.5379,59.9550,Human,ACC,ACC,ACC
105.80,24.9693,24.9127,24.9976,24.9482,32.9943,41.6037,59.9488,Human,ACC,ACC,ACC
105.90,24.9453,25.0299,25.0360,24.9500,32.9890,41.5676,59.9991,Human,ACC,ACC,ACC
106.00,25.0255,25.0197,24.9913,25.0299,33.0284,41.4693,59.9949,Human,ACC,ACC,ACC
106.10,24.9512,24.9698,24.9716,24.9748,33.0017,41.4993,59.9697,Human,ACC,ACC,ACC
106.20,25.0264,24.9659,24.9802,24.9798,33.0049,41.5784,60.0888,Human,ACC,ACC,ACC
106.30,25.0059,24.9956,25.0405,24.9873,33.0240,41.6087,60.0039,Human,ACC,ACC,ACC
106.40,24.9613,24.9906,25.0156,24.9809,32.9463,41.5389,60.0611,Human,ACC,ACC,ACC
106.50,25.0082,25.0600,24.9969,25.0102,33.0855,41.4925,60.1079,Human,ACC,ACC,ACC
106.60,25.0403,24.9859,24.9887,24.9761,32.9814,41.4990,59.9749,Human,ACC,ACC,ACC
106.70,25.0116,25.0206,25.0095,25.0103,33.0868,41.5530,60.0449,Human,ACC,ACC,ACC
106.80,25.0377,25.0310,24.9717,25.0088,32.9086,41.5302,59.9959,Human,ACC,ACC,ACC
106.90,25.0025,25.0264,25.0068,24.9897,33.0494,41.5093,60.0596,Human,ACC,ACC,ACC
107.00,24.9855,24.9512,25.0125,24.9912,32.9819,41.4636,59.9229,Human,ACC,ACC,ACC
107.10,25.0132,24.9736,24.9999,24.9798,33.0759,41.5670,59.9650,Human,ACC,ACC,ACC
107.20,24.9671,25.0252,24.9988,25.0225,33.0677,41.5213,59.9974,Human,ACC,ACC,ACC
107.30,24.9654,25.0070,24.9619,24.9948,32.9431,41.5022,60.0089,Human,ACC,ACC,ACC
107.40,24.9838,25.0214,25.0177,25.0039,33.0232,41.5008,60.0521,Human,ACC,ACC,ACC
107.50,25.0239,25.0095,25.0282,25.0321,33.0825,41.4880,60.0238,Human,ACC,ACC,ACC
107.60,24.9967,24.9948,25.0217,24.9966,32.9387,41.5463,59.9580,Human,ACC,ACC,ACC
107.70,25.0103,25.0367,25.0373,24.9977,33.0045,41.5339,59.9933,Human,ACC,ACC,ACC
107.80,24.9601,25.0017,25.0077,25.0423,33.0621,41.4873,59.9827,Human,ACC,ACC,ACC
107.90,24.9872,24.9970,25.0333,24.9948,33.0269,41.5224,60.0178,Human,ACC,ACC,ACC
108.00,24.9938,25.0545,25.0557,25.0280,33.0006,41.4843,60.0378,Human,ACC,ACC,ACC
108.10,25.0066,24.9740,25.0276,25.0109,33.0141,41.5660,60.0704,Human,ACC,ACC,ACC
108.20,25.0052,24.9874,25.0103,25.0036,32.9929,41.4861,59.9843,Human,ACC,ACC,ACC
108.30,25.0080,25.0456,25.0213,24.9594,32.9782,41.4251,60.0857,Human,ACC,ACC,ACC
108.40,24.9695,24.9553,24.9865,25.0258,33.0290,41.6329,59.9796,Human,ACC,ACC,ACC
108.50,25.0106,24.9847,25.0180,24.9863,33.0374,41.5329,60.0034,Human,ACC,ACC,ACC
108.60,24.9560,24.9605,24.9841,25.0515,33.0557,41.5192,60.0032,Human,ACC,ACC,ACC
108.70,24.9584,25.0397,25.0494,25.0034,33.0159,41.4106,59.9724,Human,ACC,ACC,ACC
108.80,24.9971,24.9840,25.0087,25.0285,32.9723,41.5970,60.0354,Human,ACC,ACC,ACC
108.90,24.9988,25.0321,25.0447,25.0189,33.0452,41.5472,59.9979,Human,ACC,ACC,ACC
109.00,25.0083,25.0002,25.0193,24.9752,33.0866,41.5063,59.9392,Human,ACC,ACC,ACC
109.10,25.0106,25.0081,24.9829,25.0729,33.0371,41.5724,60.0124,Human,ACC,ACC,ACC
109.20,24.9693,24.9759,25.0168,24.9503,33.0240,41.5612,60.0811,Human,ACC,ACC,ACC
109.30,24.9747,24.9561,24.9793,25.0042,33.0342,41.5953,60.0214,Human,ACC,ACC,ACC
109.40,25.0080,25.0347,25.0321,25.0436,33.1068,41.4475,60.0530,Human,ACC,ACC,ACC
109.50,25.0160,24.9875,25.0411,24.9933,33.0194,41.5190,59.9459,Human,ACC,ACC,ACC
109.60,24.9800,25.0473,25.0311,25.0144,33.0570,41.5032,59.9597,Human,ACC,ACC,ACC
109.70,25.0209,25.0277,24.9665,25.0049,32.9746,41.5009,60.0124,Human,ACC,ACC,ACC
109.80,24.9630,25.0049,24.9869,25.0482,32.9610,41.4671,60.0274,Human,ACC,ACC,ACC
109.90,25.0139,24.9768,25.0063,24.9711,33.0010,41.6055,59.9871,Human,ACC,ACC,ACC
110.00,24.9996,25.0175,25.0145,24.9494,33.0399,41.5941,59.9977,Human,ACC,ACC,ACC
110.10,24.9886,25.0162,25.0155,25.0418,33.0513,41.5243,60.0098,Human,ACC,ACC,ACC
110.20,24.9611,25.0166,24.9866,25.0128,33.0809,41.4615,59.9781,Human,ACC,ACC,ACC
110.30,25.0134,25.0214,24.9886,25.0123,32.9185,41.5029,60.0544,Human,ACC,ACC,ACC
110.40,24.9685,24.9584,25.0223,25.0050,32.9916,41.5477,59.9705,Human,ACC,ACC,ACC
110.50,24.9580,24.9751,25.0060,25.0531,33.0592,41.5023,59.9839,Human,ACC,ACC,ACC
110.60,25.0414,25.0245,24.9517,25.0034,33.0838,41.5067,60.0343,Human,ACC,ACC,ACC
110.70,25.0287,25.0124,25.0175,24.9991,33.0120,41.5406,60.0125,Human,ACC,ACC,ACC
110.80,25.0720,25.0448,25.0020,24.9766,32.9501,41.5199,60.0294,Human,ACC,ACC,ACC
110.90,25.0864,24.9841,25.0404,25.0630,33.0286,41.4949,60.0935,Human,ACC,ACC,ACC
111.00,25.0027,25.0095,24.9939,25.0210,32.9777,41.5114,60.0164,Human,ACC,ACC,ACC
111.10,25.0475,25.0593,25.0218,25.0052,32.9640,41.4480,60.0380,Human,ACC,ACC,ACC
111.20,25.0791,24.9931,24.9930,25.0724,33.0525,41.5116,59.9289,Human,ACC,ACC,ACC
111.30,25.0289,24.9870,25.0051,24.9734,33.0109,41.5161,60.0356,Human,ACC,ACC,ACC
111.40,24.9990,25.0338,24.9800,24.9887,33.0875,41.5263,60.0519,Human,ACC,ACC,ACC
111.50,25.0605,24.9733,24.9712,25.0096,33.1166,41.3922,60.0531,Human,ACC,ACC,ACC
111.60,25.1536,25.0256,25.0256,24.9594,33.0232,41.5274,60.0154,Human,ACC,ACC,ACC
111.70,25.0916,24.9689,25.0263,24.9976,33.0035,41.4610,60.0261,Human,ACC,ACC,ACC
111.80,25.1047,25.0028,24.9855,24.9586,33.0531,41.5396,59.9866,Human,ACC,ACC,ACC
111.90,25.1328,24.9652,24.9674,24.9951,33.1750,41.4925,60.1043,Human,ACC,ACC,ACC
112.00,25.1067,25.0160,25.0331,25.0114,33.0470,41.5320,60.0587,Human,ACC,ACC,ACC
112.10,25.1469,25.0105,25.0284,24.9484,33.0332,41.4594,60.0241,Human,ACC,ACC,ACC
112.20,25.1657,24.9836,24.9657,25.0037,33.1647,41.5720,60.0310,Human,ACC,ACC,ACC
112.30,25.1573,25.0312,25.0357,24.9337,33.1748,41.4518,59.9841,Human,ACC,ACC,ACC
112.40,25.1816,25.0748,25.0288,25.0467,33.2099,41.4822,59.9927,Human,ACC,ACC,ACC
112.50,25.2022,24.9756,24.9691,25.0245,33.0748,41.5011,59.9280,Human,ACC,ACC,ACC
112.60,25.2440,24.9997,24.9949,25.0109,33.1940,41.5823,60.0192,Human,ACC,ACC,ACC
112.70,25.1792,25.0143,25.0517,25.0685,33.2048,41.4946,60.0304,Human,ACC,ACC,ACC
112.80,25.2456,25.0833,24.9877,24.9785,33.1649,41.4940,60.1076,Human,ACC,ACC,ACC
112.90,25.1994,25.0609,24.9926,25.0729,33.1783,41.4916,59.9373,Human,ACC,ACC,ACC
113.00,25.2947,25.0420,24.9500,25.0477,33.3238,41.5103,59.9433,Human,ACC,ACC,ACC
113.10,25.2926,25.0360,24.9386,25.0304,33.2302,41.5781,60.0365,Human,ACC,ACC,ACC
113.20,25.3524,25.0276,25.0082,25.0144,33.3554,41.5256,60.0475,Human,ACC,ACC,ACC
113.30,25.3714,25.0542,25.0578,24.9953,33.4084,41.5648,59.9279,Human,ACC,ACC,ACC
113.40,25.3446,25.0427,24.9308,24.9784,33.2810,41.4674,60.0177,Human,ACC,ACC,ACC
113.50,25.4138,25.0708,24.9833,25.0132,33.3347,41.4907,60.0068,Human,ACC,ACC,ACC
113.60,25.3443,25.0608,25.0247,25.0237,33.3970,41.4868,60.0516,Human,ACC,ACC,ACC
113.70,25.4034,25.1036,25.0663,24.9901,33.4968,41.5920,60.0502,Human,ACC,ACC,ACC
113.80,25.4711,25.0368,24.9527,25.0215,33.5780,41.5590,59.9976,Human,ACC,ACC,ACC
113.90,25.4729,25.0974,24.9956,24.9945,33.4616,41.5566,59.9786,Human,ACC,ACC,ACC
114.00,25.5190,25.1512,25.0083,24.9541,33.6346,41.6085,60.0789,Human,ACC,ACC,ACC
114.10,25.5565,25.1264,25.0372,25.0094,33.6769,41.6418,60.0347,Human,ACC,ACC,ACC
114.20,25.6120,25.1198,25.0342,24.9487,33.6729,41.5760,60.0096,Human,ACC,ACC,ACC
114.30,25.5494,25.1066,25.0202,25.0153,33.6635,41.6232,60.0079,Human,ACC,ACC,ACC
114.40,25.5691,25.1893,24.9916,24.9918,33.6563,41.4856,59.9785,Human,ACC,ACC,ACC
114.50,25.6239,25.1104,25.0434,25.0250,33.7774,41.6124,60.0774,Human,ACC,ACC,ACC
114.60,25.6336,25.2164,25.0317,25.0151,33.8171,41.5784,60.0356,Human,ACC,ACC,ACC
114.70,25.6396,25.1205,25.0135,24.9978,33.9443,41.7317,59.9710,Human,ACC,ACC,ACC
114.80,25.6811,25.2060,24.9642,24.9743,33.9346,41.6465,60.0946,Human,ACC,ACC,ACC
114.90,25.6666,25.2359,25.0227,24.9939,34.0320,41.6832,60.0597,Human,ACC,ACC,ACC
115.00,25.7154,25.2359,25.0313,25.0172,34.0346,41.6883,60.0265,Human,ACC,ACC,ACC
115.10,25.7148,25.2578,25.0598,25.0284,34.0823,41.7029,60.0485,Human,ACC,ACC,ACC
115.20,25.8407,25.2312,25.0476,25.0348,34.1738,41.8039,60.0765,Human,ACC,ACC,ACC
115.30,25.8444,25.2445,25.0589,24.9996,34.2159,41.6467,59.9683,Human,ACC,ACC,ACC
115.40,25.8813,25.2953,25.0631,25.0729,34.2539,41.7531,59.9809,Human,ACC,ACC,ACC
115.50,25.8422,25.2762,25.1200,25.0057,34.3197,41.7978,60.0180,Human,ACC,ACC,ACC
115.60,25.8692,25.3416,25.0910,24.9845,34.3919,41.8097,60.0197,Human,ACC,ACC,ACC
115.70,25.9697,25.2859,25.0407,25.0181,34.4197,41.8309,60.0716,Human,ACC,ACC,ACC
115.80,25.9612,25.3012,25.0767,24.9949,34.4746,41.7635,60.0191,Human,ACC,ACC,ACC
115.90,26.0071,25.3517,25.1172,25.0140,34.6131,41.8091,60.1153,Human,ACC,ACC,ACC
116.00,25.9950,25.3314,25.0950,25.0767,34.6268,41.9184,60.0411,Human,ACC,ACC,ACC
116.10,26.0906,25.3710,25.1387,24.9986,34.7493,41.9421,60.1030,Human,ACC,ACC,ACC
116.20,26.1257,25.3985,25.1418,25.0555,34.6967,42.0027,60.0131,Human,ACC,ACC,ACC
116.30,26.1172,25.4402,25.0954,25.0381,34.8426,42.0225,60.0924,Human,ACC,ACC,ACC
116.40,26.1886,25.5744,25.1580,25.0467,34.9522,42.0367,60.1149,Human,ACC,ACC,ACC
116.50,26.1563,25.5044,25.0967,25.0240,34.9608,42.1085,60.1736,Human,ACC,ACC,ACC
116.60,26.2283,25.4582,25.2030,25.0853,35.0457,42.0512,60.1399,Human,ACC,ACC,ACC
116.70,26.2314,25.5002,25.1277,25.0149,35.1080,42.1347,60.1798,Human,ACC,ACC,ACC
116.80,26.2928,25.5586,25.1891,25.0699,35.2490,42.2339,60.1742,Human,ACC,ACC,ACC
116.90,26.2938,25.5742,25.1458,25.0673,35.2423,42.1599,60.1896,Human,ACC,ACC,ACC
117.00,26.3862,25.6272,25.1883,25.0625,35.4573,42.2215,60.1334,Human,ACC,ACC,ACC
117.10,26.4146,25.6657,25.1698,25.0655,35.5087,42.2715,60.2230,Human,ACC,ACC,ACC
117.20,26.4115,25.6736,25.2028,25.1038,35.5701,42.2711,60.1872,Human,ACC,ACC,ACC
117.30,26.4268,25.7339,25.2546,25.0869,35.5698,42.3842,60.2497,Human,ACC,ACC,ACC
117.40,26.4571,25.7202,25.2763,25.0652,35.6502,42.4282,60.1498,Human,ACC,ACC,ACC
117.50,26.5052,25.6745,25.2478,25.0660,35.7683,42.4619,60.2505,Human,ACC,ACC,ACC
117.60,26.4901,25.7211,25.2563,25.1285,35.7619,42.4859,60.2167,Human,ACC,ACC,ACC
117.70,26.5855,25.7620,25.2679,25.1448,35.9779,42.5231,60.2752,Human,ACC,ACC,ACC
117.80,26.5319,25.7389,25.3398,25.1487,35.9835,42.6096,60.3071,Human,ACC,ACC,ACC
117.90,26.6535,25.8189,25.2968,25.1223,36.0938,42.5888,60.3747,Human,ACC,ACC,ACC
118.00,26.6725,25.8310,25.3311,25.1048,36.1253,42.7179,60.3541,Human,ACC,ACC,ACC
118.10,26.6516,25.9087,25.3839,25.1214,36.2792,42.7295,60.2945,Human,ACC,ACC,ACC
118.20,26.6852,25.8960,25.4053,25.1312,36.2550,42.7742,60.4508,Human,ACC,ACC,ACC
118.30,26.7437,25.8783,25.3700,25.1895,36.3699,42.8404,60.4673,Human,ACC,ACC,ACC
118.40,26.8068,25.9384,25.4042,25.2118,36.4438,42.9063,60.4451,Human,ACC,ACC,ACC
118.50,26.7988,25.9877,25.4634,25.2049,36.5228,42.9578,60.5055,Human,ACC,ACC,ACC
118.60,26.8747,26.0591,25.4512,25.2072,36.6809,42.9873,60.6185,Human,ACC,ACC,ACC
118.70,26.8699,26.0258,25.4606,25.2523,36.7286,43.0473,60.4740,Human,ACC,ACC,ACC
118.80,26.8543,26.1284,25.5204,25.2316,36.7464,43.1569,60.3996,Human,ACC,ACC,ACC
118.90,26.9485,26.1450,25.5707,25.2369,36.8657,43.1131,60.5551,Human,ACC,ACC,ACC
119.00,26.9554,26.1557,25.6140,25.2911,36.9513,43.1763,60.5458,Human,ACC,ACC,ACC
119.10,26.9642,26.1858,25.5597,25.2772,37.0922,43.2728,60.6217,Human,ACC,ACC,ACC
119.20,27.0281,26.2980,25.5502,25.3224,37.0973,43.3996,60.7102,Human,ACC,ACC,ACC
119.30,27.0641,26.2411,25.6253,25.2917,37.2343,43.4494,60.7112,Human,ACC,ACC,ACC
119.40,27.0816,26.3262,25.6094,25.3618,37.2141,43.5486,60.6913,Human,ACC,ACC,ACC
119.50,27.0977,26.3749,25.6933,25.3755,37.3063,43.5340,60.7140,Human,ACC,ACC,ACC
119.60,27.1546,26.3965,25.7089,25.3301,37.4450,43.6508,60.8462,Human,ACC,ACC,ACC
119.70,27.1861,26.4195,25.7972,25.3120,37.4983,43.6550,60.8087,Human,ACC,ACC,ACC
119.80,27.1879,26.4645,25.7237,25.3831,37.5241,43.7152,60.9522,Human,ACC,ACC,ACC
119.90,27.2853,26.5099,25.7629,25.4510,37.6188,43.7956,60.9256,Human,ACC,ACC,ACC
120.00,27.2846,26.5255,25.8292,25.4339,37.7420,43.9213,60.8940,Human,ACC,ACC,ACC
120.10,27.2499,26.5216,25.8687,25.4502,37.7542,44.0160,60.9425,Human,ACC,ACC,ACC
120.20,27.3584,26.5622,25.8039,25.4556,37.8732,44.0334,60.9281,Human,ACC,ACC,ACC
120.30,27.3375,26.6190,25.9080,25.4612,37.9414,44.0628,61.0810,Human,ACC,ACC,ACC
120.40,27.4001,26.6229,25.9576,25.4980,38.0075,44.0581,61.1358,Human,ACC,ACC,ACC
120.50,27.3449,26.7207,25.8917,25.5023,37.9729,44.2153,61.1097,Human,ACC,ACC,ACC
120.60,27.4191,26.7031,26.0209,25.5467,38.1338,44.3053,61.2313,Human,ACC,ACC,ACC
120.70,27.4174,26.8142,26.0235,25.5672,38.1903,44.3489,61.2669,Human,ACC,ACC,ACC
120.80,27.4229,26.7625,26.0817,25.6116,38.3227,44.4834,61.2940,Human,ACC,ACC,ACC
120.90,27.4795,26.7995,26.1154,25.5668,38.3539,44.4992,61.3033,Human,ACC,ACC,ACC
121.00,27.4928,26.8486,26.1024,25.6463,38.4732,44.6651,61.4668,Human,ACC,ACC,ACC
121.10,27.5062,26.8677,26.2153,25.6883,38.4459,44.6567,61.4230,Human,ACC,ACC,ACC
121.20,27.5850,26.9289,26.2239,25.7143,38.5498,44.6880,61.5753,Human,ACC,ACC,ACC
121.30,27.6077,27.0340,26.2223,25.7239,38.6900,44.8066,61.5023,Human,ACC,ACC,ACC
121.40,27.5916,26.8929,26.2217,25.7424,38.6788,44.8309,61.5595,Human,ACC,ACC,ACC
121.50,27.6335,27.0164,26.3326,25.8066,38.7744,45.0392,61.6699,Human,ACC,ACC,ACC
121.60,27.6229,27.1117,26.3862,25.8086,38.8565,44.9852,61.5290,Human,ACC,ACC,ACC
121.70,27.6262,27.1482,26.3642,25.8105,38.9162,45.1171,61.7320,Human,ACC,ACC,ACC
121.80,27.6789,27.1230,26.4370,25.8727,38.9845,45.1365,61.7460,Human,ACC,ACC,ACC
121.90,27.7313,27.1914,26.4171,25.8726,38.9235,45.3315,61.8917,Human,ACC,ACC,ACC
122.00,27.7398,27.1964,26.5647,25.8985,38.9257,45.4067,61.9044,Human,ACC,ACC,ACC
122.10,27.7141,27.2775,26.5361,25.9337,39.0797,45.3650,62.0501,Human,ACC,ACC,ACC
122.20,27.7425,27.2900,26.5754,25.9867,39.1283,45.5366,61.9723,Human,ACC,ACC,ACC
122.30,27.7574,27.3241,26.6126,26.0164,39.1870,45.5512,62.0679,Human,ACC,ACC,ACC
122.40,27.6905,27.3182,26.6011,26.0166,39.1601,45.5859,62.0829,Human,ACC,ACC,ACC
122.50,27.8044,27.4060,26.6802,26.0501,39.2101,45.6897,62.2263,Human,ACC,ACC,ACC
122.60,27.8152,27.4644,26.6808,26.0938,39.2087,45.7133,62.2308,Human,ACC,ACC,ACC
122.70,27.8763,27.4549,26.6754,26.1271,39.2444,45.8197,62.3090,Human,ACC,ACC,ACC
122.80,27.8319,27.4737,26.8060,26.1614,39.3505,45.9234,62.4287,Human,ACC,ACC,ACC
122.90,27.8493,27.5361,26.8254,26.1824,39.4333,45.9871,62.4751,Human,ACC,ACC,ACC
123.00,27.8793,27.5489,26.8400,26.1976,39.3914,45.9985,62.5413,Human,ACC,ACC,ACC
123.10,27.8835,27.5442,26.8504,26.2829,39.4879,46.2163,62.5640,Human,ACC,ACC,ACC
123.20,27.8875,27.6033,26.9222,26.2774,39.4442,46.1940,62.6181,Human,ACC,ACC,ACC
123.30,27.9066,27.6368,26.9402,26.3377,39.4769,46.3125,62.7963,Human,ACC,ACC,ACC
123.40,27.8958,27.6963,26.9448,26.3113,39.5630,46.2832,62.7825,Human,ACC,ACC,ACC
123.50,27.9563,27.6908,27.0203,26.3880,39.5669,46.3141,62.8762,Human,ACC,ACC,ACC
123.60,27.9046,27.7271,27.0120,26.3970,39.6081,46.5050,62.8768,Human,ACC,ACC,ACC
123.70,27.9252,27.7700,27.1428,26.4191,39.6110,46.5040,62.8882,Human,ACC,ACC,ACC
123.80,28.0011,27.7647,27.0927,26.4076,39.7494,46.4733,62.9831,Human,ACC,ACC,ACC
123.90,28.0065,27.8079,27.1728,26.4911,39.6290,46.5607,63.1254,Human,ACC,ACC,ACC
124.00,27.9345,27.8787,27.2274,26.6020,39.6378,46.7001,63.1846,Human,ACC,ACC,ACC
124.10,27.9675,27.7948,27.2929,26.5721,39.6755,46.7617,63.2347,Human,ACC,ACC,ACC
124.20,27.9719,27.9389,27.2971,26.6530,39.7022,46.8549,63.2983,Human,ACC,ACC,ACC
124.30,27.9838,27.8954,27.3575,26.6353,39.6682,46.8554,63.3941,Human,ACC,ACC,ACC
124.40,28.0250,27.9722,27.3813,26.7069,39.6776,46.9134,63.3765,Human,ACC,ACC,ACC
124.50,28.0087,27.9601,27.4431,26.7172,39.7908,46.9286,63.5981,Human,ACC,ACC,ACC
124.60,28.0132,27.9642,27.4560,26.7720,39.7382,47.0913,63.5997,Human,ACC,ACC,ACC
124.70,27.9734,28.0040,27.4735,26.8170,39.7229,47.1096,63.6851,Human,ACC,ACC,ACC
124.80,27.9772,28.0528,27.5714,26.8415,39.7366,47.2208,63.6788,Human,ACC,ACC,ACC
124.90,27.9515,28.0660,27.5928,26.8579,39.7148,47.2762,63.8629,Human,ACC,ACC,ACC
125.00,28.0335,28.1028,27.6098,26.8943,39.6351,47.2633,63.8790,Human,ACC,ACC,ACC
125.10,27.9849,28.0978,27.6344,26.9536,39.6868,47.1883,63.9768,Human,ACC,ACC,ACC
125.20,28.0129,28.1171,27.6694,26.9852,39.5862,47.4484,64.0364,Human,ACC,ACC,ACC
125.30,27.9516,28.1231,27.6780,27.0031,39.6453,47.4190,64.0812,Human,ACC,ACC,ACC
125.40,27.9921,28.1577,27.7100,27.0650,39.6090,47.4278,64.1604,Human,ACC,ACC,ACC
125.50,28.0087,28.1348,27.7704,27.0466,39.5786,47.5090,64.2666,Human,ACC,ACC,ACC
125.60,28.0515,28.1884,27.7916,27.1183,39.6499,47.5722,64.3445,Human,ACC,ACC,ACC
125.70,27.9945,28.2176,27.8827,27.1579,39.6113,47.6177,64.3535,Human,ACC,ACC,ACC
125.80,28.0255,28.2698,27.8395,27.2370,39.5744,47.6607,64.5127,Human,ACC,ACC,ACC
125.90,28.0212,28.2806,27.8749,27.2459,39.5134,47.5580,64.5908,Human,ACC,ACC,ACC
126.00,28.0129,28.2510,28.0007,27.2733,39.5605,47.7508,64.5988,Human,ACC,ACC,ACC
126.10,27.9934,28.2875,27.9906,27.3249,39.4889,47.6645,64.5760,Human,ACC,ACC,ACC
126.20,28.0180,28.3321,28.0378,27.2885,39.5188,47.7740,64.7050,Human,ACC,ACC,ACC
126.30,27.9860,28.2806,28.0266,27.4032,39.3644,47.7303,64.7261,Human,ACC,ACC,ACC
126.40,28.0202,28.2900,28.0442,27.4248,39.3723,47.6435,64.8333,Human,ACC,ACC,ACC
126.50,27.9847,28.3304,28.0909,27.3731,39.4301,47.7829,64.8893,Human,ACC,ACC,ACC
126.60,28.0240,28.3548,28.1271,27.4319,39.3338,47.7852,64.9740,Human,ACC,ACC,ACC
126.70,27.9776,28.3373,28.1451,27.4967,39.2460,47.8349,65.0300,Human,ACC,ACC,ACC
126.80,28.0044,28.4190,28.2038,27.5059,39.2469,47.8819,65.0370,Human,ACC,ACC,ACC
126.90,27.9810,28.4261,28.1815,27.6015,39.2480,47.8436,65.1863,Human,ACC,ACC,ACC
127.00,28.0486,28.3671,28.2086,27.5949,39.1514,47.8562,65.2036,Human,ACC,ACC,ACC
127.10,27.9747,28.3622,28.2298,27.6500,39.0847,47.9039,65.2627,Human,ACC,ACC,ACC
127.20,27.9872,28.3930,28.2523,27.6151,39.1347,47.9827,65.3547,Human,ACC,ACC,ACC
127.30,28.0451,28.3359,28.2704,27.7040,39.0426,47.8821,65.3811,Human,ACC,ACC,ACC
127.40,27.9587,28.4308,28.3507,27.6922,38.9999,47.9608,65.4262,Human,ACC,ACC,ACC
127.50,28.0069,28.3853,28.3507,27.7510,38.9485,48.0155,65.4460,Human,ACC,ACC,ACC
127.60,28.0071,28.4649,28.3713,27.8187,38.9324,48.0452,65.5318,Human,ACC,ACC,ACC
127.70,28.0196,28.3928,28.3861,27.8225,38.8412,47.9787,65.6101,Human,ACC,ACC,ACC
127.80,27.9572,28.4731,28.4006,27.8479,38.8591,48.0599,65.6772,Human,ACC,ACC,ACC
127.90,27.9737,28.4391,28.4271,27.8556,38.8301,47.9682,65.7153,Human,ACC,ACC,ACC
128.00,28.0030,28.3767,28.4779,27.8601,38.7734,47.9649,65.8525,Human,ACC,ACC,ACC
128.10,27.9351,28.4143,28.4301,27.9374,38.6951,47.9892,65.7969,Human,ACC,ACC,ACC
128.20,27.9732,28.4540,28.4438,28.0143,38.6493,47.9462,65.8768,Human,ACC,ACC,ACC
128.30,28.0169,28.5061,28.4589,27.9945,38.5391,47.9911,66.0379,Human,ACC,ACC,ACC
128.40,27.9719,28.4663,28.5257,27.9528,38.4894,48.0717,65.9976,Human,ACC,ACC,ACC
128.50,27.9664,28.4150,28.4755,28.0041,38.5795,47.9310,66.1528,Human,ACC,ACC,ACC
128.60,27.9717,28.4072,28.5381,28.0672,38.4384,47.9688,66.1786,Human,ACC,ACC,ACC
128.70,27.9610,28.4341,28.5492,28.0682,38.3836,47.8489,66.1467,Human,ACC,ACC,ACC
128.80,27.9794,28.4750,28.5874,28.1192,38.3634,47.9051,66.1521,Human,ACC,ACC,ACC
128.90,27.9941,28.5097,28.6266,28.1099,38.2841,48.0098,66.3027,Human,ACC,ACC,ACC
129.00,27.9967,28.4849,28.5621,28.1565,38.2440,47.9227,66.2648,Human,ACC,ACC,ACC
129.10,28.0017,28.4269,28.5901,28.1193,38.3204,47.8723,66.4109,Human,ACC,ACC,ACC
129.20,27.9840,28.3865,28.6757,28.2329,38.2217,47.8592,66.3691,Human,ACC,ACC,ACC
129.30,28.0371,28.4535,28.6468,28.2466,38.1481,47.9927,66.4221,Human,ACC,ACC,ACC
129.40,28.0307,28.4698,28.5983,28.2414,38.1088,47.8682,66.5279,Human,ACC,ACC,ACC
129.50,27.9842,28.4043,28.5996,28.2608,38.0409,47.7614,66.5590,Human,ACC,ACC,ACC
129.60,28.0318,28.3959,28.6937,28.3108,38.0749,47.8023,66.5282,Human,ACC,ACC,ACC
129.70,27.9887,28.4199,28.6460,28.3144,38.0558,47.6688,66.6320,Human,ACC,ACC,ACC
129.80,27.9886,28.3973,28.6647,28.2405,37.9491,47.8152,66.6022,Human,ACC,ACC,ACC
129.90,28.0043,28.4616,28.6690,28.3428,38.0682,47.7281,66.6939,Human,ACC,ACC,ACC
130.00,28.0148,28.4449,28.6691,28.3108,37.7431,47.7370,66.7119,Human,ACC,ACC,ACC
130.10,27.9933,28.4168,28.7067,28.4001,37.7535,47.6095,66.7098,Human,ACC,ACC,ACC
130.20,28.0126,28.3921,28.6507,28.3607,37.8389,47.7439,66.7021,Human,ACC,ACC,ACC
130.30,28.0417,28.4203,28.6739,28.3577,37.7645,47.5885,66.8531,Human,ACC,ACC,ACC
130.40,28.0265,28.4143,28.6765,28.3975,37.6779,47.6954,66.7817,Human,ACC,ACC,ACC
130.50,28.0506,28.3959,28.7305,28.4448,37.6496,47.6850,66.7795,Human,ACC,ACC,ACC
130.60,28.0016,28.4222,28.6774,28.3951,37.6907,47.5582,66.8057,Human,ACC,ACC,ACC
130.70,27.9920,28.3633,28.6971,28.4322,37.5451,47.6033,66.8710,Human,ACC,ACC,ACC
130.80,28.0170,28.4100,28.5883,28.4523,37.5304,47.4424,66.9580,Human,ACC,ACC,ACC
130.90,27.9459,28.3847,28.6551,28.4566,37.5621,47.5038,66.9616,Human,ACC,ACC,ACC
131.00,28.0410,28.3228,28.6862,28.4611,37.3099,47.4307,66.9530,Human,ACC,ACC,ACC
131.10,27.9432,28.3878,28.6800,28.4575,37.4401,47.3980,66.9779,Human,ACC,ACC,ACC
131.20,27.9783,28.4589,28.6652,28.4275,37.3619,47.3624,66.9239,Human,ACC,ACC,ACC
131.30,27.9721,28.3455,28.6630,28.4872,37.3692,47.3274,66.9800,Human,ACC,ACC,ACC
131.40,27.9686,28.3667,28.6571,28.4563,37.3962,47.3293,67.0213,Human,ACC,ACC,ACC
131.50,27.9755,28.3327,28.6937,28.5185,37.2155,47.2730,67.0891,Human,ACC,ACC,ACC
131.60,27.9899,28.3386,28.6709,28.5715,37.2857,47.2693,67.0472,Human,ACC,ACC,ACC
131.70,27.9815,28.3457,28.6819,28.4875,37.2279,47.2538,67.0546,Human,ACC,ACC,ACC
131.80,28.0057,28.3303,28.6413,28.5382,37.0674,47.2993,67.1416,Human,ACC,ACC,ACC
131.90,28.0309,28.3528,28.6446,28.5315,37.1518,47.2385,67.0324,Human,ACC,ACC,ACC
132.00,28.0705,28.2793,28.6515,28.5566,37.1925,47.1443,67.1541,Human,ACC,ACC,ACC
132.10,28.0045,28.3256,28.6442,28.5560,37.0798,47.1090,67.1499,Human,ACC,ACC,ACC
132.20,28.0385,28.2927,28.6387,28.5347,37.1192,47.0938,67.1529,Human,ACC,ACC,ACC
132.30,27.9879,28.2922,28.5922,28.5612,37.0076,47.1206,67.1504,Human,ACC,ACC,ACC
132.40,28.0511,28.3373,28.6576,28.5119,36.9970,46.9852,67.0881,Human,ACC,ACC,ACC
132.50,28.0456,28.2580,28.6105,28.5976,36.9430,46.8920,67.1658,Human,ACC,ACC,ACC
132.60,27.9678,28.2981,28.6130,28.5386,36.9483,46.9458,67.0997,Human,ACC,ACC,ACC
132.70,27.9737,28.2789,28.5829,28.5750,36.9043,46.8697,67.2175,Human,ACC,ACC,ACC
132.80,28.0367,28.2182,28.5735,28.5341,36.8245,46.7928,67.2370,Human,ACC,ACC,ACC
132.90,27.9645,28.2194,28.5830,28.5370,36.8915,46.7576,67.2443,Human,ACC,ACC,ACC
133.00,27.9504,28.2302,28.5873,28.5061,36.9231,46.8604,67.0771,Human,ACC,ACC,ACC
133.10,27.9723,28.2874,28.6025,28.4924,36.8302,46.7276,67.1695,Human,ACC,ACC,ACC
133.20,27.9595,28.2445,28.5182,28.5317,36.7215,46.8254,67.1500,Human,ACC,ACC,ACC
133.30,27.9865,28.2434,28.4689,28.4710,36.7914,46.7469,67.2164,Human,ACC,ACC,ACC
133.40,27.9632,28.2505,28.5307,28.4833,36.7758,46.6555,67.1972,Human,ACC,ACC,ACC
133.50,28.0148,28.2349,28.5183,28.5217,36.7224,46.5300,67.2359,Human,ACC,ACC,ACC
133.60,28.0131,28.2435,28.5205,28.5443,36.6810,46.5865,67.1643,Human,ACC,ACC,ACC
133.70,27.9986,28.1894,28.4786,28.5323,36.6225,46.5213,67.0932,Human,ACC,ACC,ACC
133.80,27.9910,28.1872,28.5239,28.5352,36.6957,46.6106,67.1849,Human,ACC,ACC,ACC
133.90,28.0261,28.1409,28.5026,28.4985,36.5958,46.5869,67.1624,Human,ACC,ACC,ACC
134.00,27.9758,28.1564,28.5119,28.5364,36.5548,46.3978,67.1842,Human,ACC,ACC,ACC
134.10,27.9785,28.1417,28.4656,28.4928,36.6889,46.4436,67.1394,Human,ACC,ACC,ACC
134.20,28.0498,28.1258,28.3999,28.4936,36.5857,46.3916,67.1394,Human,ACC,ACC,ACC
134.30,28.0003,28.1676,28.4668,28.5579,36.5953,46.3695,67.2085,Human,ACC,ACC,ACC
134.40,27.9897,28.1414,28.3808,28.4972,36.5177,46.4133,67.1737,Human,ACC,ACC,ACC
134.50,28.0256,28.1440,28.4584,28.4847,36.5318,46.3356,67.1343,Human,ACC,ACC,ACC
134.60,28.0454,28.1560,28.3805,28.4583,36.6201,46.2831,67.2037,Human,ACC,ACC,ACC
134.70,27.9540,28.0881,28.4095,28.4969,36.5723,46.2803,67.2184,Human,ACC,ACC,ACC
134.80,28.0586,28.1329,28.3837,28.4308,36.3892,46.2836,67.1368,Human,ACC,ACC,ACC
134.90,28.0296,28.1407,28.3622,28.4777,36.4959,46.2878,67.1029,Human,ACC,ACC,ACC
135.00,28.0168,28.0674,28.3915,28.4539,36.4730,46.2786,67.1092,Human,ACC,ACC,ACC
135.10,27.9883,28.1056,28.4110,28.4885,36.4185,46.2253,67.1026,Human,ACC,ACC,ACC
135.20,28.0548,28.0783,28.3281,28.4620,36.4305,46.2007,67.0596,Human,ACC,ACC,ACC
135.30,27.9637,28.0859,28.2829,28.4828,36.3986,46.1367,67.0798,Human,ACC,ACC,ACC
135.40,28.0319,28.1161,28.3330,28.4068,36.4398,46.0669,67.1662,Human,ACC,ACC,ACC
135.50,27.9881,28.1158,28.2944,28.4481,36.4610,46.1121,67.0822,Human,ACC,ACC,ACC
135.60,27.9852,28.0662,28.3441,28.3988,36.2926,46.1297,67.0099,Human,ACC,ACC,ACC
135.70,28.0166,28.0751,28.2272,28.4113,36.4339,46.0027,67.1004,Human,ACC,ACC,ACC
135.80,27.9596,28.1152,28.2377,28.3306,36.3734,46.0314,67.1175,Human,ACC,ACC,ACC
135.90,28.0092,28.0908,28.2771,28.3416,36.4416,45.9534,66.9958,Human,ACC,ACC,ACC
136.00,28.0267,28.0296,28.2496,28.3458,36.3943,45.9912,67.0606,Human,ACC,ACC,ACC
136.10,27.9887,28.0946,28.2344,28.3778,36.3432,45.8903,66.9639,Human,ACC,ACC,ACC
136.20,28.0208,28.0133,28.2083,28.3407,36.3615,45.9934,67.0359,Human,ACC,ACC,ACC
136.30,27.9822,28.0696,28.1753,28.3650,36.4268,45.9602,66.9776,Human,ACC,ACC,ACC
136.40,28.0223,28.0511,28.1819,28.3348,36.3952,45.9264,66.9532,Human,ACC,ACC,ACC
136.50,27.9839,28.0691,28.2110,28.3477,36.3299,45.9614,67.0398,Human,ACC,ACC,ACC
136.60,27.9870,28.0914,28.1348,28.2865,36.4141,45.8192,67.0089,Human,ACC,ACC,ACC
136.70,28.0147,27.9989,28.2165,28.2716,36.2876,45.8667,66.9722,Human,ACC,ACC,ACC
136.80,28.0028,28.0130,28.1717,28.3044,36.2727,45.8077,66.8940,Human,ACC,ACC,ACC
136.90,27.9969,28.0253,28.2403,28.2906,36.4200,45.9087,66.8752,Human,ACC,ACC,ACC
137.00,27.9709,28.0609,28.1912,28.3181,36.3390,45.8481,66.9243,Human,ACC,ACC,ACC
137.10,28.0536,28.0014,28.1893,28.3068,36.2934,45.9003,66.8782,Human,ACC,ACC,ACC
137.20,28.0000,28.0336,28.0586,28.2465,36.3672,45.7315,66.9052,Human,ACC,ACC,ACC
137.30,28.0536,27.9693,28.1239,28.2636,36.3310,45.8716,66.7443,Human,ACC,ACC,ACC
137.40,28.0173,28.0686,28.0785,28.2474,36.3494,45.8330,66.8494,Human,ACC,ACC,ACC
137.50,28.0258,27.9772,28.1218,28.2940,36.3856,45.8866,66.8953,Human,ACC,ACC,ACC
137.60,28.0395,28.0297,28.0364,28.2248,36.3588,45.8385,66.8618,Human,ACC,ACC,ACC
137.70,28.0116,28.0014,28.1047,28.3126,36.3786,45.7912,66.7942,Human,ACC,ACC,ACC
137.80,27.9936,27.9787,28.1061,28.2021,36.2637,45.8106,66.8471,Human,ACC,ACC,ACC
137.90,27.9907,28.0024,28.1142,28.2102,36.2821,45.7444,66.8792,Human,ACC,ACC,ACC
138.00,27.9640,27.9984,28.0977,28.1806,36.2295,45.6896,66.8297,Human,ACC,ACC,ACC
138.10,28.0345,28.0232,28.0463,28.1959,36.3564,45.6682,66.7339,Human,ACC,ACC,ACC
138.20,28.0595,28.0442,28.0671,28.2050,36.3236,45.7898,66.7734,Human,ACC,ACC,ACC
138.30,27.9798,27.9516,28.0783,28.1773,36.1995,45.7641,66.7608,Human,ACC,ACC,ACC
138.40,28.0154,27.9920,28.0645,28.1464,36.2933,45.6481,66.8109,Human,ACC,ACC,ACC
138.50,28.0142,28.0155,28.0463,28.1783,36.3305,45.7204,66.7580,Human,ACC,ACC,ACC
138.60,27.9469,27.9648,28.0848,28.1988,36.3400,45.7365,66.8157,Human,ACC,ACC,ACC
138.70,28.0075,27.9833,27.9970,28.1491,36.2663,45.6858,66.6969,Human,ACC,ACC,ACC
138.80,28.0234,27.9399,28.0456,28.1453,36.4051,45.6705,66.6287,Human,ACC,ACC,ACC
138.90,28.0132,27.9487,28.0390,28.0781,36.3212,45.6440,66.6622,Human,ACC,ACC,ACC
139.00,28.0447,27.9848,27.9820,28.1560,36.3020,45.6114,66.5925,Human,ACC,ACC,ACC
139.10,28.0346,27.9595,28.0773,28.0782,36.4240,45.6671,66.6326,Human,ACC,ACC,ACC
139.20,28.0094,28.0129,27.9376,28.1312,36.3598,45.7371,66.5824,Human,ACC,ACC,ACC
139.30,27.9981,27.9754,27.9680,28.1041,36.3085,45.6818,66.6181,Human,ACC,ACC,ACC
139.40,27.9667,27.9453,27.9817,28.0504,36.3559,45.6035,66.6177,Human,ACC,ACC,ACC
139.50,28.0472,27.9331,27.9675,28.0709,36.3299,45.6850,66.6439,Human,ACC,ACC,ACC
139.60,28.0001,27.9954,28.0099,28.0647,36.3047,45.6436,66.5271,Human,ACC,ACC,ACC
139.70,27.9885,27.9714,28.0053,28.0882,36.4485,45.6403,66.6095,Human,ACC,ACC,ACC
139.80,27.9845,27.9074,28.0404,28.0894,36.3579,45.6885,66.6328,Human,ACC,ACC,ACC
139.90,28.0079,27.9783,27.9562,28.0246,36.3138,45.5764,66.5985,Human,ACC,ACC,ACC
140.00,27.9900,27.9603,27.9489,28.0049,36.3110,45.6315,66.5990,Human,ACC,ACC,ACC
140.10,27.9906,27.9833,27.9488,28.0433,36.3664,45.7239,66.5837,Human,ACC,ACC,ACC
140.20,27.9379,27.9589,27.9561,28.0000,36.2713,45.6889,66.6296,Human,ACC,ACC,ACC
140.30,27.9481,27.9766,27.9318,28.0458,36.2789,45.6906,66.5850,Human,ACC,ACC,ACC
140.40,27.9874,27.9821,27.9424,27.9804,36.3377,45.6697,66.5877,Human,ACC,ACC,ACC
140.50,27.9974,27.9529,27.9690,28.0067,36.3982,45.7198,66.5603,Human,ACC,ACC,ACC
140.60,27.9882,27.9878,27.9810,28.0378,36.3720,45.7848,66.5004,Human,ACC,ACC,ACC
140.70,28.0311,27.9750,27.9661,28.0363,36.3624,45.6478,66.5856,Human,ACC,ACC,ACC
140.80,28.0121,27.9627,27.9443,28.0772,36.4355,45.6013,66.6022,Human,ACC,ACC,ACC
140.90,28.0004,27.9532,27.9264,27.9992,36.3244,45.8004,66.5006,Human,ACC,ACC,ACC
141.00,28.0073,27.9259,27.8753,28.0044,36.4433,45.6587,66.5635,Human,ACC,ACC,ACC
141.10,27.9518,27.9672,27.9364,28.0257,36.3545,45.6814,66.5232,Human,ACC,ACC,ACC
141.20,28.0501,27.9701,27.9133,27.9515,36.4007,45.7174,66.4942,Human,ACC,ACC,ACC
141.30,27.9762,27.9600,27.8656,27.9848,36.3840,45.6147,66.5037,Human,ACC,ACC,ACC
141.40,27.9996,27.9778,27.9156,27.9815,36.3798,45.7281,66.5389,Human,ACC,ACC,ACC
141.50,27.9779,27.9444,27.8705,27.9782,36.3723,45.7094,66.5659,Human,ACC,ACC,ACC
141.60,28.0465,27.9630,27.9329,27.9413,36.4022,45.6320,66.6184,Human,ACC,ACC,ACC
141.70,28.0429,27.9350,27.9443,27.9703,36.4447,45.7297,66.6158,Human,ACC,ACC,ACC
141.80,27.9712,27.9887,27.9192,27.9690,36.3812,45.7136,66.3909,Human,ACC,ACC,ACC
141.90,28.0136,27.9572,27.9059,27.9742,36.4501,45.7221,66.4422,Human,ACC,ACC,ACC
142.00,27.9879,27.9598,27.8960,27.9123,36.3869,45.6977,66.4657,Human,ACC,ACC,ACC
142.10,27.9798,27.9430,27.9153,27.9895,36.5131,45.6985,66.4653,Human,ACC,ACC,ACC
142.20,27.9493,27.9617,27.8474,27.9196,36.4292,45.6350,66.4450,Human,ACC,ACC,ACC
142.30,27.9848,27.8904,27.8571,27.9528,36.3745,45.7259,66.3559,Human,ACC,ACC,ACC
142.40,28.0023,27.9547,27.8878,28.0101,36.3901,45.7368,66.3571,Human,ACC,ACC,ACC
142.50,27.9952,27.9324,27.9616,27.9613,36.3725,45.7785,66.3923,Human,ACC,ACC,ACC
142.60,27.9889,27.9942,27.9153,27.9598,36.4543,45.7488,66.4028,Human,ACC,ACC,ACC
142.70,28.0070,27.9278,27.9392,27.9430,36.3743,45.8147,66.4251,Human,ACC,ACC,ACC
142.80,27.9697,27.9360,27.9383,27.9249,36.4888,45.7051,66.4685,Human,ACC,ACC,ACC
142.90,28.0014,27.9788,27.9131,27.8881,36.4013,45.6792,66.3953,Human,ACC,ACC,ACC
143.00,28.0191,27.9876,27.9350,27.9805,36.4397,45.7216,66.4288,Human,ACC,ACC,ACC
143.10,28.0109,27.9831,27.9565,27.9214,36.4968,45.7313,66.4899,Human,ACC,ACC,ACC
143.20,28.0521,28.0122,27.9323,27.9836,36.4459,45.7964,66.5067,Human,ACC,ACC,ACC
143.30,28.0256,27.9341,27.9429,27.9366,36.5703,45.6689,66.5256,Human,ACC,ACC,ACC
143.40,28.0124,27.9656,27.9496,27.9419,36.3987,45.8447,66.4368,Human,ACC,ACC,ACC
143.50,27.9791,27.9759,27.9309,27.9022,36.5085,45.7315,66.4827,Human,ACC,ACC,ACC
143.60,27.9870,27.9503,27.8910,27.9331,36.5292,45.7564,66.4036,Human,ACC,ACC,ACC
143.70,28.0305,28.0190,27.9454,27.9522,36.5415,45.8411,66.4717,Human,ACC,ACC,ACC
143.80,28.0343,28.0027,27.8986,27.9413,36.4833,45.7948,66.4791,Human,ACC,ACC,ACC
143.90,28.0097,27.9593,27.8967,27.9043,36.5481,45.8565,66.4383,Human,ACC,ACC,ACC
144.00,27.9920,27.9266,27.9266,27.9180,36.4746,45.8197,66.4531,Human,ACC,ACC,ACC
144.10,28.0032,27.9743,27.9332,27.9001,36.4868,45.8330,66.3878,Human,ACC,ACC,ACC
144.20,27.9968,27.9164,27.8455,27.8589,36.5299,45.7856,66.5350,Human,ACC,ACC,ACC
144.30,28.0461,27.9104,27.9270,27.9609,36.5801,45.8342,66.3630,Human,ACC,ACC,ACC
144.40,27.9863,28.0147,27.9690,27.9444,36.4625,45.8612,66.4208,Human,ACC,ACC,ACC
144.50,28.0712,27.9850,27.8925,27.9314,36.5428,45.7527,66.3529,Human,ACC,ACC,ACC
144.60,27.9868,27.9279,27.8770,27.9848,36.5364,45.8263,66.3614,Human,ACC,ACC,ACC
144.70,27.9839,27.9669,27.8964,27.9194,36.4939,45.8811,66.4064,Human,ACC,ACC,ACC
144.80,27.9931,27.9560,27.8810,27.8728,36.5659,45.9296,66.4452,Human,ACC,ACC,ACC
144.90,27.9780,27.9778,27.9806,27.9468,36.5468,45.8223,66.4895,Human,ACC,ACC,ACC
145.00,28.0551,27.9842,27.9168,27.8755,36.4712,45.8021,66.4280,Human,ACC,ACC,ACC
145.10,28.0002,27.9060,27.9116,27.9642,36.4728,45.9111,66.3982,Human,ACC,ACC,ACC
145.20,28.0091,28.0049,27.9102,27.8742,36.5759,45.8516,66.4174,Human,ACC,ACC,ACC
145.30,27.9833,27.9598,27.9591,27.9750,36.5528,45.7738,66.3762,Human,ACC,ACC,ACC
145.40,27.9732,27.9616,27.9197,27.9056,36.5309,45.9878,66.4721,Human,ACC,ACC,ACC
145.50,27.9552,27.9758,27.9362,27.9280,36.5928,45.8297,66.4769,Human,ACC,ACC,ACC
145.60,27.9527,27.9702,27.8744,27.9442,36.6207,45.9239,66.5644,Human,ACC,ACC,ACC
145.70,27.9541,27.9660,27.9144,27.8998,36.4923,45.8372,66.4210,Human,ACC,ACC,ACC
145.80,27.9480,27.9217,27.9811,27.9255,36.5117,45.8981,66.4613,Human,ACC,ACC,ACC
145.90,27.9823,28.0382,27.9274,27.9349,36.5600,45.9051,66.4567,Human,ACC,ACC,ACC
146.00,27.9687,28.0113,27.9468,27.9284,36.5989,45.8715,66.4042,Human,ACC,ACC,ACC
146.10,27.9536,27.9845,27.9680,27.8573,36.6187,45.8918,66.3973,Human,ACC,ACC,ACC
146.20,27.9500,27.9638,27.9254,27.8610,36.5714,45.8954,66.4463,Human,ACC,ACC,ACC
146.30,27.9677,27.9512,27.9290,27.9059,36.5513,45.9487,66.4875,Human,ACC,ACC,ACC
146.40,27.8869,27.9632,27.8819,27.8936,36.5095,45.8604,66.5230,Human,ACC,ACC,ACC
146.50,27.9181,27.9764,27.9401,27.9185,36.5122,45.8474,66.3499,Human,ACC,ACC,ACC
146.60,27.9817,27.9894,27.9032,27.9051,36.5392,45.8965,66.3547,Human,ACC,ACC,ACC
146.70,27.8872,27.9707,27.9230,27.8987,36.4872,45.8792,66.4977,Human,ACC,ACC,ACC
146.80,27.9451,27.9768,27.9324,27.9177,36.5389,45.9349,66.3860,Human,ACC,ACC,ACC
146.90,27.8773,28.0165,27.9581,27.9599,36.5095,45.9718,66.4592,Human,ACC,ACC,ACC
147.00,27.7778,27.9837,27.9769,27.9864,36.5616,45.9455,66.4876,Human,ACC,ACC,ACC
147.10,27.8592,27.9213,27.9641,27.9103,36.5208,45.9160,66.5216,Human,ACC,ACC,ACC
147.20,27.7909,27.9529,27.9793,27.9653,36.5040,45.9881,66.4034,Human,ACC,ACC,ACC
147.30,27.8520,27.9384,28.0244,27.8952,36.4182,45.9401,66.4182,Human,ACC,ACC,ACC
147.40,27.8132,27.9247,27.9896,27.9448,36.4889,45.9715,66.5216,Human,ACC,ACC,ACC
147.50,27.8268,27.9687,27.9492,27.9378,36.4714,45.8962,66.5096,Human,ACC,ACC,ACC
147.60,27.7276,27.9935,27.9797,27.9219,36.3922,45.9173,66.4671,Human,ACC,ACC,ACC
147.70,27.7673,27.9700,28.0005,27.9477,36.4057,46.0068,66.6072,Human,ACC,ACC,ACC
147.80,27.7519,27.9427,27.9093,27.9180,36.4072,46.0282,66.4572,Human,ACC,ACC,ACC
147.90,27.7351,27.9471,27.9575,27.9594,36.3814,45.9298,66.4484,Human,ACC,ACC,ACC
148.00,27.7279,27.9593,27.9758,27.9438,36.4088,45.9780,66.4937,Human,ACC,ACC,ACC
148.10,27.6952,27.9611,27.9050,27.9769,36.2773,46.0400,66.4643,Human,ACC,ACC,ACC
148.20,27.6383,27.9677,27.9578,27.9737,36.2590,45.9524,66.5085,Human,ACC,ACC,ACC
148.30,27.6583,27.9095,27.9902,27.9471,36.3016,46.0251,66.4236,Human,ACC,ACC,ACC
148.40,27.6405,27.9351,27.9884,27.9672,36.2139,46.0273,66.5917,Human,ACC,ACC,ACC
148.50,27.6231,27.8806,27.9465,27.9469,36.1737,45.9418,66.4026,Human,ACC,ACC,ACC
148.60,27.6489,27.9327,27.9560,27.9807,36.1322,45.8990,66.4761,Human,ACC,ACC,ACC
148.70,27.5700,27.9139,27.9634,27.9008,36.0804,45.9855,66.4797,Human,ACC,ACC,ACC
148.80,27.5798,27.9206,27.9500,27.9125,36.0924,45.9803,66.4705,Human,ACC,ACC,ACC
148.90,27.5349,27.9425,27.9389,27.9158,36.0067,45.9303,66.5933,Human,ACC,ACC,ACC
149.00,27.5180,27.8448,27.8909,27.9352,36.0356,45.9490,66.4761,Human,ACC,ACC,ACC
149.10,27.4611,27.8761,27.9403,27.9593,35.9802,45.9412,66.3548,Human,ACC,ACC,ACC
149.20,27.4512,27.8577,27.9421,27.9690,35.8882,45.8787,66.4740,Human,ACC,ACC,ACC
149.30,27.4622,27.8936,27.9756,27.8518,35.9801,46.0223,66.5194,Human,ACC,ACC,ACC
149.40,27.3786,27.8473,27.9594,27.9028,35.8834,45.9247,66.5634,Human,ACC,ACC,ACC
149.50,27.4261,27.8555,27.9329,27.9567,35.7689,45.8561,66.4960,Human,ACC,ACC,ACC
149.60,27.3475,27.8129,27.9648,27.9386,35.7858,45.7750,66.5096,Human,ACC,ACC,ACC
149.70,27.2895,27.8053,27.9440,27.9201,35.6431,45.8960,66.5300,Human,ACC,ACC,ACC
149.80,27.3434,27.7799,27.9977,27.9796,35.5596,45.8701,66.4969,Human,ACC,ACC,ACC
149.90,27.2506,27.8042,27.9777,27.9471,35.5901,45.8787,66.5861,Human,ACC,ACC,ACC
150.00,27.2161,27.7907,27.9989,27.9081,35.5928,45.7620,66.4131,Human,ACC,Human,ACC
150.10,27.2412,27.7743,27.9324,27.9410,35.4555,45.7501,66.5394,Human,ACC,Human,ACC
150.20,27.1873,27.7912,27.9501,27.9225,35.4725,45.7828,66.5251,Human,ACC,Human,ACC
150.30,27.2157,27.7067,27.9481,27.9574,35.4021,45.7681,66.4374,Human,ACC,Human,ACC
150.40,27.1767,27.7412,27.9555,27.9506,35.3118,45.7491,66.4185,Human,ACC,Human,ACC
150.50,27.1414,27.7253,27.9836,27.9297,35.3660,45.7338,66.4465,Human,ACC,Human,ACC
150.60,27.1192,27.7127,27.9193,27.9326,35.2709,45.6539,66.5232,Human,ACC,Human,ACC
150.70,27.0678,27.6379,27.8674,27.9697,35.1643,45.7784,66.4393,Human,ACC,Human,ACC
150.80,26.9784,27.7079,27.8943,27.9545,35.0769,45.6193,66.4003,Human,ACC,Human,ACC
150.90,26.9978,27.6596,27.8878,27.9344,35.0446,45.5843,66.4736,Human,ACC,Human,ACC
151.00,26.9620,27.6601,27.9235,27.9818,34.9345,45.6640,66.3254,Human,ACC,Human,ACC
151.10,26.9468,27.6036,27.8319,27.9608,34.9203,45.5872,66.4469,Human,ACC,Human,ACC
151.20,26.9309,27.5780,27.8988,27.9779,34.8000,45.6440,66.4202,Human,ACC,Human,ACC
151.30,26.8782,27.6018,27.8758,27.8846,34.7838,45.5147,66.4159,Human,ACC,Human,ACC
151.40,26.8306,27.5372,27.8739,27.9079,34.6970,45.5312,66.3709,Human,ACC,Human,ACC
151.50,26.8010,27.4994,27.8478,27.9328,34.5982,45.3959,66.4385,Human,ACC,Human,ACC
151.60,26.8126,27.5305,27.8444,27.9346,34.5072,45.3962,66.4426,Human,ACC,Human,ACC
151.70,26.7557,27.4878,27.8758,27.8491,34.4763,45.4196,66.3940,Human,ACC,Human,ACC
151.80,26.7162,27.4710,27.8528,27.8868,34.4237,45.3686,66.3357,Human,ACC,Human,ACC
151.90,26.7007,27.4642,27.7946,27.8581,34.3395,45.3108,66.3689,Human,ACC,Human,ACC
152.00,26.6483,27.3785,27.8159,27.8852,34.2676,45.2629,66.3169,Human,ACC,Human,ACC
152.10,26.6812,27.3944,27.7602,27.8906,34.2368,45.3433,66.3408,Human,ACC,Human,ACC
152.20,26.5637,27.3770,27.8165,27.8939,34.1585,45.2307,66.3134,Human,ACC,Human,ACC
152.30,26.5929,27.3117,27.7679,27.9638,33.9824,45.1563,66.3108,Human,ACC,Human,ACC
152.40,26.4916,27.3511,27.7802,27.8322,33.9297,45.1216,66.2618,Human,ACC,Human,ACC
152.50,26.4593,27.2585,27.7598,27.8693,33.9111,45.0278,66.2501,Human,ACC,Human,ACC
152.60,26.4659,27.2822,27.7195,27.8821,33.8353,45.0771,66.3605,Human,ACC,Human,ACC
152.70,26.4298,27.2674,27.6773,27.9183,33.7168,44.9610,66.3287,Human,ACC,Human,ACC
152.80,26.3980,27.1820,27.7041,27.8739,33.6256,44.9396,66.2121,Human,ACC,Human,ACC
152.90,26.3173,27.1844,27.6278,27.8275,33.5705,44.7793,66.2627,Human,ACC,Human,ACC
153.00,26.3691,27.1232,27.6619,27.8324,33.3704,44.8912,66.1399,Human,ACC,Human,ACC
153.10,26.3722,27.1171,27.5983,27.8017,33.4237,44.9203,66.1840,Human,ACC,Human,ACC
153.20,26.2559,27.0942,27.6152,27.8545,33.2509,44.8420,66.1553,Human,ACC,Human,ACC
153.30,26.2570,27.0643,27.6062,27.8117,33.1727,44.7546,66.0138,Human,ACC,Human,ACC
153.40,26.2297,27.0536,27.6006,27.7889,33.0733,44.5720,66.0988,Human,ACC,Human,ACC
153.50,26.1371,26.9752,27.5657,27.7198,32.9653,44.6236,66.1613,Human,ACC,Human,ACC
153.60,26.1451,26.9818,27.5198,27.7497,32.9827,44.5055,66.0078,Human,ACC,Human,ACC
153.70,26.1815,26.9784,27.5078,27.8112,32.9281,44.4338,66.0916,Human,ACC,Human,ACC
153.80,26.1374,26.8712,27.5743,27.7312,32.8749,44.4127,65.9291,Human,ACC,Human,ACC
153.90,26.0603,26.8401,27.4740,27.7072,32.6966,44.4193,66.0215,Human,ACC,Human,ACC
154.00,26.0380,26.8729,27.4552,27.7255,32.7341,44.1790,65.9742,Human,ACC,Human,ACC
154.10,26.0547,26.7808,27.4544,27.7107,32.5742,44.1482,65.9186,Human,ACC,Human,ACC
154.20,25.9852,26.7756,27.4053,27.7039,32.5521,44.1943,65.8942,Human,ACC,Human,ACC
154.30,25.9259,26.7242,27.3901,27.6875,32.4402,44.1637,65.8361,Human,ACC,Human,ACC
154.40,25.8853,26.6865,27.3310,27.6739,32.3596,44.0923,65.8238,Human,ACC,Human,ACC
154.50,25.8966,26.6765,27.3065,27.6603,32.3315,43.9708,65.8808,Human,ACC,Human,ACC
154.60,25.8216,26.5532,27.2982,27.5939,32.2347,43.9230,65.7769,Human,ACC,Human,ACC
154.70,25.8058,26.5692,27.2920,27.5903,32.0783,43.8519,65.7672,Human,ACC,Human,ACC
154.80,25.8144,26.5561,27.2087,27.5620,32.1045,43.7719,65.7385,Human,ACC,Human,ACC
154.90,25.7921,26.5476,27.2411,27.6463,32.0425,43.7246,65.7069,Human,ACC,Human,ACC
155.00,25.7589,26.5095,27.1858,27.5761,31.9633,43.6445,65.6662,Human,ACC,Human,ACC
155.10,25.7131,26.4392,27.2205,27.4981,31.8460,43.5649,65.5517,Human,ACC,Human,ACC
155.20,25.7044,26.4441,27.1358,27.5057,31.6613,43.4909,65.6238,Human,ACC,Human,ACC
155.30,25.6646,26.3817,27.0692,27.5131,31.7112,43.5122,65.5720,Human,ACC,Human,ACC
155.40,25.6320,26.3435,27.0915,27.4622,31.5570,43.2871,65.4591,Human,ACC,Human,ACC
155.50,25.6317,26.3062,27.0530,27.4750,31.5050,43.2513,65.4882,Human,ACC,Human,ACC
155.60,25.6004,26.2596,26.9857,27.4257,31.4086,43.2457,65.4374,Human,ACC,Human,ACC
155.70,25.5734,26.2757,27.0096,27.4144,31.2921,43.1233,65.4164,Human,ACC,Human,ACC
155.80,25.5463,26.1692,26.8786,27.3809,31.3534,43.0780,65.2525,Human,ACC,Human,ACC
155.90,25.4997,26.1355,26.8592,27.3997,31.2092,43.0034,65.3242,Human,ACC,Human,ACC
156.00,25.4719,26.0960,26.9490,27.3653,31.2033,42.9214,65.2253,Human,ACC,Human,ACC
156.10,25.4633,26.1309,26.8233,27.3835,31.1532,42.7647,65.1156,Human,ACC,Human,ACC
156.20,25.4039,26.0359,26.8082,27.2885,31.0527,42.8391,65.1695,Human,ACC,Human,ACC
156.30,25.4699,25.9915,26.7562,27.2934,30.9503,42.7061,65.0281,Human,ACC,Human,ACC
156.40,25.4226,26.0339,26.7538,27.3266,30.9092,42.6381,64.9958,Human,ACC,Human,ACC
156.50,25.3702,25.9737,26.7343,27.2252,30.8417,42.4987,64.8825,Human,ACC,Human,ACC
156.60,25.3548,25.9193,26.6542,27.1744,30.8023,42.4924,64.9394,Human,ACC,Human,ACC
156.70,25.3266,25.8516,26.6493,27.1335,30.7148,42.3727,64.9177,Human,ACC,Human,ACC
156.80,25.3850,25.9137,26.6351,27.1473,30.7217,42.3790,64.7715,Human,ACC,Human,ACC
156.90,25.2864,25.8646,26.5714,27.1425,30.6120,42.2035,64.7938,Human,ACC,Human,ACC
157.00,25.2636,25.8251,26.5057,27.1006,30.5394,42.1008,64.6506,Human,ACC,Human,ACC
157.10,25.2152,25.7392,26.5080,27.0552,30.6093,42.1151,64.6424,Human,ACC,Human,ACC
157.20,25.2358,25.7480,26.4540,27.0766,30.5036,42.0381,64.5644,Human,ACC,Human,ACC
157.30,25.1598,25.7074,26.4343,26.9638,30.3810,42.0503,64.5065,Human,ACC,Human,ACC
157.40,25.1766,25.6828,26.3501,26.9609,30.4666,41.8166,64.4816,Human,ACC,Human,ACC
157.50,25.2173,25.6131,26.3588,26.9236,30.3040,41.7578,64.4078,Human,ACC,Human,ACC
157.60,25.1928,25.6221,26.3167,26.8533,30.3728,41.8185,64.4000,Human,ACC,Human,ACC
157.70,25.1886,25.5585,26.2423,26.9293,30.2681,41.7180,64.2423,Human,ACC,Human,ACC
157.80,25.1027,25.5801,26.2126,26.9033,30.2169,41.6200,64.2041,Human,ACC,Human,ACC
157.90,25.1398,25.4521,26.1964,26.8344,30.2502,41.4460,64.2039,Human,ACC,Human,ACC
158.00,25.1443,25.4915,26.1288,26.8070,30.1447,41.5412,64.1409,Human,ACC,Human,ACC
158.10,25.1376,25.4201,26.0895,26.7313,30.0841,41.3958,64.0537,Human,ACC,Human,ACC
158.20,25.1261,25.4208,26.0546,26.6871,30.0718,41.2928,63.9402,Human,ACC,Human,ACC
158.30,25.1294,25.3197,26.0459,26.6699,30.1201,41.3071,63.8694,Human,ACC,Human,ACC
158.40,25.0294,25.3394,25.9973,26.7036,30.0979,41.2682,63.8708,Human,ACC,Human,ACC
158.50,25.1396,25.3000,25.9954,26.6582,29.9958,41.0866,63.7732,Human,ACC,Human,ACC
158.60,25.0467,25.2502,25.9747,26.5822,30.0509,41.0844,63.6734,Human,ACC,Human,ACC
158.70,25.0528,25.2382,25.8846,26.5410,29.9434,41.0617,63.6184,Human,ACC,Human,ACC
158.80,25.0678,25.2557,25.8394,26.4835,30.0642,40.8778,63.5421,Human,ACC,Human,ACC
158.90,25.0395,25.1457,25.7935,26.5269,29.9233,40.9639,63.5526,Human,ACC,Human,ACC
159.00,25.1004,25.1736,25.7429,26.4787,29.9165,40.7146,63.4805,Human,ACC,Human,ACC
159.10,24.9578,25.1145,25.7825,26.4428,29.9356,40.6937,63.2804,Human,ACC,Human,ACC
159.20,24.9781,25.0589,25.7250,26.3840,29.9391,40.6800,63.2938,Human,ACC,Human,ACC
159.30,24.9967,25.0948,25.6449,26.2929,29.9310,40.6134,63.2044,Human,ACC,Human,ACC
159.40,25.0343,25.0376,25.5949,26.2751,29.9384,40.5689,63.1353,Human,ACC,Human,ACC
159.50,25.0140,25.0079,25.6064,26.2715,29.9338,40.4200,63.1417,Human,ACC,Human,ACC
159.60,25.0358,24.9960,25.5315,26.1852,29.9227,40.4254,63.0021,Human,ACC,Human,ACC
159.70,24.9685,25.0053,25.6057,26.1710,29.9624,40.4372,62.8532,Human,ACC,Human,ACC
159.80,24.9687,24.9707,25.4924,26.1525,29.8538,40.3664,62.9608,Human,ACC,Human,ACC
159.90,25.0010,24.8900,25.4333,26.1639,29.9472,40.2965,62.8315,Human,ACC,Human,ACC
160.00,25.0471,24.9111,25.3988,26.1148,29.9173,40.2416,62.7522,Human,ACC,Human,ACC
160.10,25.0314,24.9093,25.3488,26.0762,29.8197,40.2585,62.6905,Human,ACC,Human,ACC
160.20,25.0272,24.8529,25.2963,26.0451,29.9154,40.1190,62.5346,Human,ACC,Human,ACC
160.30,25.0093,24.8830,25.3042,25.9750,29.9642,40.1234,62.5340,Human,ACC,Human,ACC
160.40,24.9853,24.8041,25.2390,25.9418,30.0510,39.9628,62.4203,Human,ACC,Human,ACC
160.50,24.9840,24.8495,25.1968,25.9216,29.9451,40.0766,62.3745,Human,ACC,Human,ACC
160.60,24.9809,24.8427,25.2078,25.8765,29.9558,39.9989,62.3383,Human,ACC,Human,ACC
160.70,25.0228,24.7830,25.1528,25.8981,30.1034,39.9619,62.2277,Human,ACC,Human,ACC
160.80,25.0197,24.8160,25.1690,25.8402,30.0211,39.8712,62.2053,Human,ACC,Human,ACC
160.90,25.0025,24.7162,25.1236,25.7841,30.1108,39.8641,62.1063,Human,ACC,Human,ACC
161.00,25.0188,24.7331,25.0503,25.7170,30.1644,39.8457,62.0699,Human,ACC,Human,ACC
161.10,25.0195,24.7573,25.0312,25.7258,30.0695,39.7778,61.8719,Human,ACC,Human,ACC
161.20,25.0399,24.6800,24.9991,25.6443,30.0842,39.7948,61.9726,Human,ACC,Human,ACC
161.30,25.0339,24.6994,24.9655,25.5940,30.1688,39.6878,61.8487,Human,ACC,Human,ACC
161.40,24.9934,24.7088,24.9410,25.5966,30.2702,39.7109,61.8235,Human,ACC,Human,ACC
161.50,25.0179,24.6304,24.9225,25.5932,30.2429,39.6318,61.6673,Human,ACC,Human,ACC
161.60,24.9756,24.6311,24.9000,25.5388,30.2670,39.7815,61.6761,Human,ACC,Human,ACC
161.70,24.9918,24.6513,24.8715,25.4809,30.3028,39.6599,61.5930,Human,ACC,Human,ACC
161.80,24.9790,24.6485,24.8712,25.5157,30.3285,39.6192,61.5058,Human,ACC,Human,ACC
161.90,24.9737,24.6583,24.8340,25.4418,30.4241,39.6823,61.5208,Human,ACC,Human,ACC
162.00,25.0134,24.6416,24.8388,25.3789,30.4093,39.6147,61.3563,Human,ACC,Human,ACC
162.10,25.0168,24.6046,24.7543,25.4125,30.4095,39.5750,61.3603,Human,ACC,Human,ACC
162.20,25.0233,24.5709,24.7275,25.3535,30.5000,39.5980,61.3097,Human,ACC,Human,ACC
162.30,24.9570,24.6198,24.7098,25.3203,30.5808,39.5367,61.1405,Human,ACC,Human,ACC
162.40,25.0090,24.6413,24.6900,25.2739,30.6734,39.5098,61.1843,Human,ACC,Human,ACC
162.50,25.0507,24.5668,24.6508,25.2129,30.6497,39.5070,61.1794,Human,ACC,Human,ACC
162.60,25.0312,24.5844,24.6586,25.2290,30.7010,39.5158,61.0098,Human,ACC,Human,ACC
162.70,24.9951,24.5481,24.6003,25.2073,30.6622,39.4478,61.0013,Human,ACC,Human,ACC
162.80,25.0028,24.6155,24.5806,25.1509,30.7313,39.4836,60.9414,Human,ACC,Human,ACC
162.90,24.9688,24.6042,24.5469,25.1597,30.7793,39.5356,60.8289,Human,ACC,Human,ACC
163.00,25.0418,24.5557,24.5860,25.0455,30.8145,39.5475,60.7720,Human,ACC,Human,ACC
163.10,24.9877,24.5078,24.5513,25.0812,30.9146,39.5274,60.7521,Human,ACC,Human,ACC
163.20,24.9764,24.5827,24.5392,25.0383,30.8468,39.4394,60.6446,Human,ACC,Human,ACC
163.30,24.9840,24.5091,24.5064,25.0901,30.9095,39.5502,60.6037,Human,ACC,Human,ACC
163.40,24.9781,24.5636,24.4795,25.0250,30.9566,39.4872,60.5909,Human,ACC,Human,ACC
163.50,25.0123,24.5432,24.4276,24.9604,30.9803,39.5484,60.5814,Human,ACC,Human,ACC
163.60,25.0348,24.5422,24.4845,24.9364,31.0782,39.5661,60.4198,Human,ACC,Human,ACC
163.70,24.9439,24.5618,24.4614,24.9091,31.1254,39.5271,60.4521,Human,ACC,Human,ACC
163.80,24.9883,24.5578,24.4211,24.9127,31.2544,39.5293,60.3519,Human,ACC,Human,ACC
163.90,24.9932,24.4798,24.4220,24.8615,31.2532,39.5649,60.3780,Human,ACC,Human,ACC
164.00,24.9745,24.5625,24.4000,24.8726,31.2711,39.5788,60.2830,Human,ACC,Human,ACC
164.10,25.0317,24.5560,24.3575,24.8129,31.3601,39.5519,60.2369,Human,ACC,Human,ACC
164.20,25.0264,24.5457,24.3692,24.8105,31.4345,39.5624,60.2251,Human,ACC,Human,ACC
164.30,25.0143,24.5629,24.4026,24.7680,31.4495,39.6008,60.2280,Human,ACC,Human,ACC
164.40,24.9912,24.5499,24.3739,24.7101,31.4372,39.6845,60.0664,Human,ACC,Human,ACC
164.50,24.9924,24.5201,24.4075,24.7989,31.4433,39.6563,60.1742,Human,ACC,Human,ACC
164.60,25.0492,24.5867,24.3443,24.7623,31.6330,39.6307,60.0643,Human,ACC,Human,ACC
164.70,24.9935,24.5839,24.3250,24.6981,31.5730,39.5884,60.0645,Human,ACC,Human,ACC
164.80,25.0132,24.6216,24.3448,24.7648,31.6219,39.7831,60.0067,Human,ACC,Human,ACC
164.90,25.0812,24.5346,24.3392,24.6527,31.6571,39.7045,59.9491,Human,ACC,Human,ACC
165.00,24.9954,24.5606,24.3331,24.6932,31.7481,39.7381,60.0628,Human,ACC,Human,ACC
165.10,25.0273,24.5882,24.3308,24.6524,31.7781,39.7309,59.8964,Human,ACC,Human,ACC
165.20,25.0033,24.6018,24.3273,24.6487,31.8658,39.8333,59.8450,Human,ACC,Human,ACC
165.30,24.9607,24.6127,24.3759,24.6249,31.8182,39.7995,59.7729,Human,ACC,Human,ACC
165.40,24.9576,24.6339,24.3118,24.5170,31.8662,39.8781,59.7743,Human,ACC,Human,ACC
165.50,24.9931,24.6167,24.3311,24.6293,32.0119,39.9113,59.7525,Human,ACC,Human,ACC
165.60,25.0180,24.6074,24.2598,24.5469,31.9702,39.9931,59.6638,Human,ACC,Human,ACC
165.70,25.0049,24.6290,24.2873,24.5500,32.0227,40.0815,59.7713,Human,ACC,Human,ACC
165.80,25.0136,24.5576,24.2598,24.5501,32.0054,39.9853,59.6860,Human,ACC,Human,ACC
165.90,25.0071,24.6055,24.2499,24.5470,32.2251,39.9760,59.6608,Human,ACC,Human,ACC
166.00,24.9602,24.6448,24.3159,24.5442,32.1096,39.9694,59.4896,Human,ACC,Human,ACC
166.10,25.0187,24.6155,24.3449,24.5639,32.1513,40.0957,59.6094,Human,ACC,Human,ACC
166.20,25.0114,24.6764,24.3037,24.5454,32.2239,40.1387,59.6449,Human,ACC,Human,ACC
166.30,25.0076,24.6136,24.3224,24.4943,32.1520,40.2075,59.6338,Human,ACC,Human,ACC
166.40,24.9832,24.6515,24.3592,24.4931,32.3104,40.1658,59.5734,Human,ACC,Human,ACC
166.50,25.0034,24.6115,24.3342,24.5298,32.2790,40.2182,59.6020,Human,ACC,Human,ACC
166.60,25.0237,24.6755,24.3192,24.4602,32.3117,40.2703,59.5177,Human,ACC,Human,ACC
166.70,24.9969,24.6279,24.3024,24.5114,32.4025,40.2557,59.5680,Human,ACC,Human,ACC
166.80,24.9724,24.7274,24.3013,24.4910,32.5011,40.3070,59.4876,Human,ACC,Human,ACC
166.90,24.9649,24.6856,24.3179,24.4747,32.4175,40.3596,59.4745,Human,ACC,Human,ACC
167.00,24.9950,24.6735,24.3695,24.5143,32.5183,40.3768,59.5315,Human,ACC,Human,ACC
167.10,24.9821,24.7197,24.3626,24.4650,32.4739,40.3484,59.4392,Human,ACC,Human,ACC
167.20,25.0648,24.6355,24.3461,24.4091,32.5509,40.3902,59.5000,Human,ACC,Human,ACC
167.30,24.9903,24.6998,24.4861,24.4707,32.4597,40.4295,59.4485,Human,ACC,Human,ACC
167.40,25.0530,24.7518,24.3666,24.4726,32.5000,40.4655,59.3746,Human,ACC,Human,ACC
167.50,25.0493,24.7250,24.3931,24.4718,32.6149,40.5171,59.4775,Human,ACC,Human,ACC
167.60,24.9549,24.7023,24.4044,24.4721,32.6046,40.4820,59.4076,Human,ACC,Human,ACC
167.70,24.9723,24.7235,24.3985,24.4509,32.6794,40.6001,59.4370,Human,ACC,Human,ACC
167.80,25.0202,24.7429,24.4152,24.4133,32.7595,40.6110,59.4133,Human,ACC,Human,ACC
167.90,24.9683,24.7559,24.3711,24.4638,32.6834,40.6322,59.4711,Human,ACC,Human,ACC
168.00,24.9799,24.7288,24.4463,24.4364,32.7679,40.5653,59.4758,Human,ACC,Human,ACC
168.10,24.9740,24.7394,24.4375,24.5396,32.6764,40.7063,59.4617,Human,ACC,Human,ACC
168.20,24.9364,24.7654,24.4376,24.4879,32.8046,40.7864,59.4548,Human,ACC,Human,ACC
168.30,24.9884,24.6990,24.4934,24.4291,32.8359,40.7290,59.4291,Human,ACC,Human,ACC
168.40,24.9976,24.7382,24.4307,24.4493,32.8093,40.7035,59.3962,Human,ACC,Human,ACC
168.50,25.0249,24.8105,24.4550,24.4819,32.8924,40.8599,59.4112,Human,ACC,Human,ACC
168.60,24.9882,24.7951,24.4872,24.4887,32.9721,40.8986,59.4568,Human,ACC,Human,ACC
168.70,24.9809,24.7942,24.4989,24.4765,32.9231,40.9970,59.3952,Human,ACC,Human,ACC
168.80,24.9755,24.8557,24.4887,24.5004,32.9849,41.0361,59.3972,Human,ACC,Human,ACC
168.90,25.0053,24.8471,24.4474,24.5433,32.9976,40.9097,59.4340,Human,ACC,Human,ACC
169.00,24.9928,24.7802,24.5266,24.5540,33.0008,40.9652,59.3334,Human,ACC,Human,ACC
169.10,25.0142,24.7863,24.5193,24.5315,32.9850,41.0192,59.4349,Human,ACC,Human,ACC
169.20,24.9573,24.8237,24.5348,24.5616,33.0144,41.1053,59.5073,Human,ACC,Human,ACC
169.30,24.9904,24.8743,24.5339,24.4786,33.0380,41.0173,59.4684,Human,ACC,Human,ACC
169.40,25.0290,24.8597,24.5132,24.5274,33.0521,41.1278,59.5188,Human,ACC,Human,ACC
169.50,25.0182,24.8287,24.5819,24.5224,33.0616,41.1305,59.4696,Human,ACC,Human,ACC
169.60,24.9846,24.8353,24.5660,24.5126,32.9847,41.2223,59.4561,Human,ACC,Human,ACC
169.70,24.9594,24.8572,24.5522,24.5295,33.1612,41.2354,59.4784,Human,ACC,Human,ACC
169.80,24.9965,24.8333,24.6329,24.5917,33.1011,41.1695,59.4632,Human,ACC,Human,ACC
169.90,25.0385,24.8290,24.6561,24.5475,33.1198,41.3017,59.4961,Human,ACC,Human,ACC
170.00,24.9974,24.8575,24.6288,24.5896,33.1521,41.3120,59.4568,Human,ACC,Human,ACC
170.10,25.0152,24.8683,24.6198,24.5432,33.1451,41.2920,59.4295,Human,ACC,Human,ACC
170.20,25.0165,24.9415,24.6189,24.5631,33.0674,41.3673,59.5704,Human,ACC,Human,ACC
170.30,24.9875,24.8687,24.6730,24.5873,33.2229,41.3080,59.5826,Human,ACC,Human,ACC
170.40,24.9568,24.8655,24.7074,24.5882,33.2402,41.3352,59.5419,Human,ACC,Human,ACC
170.50,25.0145,24.8864,24.6711,24.6004,33.2576,41.3994,59.5858,Human,ACC,Human,ACC
170.60,24.9842,24.8733,24.6930,24.6218,33.1526,41.3999,59.5805,Human,ACC,Human,ACC
170.70,24.9683,24.9426,24.7244,24.5775,33.1841,41.4439,59.5518,Human,ACC,Human,ACC
170.80,24.9992,24.9147,24.7328,24.6313,33.1504,41.5316,59.5506,Human,ACC,Human,ACC
170.90,24.9603,24.8806,24.7550,24.6233,33.1927,41.4561,59.5708,Human,ACC,Human,ACC
171.00,25.0114,24.9351,24.7802,24.5927,33.1706,41.5400,59.5614,Human,ACC,Human,ACC
171.10,25.0313,24.9054,24.7665,24.6770,33.2625,41.4730,59.5387,Human,ACC,Human,ACC
171.20,24.9579,24.9460,24.7468,24.6372,33.1849,41.5456,59.5346,Human,ACC,Human,ACC
171.30,25.0002,24.9072,24.7364,24.6741,33.2779,41.5356,59.6547,Human,ACC,Human,ACC
171.40,25.0241,24.9257,24.7317,24.7321,33.2234,41.6088,59.5711,Human,ACC,Human,ACC
171.50,25.0316,24.9573,24.7542,24.6549,33.1935,41.6145,59.6056,Human,ACC,Human,ACC
171.60,25.0062,24.9222,24.8419,24.6851,33.3048,41.5669,59.6692,Human,ACC,Human,ACC
171.70,25.0106,24.9241,24.7771,24.6666,33.2169,41.5306,59.7259,Human,ACC,Human,ACC
171.80,25.0072,24.9505,24.8048,24.7082,33.2511,41.6789,59.6754,Human,ACC,Human,ACC
171.90,25.0056,25.0060,24.8168,24.6778,33.1807,41.6648,59.7314,Human,ACC,Human,ACC
172.00,24.9986,25.0089,24.8154,24.7181,33.3323,41.7397,59.7089,Human,ACC,Human,ACC
172.10,24.9884,24.9811,24.8484,24.7015,33.2667,41.6754,59.6437,Human,ACC,Human,ACC
172.20,24.9922,25.0004,24.8821,24.7616,33.3108,41.7202,59.7297,Human,ACC,Human,ACC
172.30,25.0245,24.9661,24.8477,24.7706,33.2389,41.7282,59.6969,Human,ACC,Human,ACC
172.40,24.9644,24.9774,24.8122,24.7408,33.3406,41.6779,59.7095,Human,ACC,Human,ACC
172.50,24.9782,24.9467,24.8925,24.7390,33.2651,41.6679,59.7028,Human,ACC,Human,ACC
172.60,24.9882,24.9777,24.8620,24.8113,33.2684,41.6078,59.8570,Human,ACC,Human,ACC
172.70,24.9845,24.9940,24.8533,24.7641,33.3019,41.7534,59.7261,Human,ACC,Human,ACC
172.80,24.9895,24.9820,24.8825,24.7909,33.2938,41.7478,59.7857,Human,ACC,Human,ACC
172.90,25.0450,24.9899,24.9034,24.7836,33.2119,41.7513,59.6988,Human,ACC,Human,ACC
173.00,25.0738,25.0440,24.9315,24.8243,33.2755,41.7215,59.7732,Human,ACC,Human,ACC
173.10,24.9781,24.9945,24.9288,24.8155,33.2693,41.8147,59.8746,Human,ACC,Human,ACC
173.20,24.9738,24.9785,24.9450,24.8294,33.2866,41.7273,59.8987,Human,ACC,Human,ACC
173.30,24.9370,25.0066,24.9744,24.8094,33.2153,41.7602,59.8255,Human,ACC,Human,ACC
173.40,25.0061,24.9634,24.9684,24.8037,33.2476,41.8598,59.8667,Human,ACC,Human,ACC
173.50,24.9622,24.9991,25.0204,24.8265,33.3365,41.7851,59.9005,Human,ACC,Human,ACC
173.60,24.9619,25.0241,24.9639,24.9011,33.2746,41.7981,59.8828,Human,ACC,Human,ACC
173.70,24.9618,24.9657,24.9543,24.8713,33.3002,41.8387,59.8677,Human,ACC,Human,ACC
173.80,25.0096,25.0465,24.9259,24.8435,33.2050,41.7992,59.7558,Human,ACC,Human,ACC
173.90,24.9952,25.0411,24.9899,24.8629,33.2633,41.7789,59.9392,Human,ACC,Human,ACC
174.00,24.9691,25.0442,25.0097,24.9626,33.1414,41.9221,59.8915,Human,ACC,Human,ACC
174.10,24.9939,25.0677,24.9519,24.8741,33.1946,41.8473,59.9424,Human,ACC,Human,ACC
174.20,24.9792,25.0079,24.9673,24.8813,33.2924,41.9373,59.8867,Human,ACC,Human,ACC
174.30,24.9975,25.0099,25.0178,24.9019,33.2836,41.8393,59.9036,Human,ACC,Human,ACC
174.40,24.9991,25.0679,25.0129,24.9158,33.2809,41.8966,59.9044,Human,ACC,Human,ACC
174.50,24.9985,25.0279,25.0255,24.8945,33.2862,41.8860,59.9881,Human,ACC,Human,ACC
174.60,25.0328,25.0736,25.0474,24.9103,33.1819,41.8517,59.9456,Human,ACC,Human,ACC
174.70,24.9523,25.0158,25.0227,24.9556,33.3190,41.8326,60.0708,Human,ACC,Human,ACC
174.80,24.9938,25.0209,25.0674,24.9179,33.1941,41.8645,59.9387,Human,ACC,Human,ACC
174.90,25.0304,25.0576,24.9879,24.9520,33.3400,41.9182,59.9447,Human,ACC,Human,ACC
175.00,24.9827,25.0041,24.9768,24.9039,33.2862,41.8385,59.9182,Human,ACC,Human,ACC
175.10,25.0113,25.0216,25.0432,24.9247,33.1938,41.8454,60.0323,Human,ACC,Human,ACC
175.20,24.9897,25.0260,24.9937,24.9129,33.2235,41.8547,60.0301,Human,ACC,Human,ACC
175.30,25.0121,25.0391,25.0153,24.9644,33.2528,41.7808,60.0291,Human,ACC,Human,ACC
175.40,25.0186,25.0894,25.0202,24.9911,33.2613,41.7646,60.1060,Human,ACC,Human,ACC
175.50,25.0614,25.0383,25.0928,24.9023,33.3035,41.8454,60.1404,Human,ACC,Human,ACC
175.60,25.0417,25.0367,24.9977,25.0065,33.1877,41.7890,60.0130,Human,ACC,Human,ACC
175.70,25.0300,25.0732,25.0912,24.9878,33.1882,41.9257,60.0532,Human,ACC,Human,ACC
175.80,24.9771,25.0247,25.0579,25.0055,33.2170,41.8503,60.1363,Human,ACC,Human,ACC
175.90,24.9850,25.0402,25.0874,25.0080,33.2242,41.8114,60.0773,Human,ACC,Human,ACC
176.00,25.0666,25.1027,25.0305,24.9864,33.2744,41.8177,60.1401,Human,ACC,Human,ACC
176.10,24.9606,25.0054,25.0828,24.9784,33.2231,41.8164,60.1006,Human,ACC,Human,ACC
176.20,24.9683,25.0321,25.0927,25.0015,33.3018,41.8103,60.1502,Human,ACC,Human,ACC
176.30,24.9886,25.0674,25.0852,25.0296,33.2278,41.8272,60.0901,Human,ACC,Human,ACC
176.40,25.0270,25.0108,25.0797,25.0016,33.2363,41.8467,60.1115,Human,ACC,Human,ACC
176.50,25.0294,25.0649,25.0445,25.0636,33.2241,41.7702,60.0660,Human,ACC,Human,ACC
176.60,24.9647,25.0755,25.0831,25.0023,33.1379,41.7923,60.0929,Human,ACC,Human,ACC
176.70,24.9661,25.0322,25.0780,25.0107,33.1650,41.8320,60.0613,Human,ACC,Human,ACC
176.80,25.0157,24.9999,25.0801,25.0351,33.1670,41.8446,60.1959,Human,ACC,Human,ACC
176.90,24.9439,25.0504,25.0444,24.9648,33.1774,41.8571,60.1849,Human,ACC,Human,ACC
177.00,24.9810,25.0345,25.1097,25.0274,33.1203,41.8057,60.0696,Human,ACC,Human,ACC
177.10,25.0426,25.0837,25.1165,25.0839,33.1472,41.8096,60.0629,Human,ACC,Human,ACC
177.20,25.0095,25.0248,25.1044,25.0764,33.1883,41.7782,60.1173,Human,ACC,Human,ACC
177.30,25.0062,25.0339,25.0399,25.0706,33.1843,41.7401,60.0494,Human,ACC,Human,ACC
177.40,25.0095,25.0025,25.0900,25.0747,33.1551,41.7406,60.1265,Human,ACC,Human,ACC
177.50,24.9959,25.0640,25.1101,25.0122,33.0952,41.7251,60.0888,Human,ACC,Human,ACC
177.60,24.9902,25.0550,25.1156,25.1001,33.0821,41.7264,60.1039,Human,ACC,Human,ACC
177.70,24.9423,25.0385,25.1102,25.0969,33.1422,41.9173,60.1149,Human,ACC,Human,ACC
177.80,25.0490,25.0125,25.0784,25.0316,33.0586,41.7851,60.0873,Human,ACC,Human,ACC
177.90,25.0233,25.0007,25.1249,25.0926,33.0887,41.7347,60.1525,Human,ACC,Human,ACC
178.00,25.0135,24.9753,25.0700,25.0891,33.1318,41.7584,60.1470,Human,ACC,Human,ACC
178.10,24.9571,25.0322,25.0871,25.0951,33.1786,41.7825,60.1282,Human,ACC,Human,ACC
178.20,25.0075,25.0471,25.0772,25.0706,33.1097,41.6696,60.1893,Human,ACC,Human,ACC
178.30,24.9951,25.0601,25.0850,25.1026,33.1060,41.8244,60.1255,Human,ACC,Human,ACC
178.40,24.9487,25.0737,25.0852,25.1069,33.1866,41.6806,60.0780,Human,ACC,Human,ACC
178.50,25.0015,25.0631,25.1343,25.0585,33.0662,41.7372,60.2119,Human,ACC,Human,ACC
178.60,25.0014,25.0323,25.0960,25.0282,33.0615,41.7625,60.1378,Human,ACC,Human,ACC
178.70,24.9940,25.0295,25.0662,25.0716,33.0753,41.6951,60.2456,Human,ACC,Human,ACC
178.80,24.9533,25.0778,25.1023,25.1342,33.1056,41.7195,60.0918,Human,ACC,Human,ACC
178.90,24.9731,25.0013,25.0970,25.0299,33.1011,41.7129,60.2466,Human,ACC,Human,ACC
179.00,25.0057,25.0145,25.0782,25.0877,33.0467,41.6593,60.1226,Human,ACC,Human,ACC
179.10,25.0004,25.0900,25.1063,25.0427,33.0538,41.7214,60.1292,Human,ACC,Human,ACC
179.20,25.0280,24.9946,25.0894,25.0447,33.1444,41.6849,60.1241,Human,ACC,Human,ACC
179.30,24.9744,25.0727,25.0697,25.0631,33.0465,41.6108,60.0981,Human,ACC,Human,ACC
179.40,24.9823,25.0239,25.1281,25.0477,33.1312,41.7157,60.1213,Human,ACC,Human,ACC
179.50,24.9623,25.0498,25.0373,25.0722,33.0493,41.7458,60.1340,Human,ACC,Human,ACC
179.60,25.0324,25.0320,25.0695,25.0623,33.0788,41.6869,60.1597,Human,ACC,Human,ACC
179.70,24.9717,25.0138,25.0868,25.1204,33.0554,41.6403,60.1752,Human,ACC,Human,ACC
179.80,25.0274,25.0139,25.0601,25.1043,32.9849,41.6539,60.1781,Human,ACC,Human,ACC
179.90,24.9449,25.0170,25.0711,25.0508,32.9932,41.6685,60.1233,Human,ACC,Human,ACC
180.00,24.9691,25.0397,25.0306,25.0566,32.9265,41.5464,60.1731,Human,ACC,Human,ACC
180.10,24.9793,25.0311,25.0378,25.1157,33.0792,41.6153,60.0967,Human,ACC,Human,ACC
180.20,24.9893,25.0202,25.0665,25.0633,33.0407,41.6761,60.1650,Human,ACC,Human,ACC
180.30,24.9692,25.0612,25.0820,25.0798,32.9736,41.6491,60.1567,Human,ACC,Human,ACC
180.40,25.0277,25.0054,25.0934,25.0833,33.0342,41.6243,60.1932,Human,ACC,Human,ACC
180.50,24.9718,25.0483,25.0293,25.1015,33.0345,41.5693,60.1594,Human,ACC,Human,ACC
180.60,24.9718,25.0372,25.1131,25.0986,33.0436,41.6694,60.1039,Human,ACC,Human,ACC
180.70,24.9801,25.0235,25.0600,25.0466,33.0276,41.5640,60.1760,Human,ACC,Human,ACC
180.80,24.9651,25.0249,25.0854,25.0286,33.0050,41.4516,60.2083,Human,ACC,Human,ACC
180.90,24.9956,25.0379,25.0714,25.0505,32.9967,41.5442,60.0867,Human,ACC,Human,ACC
181.00,25.0282,24.9863,25.0859,25.1267,32.9743,41.5297,60.1521,Human,ACC,Human,ACC
181.10,24.9373,25.0291,25.0746,25.0854,33.0313,41.5849,60.1754,Human,ACC,Human,ACC
181.20,24.9748,25.0116,25.0228,25.0819,32.9810,41.6138,60.1514,Human,ACC,Human,ACC
181.30,25.0132,25.0005,25.0353,25.0632,33.0412,41.6101,60.1371,Human,ACC,Human,ACC
181.40,24.9971,25.0212,25.0581,25.0784,33.0779,41.6150,60.1337,Human,ACC,Human,ACC
181.50,24.9586,24.9383,25.0779,25.1174,33.1012,41.6532,60.0771,Human,ACC,Human,ACC
181.60,24.9555,24.9985,25.0671,25.1027,32.9031,41.5375,60.1734,Human,ACC,Human,ACC
181.70,25.0162,25.0550,25.0553,25.0859,33.0568,41.5963,60.1484,Human,ACC,Human,ACC
181.80,25.0092,25.0041,25.0909,25.0911,33.0565,41.5949,60.1260,Human,ACC,Human,ACC
181.90,25.0259,25.0047,25.0844,25.0408,33.0163,41.6083,60.1146,Human,ACC,Human,ACC
182.00,25.0087,24.9387,25.0230,25.0925,32.9749,41.5118,60.2154,Human,ACC,Human,ACC
182.10,24.9838,25.0200,25.0036,25.1153,33.0366,41.5903,60.1241,Human,ACC,Human,ACC
182.20,25.0145,25.0135,25.0620,25.0784,33.0008,41.6048,60.1269,Human,ACC,Human,ACC
182.30,25.0386,25.0200,25.0052,25.0602,33.0582,41.5411,60.1375,Human,ACC,Human,ACC
182.40,25.0347,25.0298,25.0347,25.0845,33.0259,41.5806,60.2224,Human,ACC,Human,ACC
182.50,25.0004,25.0304,24.9991,25.0391,32.9805,41.6177,60.0978,Human,ACC,Human,ACC
182.60,25.0166,25.0055,25.0546,25.1219,32.9540,41.4232,60.1739,Human,ACC,Human,ACC
182.70,24.9879,25.0185,25.0265,25.0449,33.0667,41.4706,60.1152,Human,ACC,Human,ACC
182.80,24.9948,24.9683,24.9798,25.1021,32.9806,41.4502,60.1324,Human,ACC,Human,ACC
182.90,24.9940,25.0433,25.0437,25.0653,33.0064,41.4986,60.0772,Human,ACC,Human,ACC
183.00,25.0167,25.0309,25.0035,25.0952,32.9971,41.5492,60.0559,Human,ACC,Human,ACC
183.10,24.9686,25.0152,25.1124,25.0609,32.9845,41.5446,59.9861,Human,ACC,Human,ACC
183.20,25.0459,24.9986,25.0541,25.0589,33.0039,41.5983,60.0581,Human,ACC,Human,ACC
183.30,25.0093,24.9832,25.0079,25.0660,33.0508,41.4975,60.1481,Human,ACC,Human,ACC
183.40,24.9512,24.9830,25.0523,25.0369,32.9782,41.4536,60.0330,Human,ACC,Human,ACC
183.50,24.9710,24.9748,25.0365,25.0430,33.1014,41.4415,60.1012,Human,ACC,Human,ACC
183.60,25.0014,25.0013,25.0851,25.0397,33.0536,41.5192,60.1208,Human,ACC,Human,ACC
183.70,24.9397,25.0097,25.0297,25.0558,32.8848,41.4719,60.0452,Human,ACC,Human,ACC
183.80,24.9501,25.0390,25.0275,25.0488,32.8946,41.5175,60.1486,Human,ACC,Human,ACC
183.90,24.9507,25.0193,25.0253,25.0883,32.9438,41.4659,60.1269,Human,ACC,Human,ACC
184.00,24.9849,24.9688,25.0297,25.0208,33.0236,41.4439,60.1609,Human,ACC,Human,ACC
184.10,25.0092,24.9729,25.0210,25.0397,33.0256,41.4937,60.0473,Human,ACC,Human,ACC
184.20,24.9961,24.9891,24.9999,25.0433,33.0068,41.5252,60.1854,Human,ACC,Human,ACC
184.30,24.9801,25.0081,25.0144,24.9783,32.9491,41.5671,60.0801,Human,ACC,Human,ACC
184.40,24.9953,25.0437,25.0301,25.0600,33.0036,41.4823,60.0993,Human,ACC,Human,ACC
184.50,25.0103,24.9892,24.9812,25.0649,33.0491,41.4526,60.1337,Human,ACC,Human,ACC
184.60,25.0278,25.0189,25.0313,25.0516,32.9636,41.4826,60.0559,Human,ACC,Human,ACC
184.70,24.9963,25.0100,25.0182,25.0484,32.9860,41.3850,60.0762,Human,ACC,Human,ACC
184.80,24.9696,24.9834,25.0333,25.0279,33.0253,41.5224,60.0073,Human,ACC,Human,ACC
184.90,24.9269,25.0049,24.9495,25.0919,32.9204,41.4595,60.1766,Human,ACC,Human,ACC
185.00,25.0179,25.0204,24.9955,25.0027,32.9540,41.4779,60.0707,Human,ACC,Human,ACC
185.10,24.9910,25.0012,24.9915,25.0388,32.9895,41.4324,60.0934,Human,ACC,Human,ACC
185.20,25.0170,25.0177,24.9828,24.9706,32.9977,41.5270,60.0354,Human,ACC,Human,ACC
185.30,24.9973,24.9811,25.0247,25.0793,33.0183,41.5691,60.1155,Human,ACC,Human,ACC
185.40,25.0445,25.0080,25.0429,25.0782,33.0075,41.3535,60.1406,Human,ACC,Human,ACC
185.50,24.9986,25.0074,25.0346,25.0287,33.0678,41.5326,60.0977,Human,ACC,Human,ACC
185.60,24.9830,24.9777,25.0094,25.0109,33.0143,41.6194,60.0359,Human,ACC,Human,ACC
185.70,25.0203,24.9895,25.0504,25.0624,32.9535,41.5249,60.0816,Human,ACC,Human,ACC
185.80,24.9619,25.0299,24.9960,25.0660,32.8667,41.4808,60.0842,Human,ACC,Human,ACC
185.90,25.0123,24.9973,25.0261,25.0097,32.9271,41.4877,60.0774,Human,ACC,Human,ACC
186.00,25.0071,25.0095,25.0019,25.0357,32.8841,41.4936,60.1696,Human,ACC,Human,ACC
186.10,24.9691,25.0142,24.9707,25.0415,33.0592,41.4115,59.9962,Human,ACC,Human,ACC
186.20,25.0113,25.0184,24.9887,25.1095,32.9759,41.4806,59.9935,Human,ACC,Human,ACC
186.30,24.9914,25.0023,24.9824,25.0627,32.9362,41.5334,60.0699,Human,ACC,Human,ACC
186.40,24.9846,25.0262,24.9764,25.0298,33.0243,41.4640,60.1069,Human,ACC,Human,ACC
186.50,24.9876,25.0243,24.9944,24.9954,32.9467,41.4393,60.0073,Human,ACC,Human,ACC
186.60,25.0111,24.9636,24.9749,25.0410,32.8779,41.4448,59.9854,Human,ACC,Human,ACC
186.70,24.9450,25.0191,24.9901,24.9922,32.9497,41.4711,60.0594,Human,ACC,Human,ACC
186.80,25.0054,25.0154,24.9844,25.0124,32.9925,41.4440,60.0463,Human,ACC,Human,ACC
186.90,25.0213,25.0187,24.9990,24.9947,33.0304,41.4556,60.0489,Human,ACC,Human,ACC
187.00,24.9717,24.9803,25.0192,25.0322,32.8517,41.4081,60.1002,Human,ACC,Human,ACC
187.10,25.0074,25.0366,24.9909,25.0043,32.9303,41.4091,60.0922,Human,ACC,Human,ACC
187.20,24.9879,25.0513,24.9406,25.0225,32.9124,41.5115,60.0376,Human,ACC,Human,ACC
187.30,25.0116,24.9988,25.0647,25.0467,32.9423,41.3602,60.1069,Human,ACC,Human,ACC
187.40,25.0209,24.9715,25.0122,25.0023,32.8833,41.4006,60.0785,Human,ACC,Human,ACC
187.50,25.0004,25.0026,24.9840,25.0300,32.9120,41.4869,60.0360,Human,ACC,Human,ACC
187.60,25.0453,25.0262,25.0034,24.9568,32.9604,41.4089,60.0035,Human,ACC,Human,ACC
187.70,25.0300,25.0273,24.9914,24.9972,32.9878,41.4127,60.0664,Human,ACC,Human,ACC
187.80,25.0180,24.9739,25.0190,24.9796,32.9862,41.4884,60.0451,Human,ACC,Human,ACC
187.90,24.9735,24.9972,24.9550,25.0094,33.0026,41.4805,60.0733,Human,ACC,Human,ACC
188.00,25.0146,24.9596,25.0219,24.9929,32.9936,41.4776,59.9853,Human,ACC,Human,ACC
188.10,25.0151,25.0027,24.9825,24.9933,32.8893,41.4642,60.0773,Human,ACC,Human,ACC
188.20,24.9516,24.9770,24.9733,25.0537,32.9292,41.3828,60.0011,Human,ACC,Human,ACC
188.30,25.0284,24.9580,25.0173,25.0131,32.9936,41.5045,60.0111,Human,ACC,Human,ACC
188.40,24.9891,25.0095,25.0167,24.9902,32.9175,41.4591,60.0597,Human,ACC,Human,ACC
188.50,24.9921,25.0011,24.9664,25.0108,32.9737,41.5127,59.9997,Human,ACC,Human,ACC
188.60,24.9976,24.9773,24.9702,25.0136,33.0200,41.5441,59.9741,Human,ACC,Human,ACC
188.70,25.0245,25.0057,24.9695,25.0255,32.9338,41.4952,60.1777,Human,ACC,Human,ACC
188.80,25.0047,25.0130,25.0260,24.9785,33.0026,41.4619,60.0866,Human,ACC,Human,ACC
188.90,24.9960,24.9795,24.9685,25.0596,32.9721,41.3831,59.9729,Human,ACC,Human,ACC
189.00,25.0263,24.9466,25.0048,24.9872,33.0453,41.3802,59.9486,Human,ACC,Human,ACC
189.10,25.0321,24.9985,24.9877,25.0063,33.0193,41.4716,60.0786,Human,ACC,Human,ACC
189.20,25.0107,24.9970,24.9862,24.9980,32.9262,41.4280,60.0001,Human,ACC,Human,ACC
189.30,25.0143,24.9645,24.9921,24.9980,32.9177,41.4534,60.0080,Human,ACC,Human,ACC
189.40,24.9863,25.0168,24.9558,24.9907,33.0228,41.4610,59.9957,Human,ACC,Human,ACC
189.50,24.9761,25.0114,24.9787,25.0018,33.0047,41.5209,60.0665,Human,ACC,Human,ACC
189.60,25.0108,24.9513,25.0043,24.9791,32.9942,41.4473,59.9903,Human,ACC,Human,ACC
189.70,24.9928,24.9929,25.0141,25.0203,32.9157,41.4701,60.0118,Human,ACC,Human,ACC
189.80,25.0495,25.0010,24.9780,24.9851,33.0633,41.4780,60.0494,Human,ACC,Human,ACC
189.90,25.0183,25.0409,25.0008,24.9827,33.0468,41.3746,59.9793,Human,ACC,Human,ACC
190.00,25.0077,25.0032,24.9920,24.9777,32.9703,41.4741,59.9542,Human,ACC,ACC,ACC
190.10,24.9274,24.9810,25.0205,25.0041,33.0251,41.5137,60.0350,Human,ACC,ACC,ACC
190.20,24.9322,24.9962,24.9392,25.0535,33.0163,41.4144,60.0659,Human,ACC,ACC,ACC
190.30,24.9920,24.9623,25.0132,24.9756,32.9514,41.3757,60.0148,Human,ACC,ACC,ACC
190.40,24.9921,24.9965,24.9577,25.0158,33.0014,41.4361,59.9254,Human,ACC,ACC,ACC
190.50,24.9255,25.0334,24.9924,24.9680,32.9204,41.4631,59.8808,Human,ACC,ACC,ACC
190.60,24.8961,25.0409,25.0313,24.9614,33.0248,41.5210,59.9977,Human,ACC,ACC,ACC
190.70,24.9739,25.0000,24.9844,24.9939,33.0206,41.4635,59.9495,Human,ACC,ACC,ACC
190.80,24.8982,25.0349,24.9948,24.9444,32.9915,41.5000,59.9593,Human,ACC,ACC,ACC
190.90,24.9395,25.0189,24.9600,24.9858,32.8796,41.4235,60.0632,Human,ACC,ACC,ACC
191.00,24.8278,24.9945,25.0016,25.0023,32.9220,41.6129,59.9717,Human,ACC,ACC,ACC
191.10,24.8059,24.9695,25.0142,24.9926,32.9519,41.4890,59.9928,Human,ACC,ACC,ACC
191.20,24.8524,24.9677,25.0125,24.9965,32.9449,41.4303,60.0007,Human,ACC,ACC,ACC
191.30,24.7320,25.0265,24.9939,24.9699,32.8228,41.3641,60.0065,Human,ACC,ACC,ACC
191.40,24.7055,25.0144,24.9560,25.0334,32.7989,41.4077,60.0316,Human,ACC,ACC,ACC
191.50,24.6922,24.9750,25.0283,25.0437,32.8189,41.4913,60.0884,Human,ACC,ACC,ACC
191.60,24.6457,24.9840,25.0419,25.0364,32.8030,41.4937,59.9423,Human,ACC,ACC,ACC
191.70,24.5562,24.9691,24.9839,24.9828,32.7986,41.5124,59.9489,Human,ACC,ACC,ACC
191.80,24.4910,24.9953,24.9921,24.9969,32.7481,41.4841,59.9902,Human,ACC,ACC,ACC
191.90,24.5208,24.9483,24.9878,25.0017,32.6737,41.5868,59.9682,Human,ACC,ACC,ACC
192.00,24.4149,24.9544,25.0106,24.9936,32.6021,41.4682,59.9910,Human,ACC,ACC,ACC
192.10,24.4079,24.9289,24.9942,24.9536,32.4722,41.4920,60.0455,Human,ACC,ACC,ACC
192.20,24.3082,24.9217,25.0263,25.0146,32.5892,41.4272,59.9360,Human,ACC,ACC,ACC
192.30,24.2647,24.9840,25.0279,25.0137,32.4700,41.3990,59.9983,Human,ACC,ACC,ACC
192.40,24.1674,24.8806,24.9855,24.9832,32.3463,41.4538,59.9754,Human,ACC,ACC,ACC
192.50,24.1031,24.9014,24.9385,25.0352,32.3252,41.3913,60.1161,Human,ACC,ACC,ACC
192.60,24.0214,24.8776,25.0000,24.9468,32.2477,41.3979,59.9480,Human,ACC,ACC,ACC
192.70,24.0100,24.9088,24.9735,24.9621,32.1123,41.3963,59.9540,Human,ACC,ACC,ACC
192.80,23.8989,24.8143,25.0198,24.9938,32.0988,41.4577,59.9401,Human,ACC,ACC,ACC
192.90,23.8179,24.8240,24.9947,25.0346,31.9588,41.3978,60.0315,Human,ACC,ACC,ACC
193.00,23.7273,24.8150,24.9262,25.0107,31.7939,41.4899,59.9954,Human,ACC,ACC,ACC
193.10,23.6907,24.8754,24.9697,24.9788,31.8170,41.3445,60.0574,Human,ACC,ACC,ACC
193.20,23.5874,24.8142,24.9238,25.0119,31.5966,41.4344,59.9790,Human,ACC,ACC,ACC
193.30,23.5341,24.7526,24.9408,25.0199,31.4276,41.2784,59.9541,Human,ACC,ACC,ACC
193.40,23.4981,24.7296,24.9773,25.0387,31.3843,41.3299,59.9894,Human,ACC,ACC,ACC
193.50,23.3443,24.7088,24.9230,24.9841,31.2746,41.3700,59.9304,Human,ACC,ACC,ACC
193.60,23.2750,24.6761,24.9315,24.9423,31.1336,41.3785,59.9465,Human,ACC,ACC,ACC
193.70,23.1532,24.6304,24.9650,24.9716,30.9112,41.2555,59.9852,Human,ACC,ACC,ACC
193.80,23.0801,24.6454,24.9564,24.9633,30.7632,41.2016,60.0500,Human,ACC,ACC,ACC
193.90,22.9984,24.6122,24.9437,24.9594,30.6809,41.1321,59.8795,Human,ACC,ACC,ACC
194.00,22.9339,24.5574,24.9573,24.9567,30.4194,41.1462,59.9203,Human,ACC,ACC,ACC
194.10,22.8622,24.5336,24.8882,25.0096,30.2669,41.1351,59.9395,Human,ACC,ACC,ACC
194.20,22.7720,24.4447,24.9643,24.9445,30.1188,41.0687,60.0196,Human,ACC,ACC,ACC
194.30,22.6281,24.4324,24.9194,24.9914,29.9771,41.0485,59.9439,Human,ACC,ACC,ACC
194.40,22.5594,24.4381,24.8979,25.0118,29.8580,40.9055,59.8756,Human,ACC,ACC,ACC
194.50,22.5501,24.3599,24.8003,24.9556,29.5690,41.0178,59.9998,Human,ACC,ACC,ACC
194.60,22.3451,24.3105,24.8639,24.9298,29.3487,40.8399,59.9403,Human,ACC,ACC,ACC
194.70,22.2491,24.2518,24.8413,24.8860,29.2117,40.8502,59.8773,Human,ACC,ACC,ACC
194.80,22.2164,24.2099,24.8315,24.9652,28.9256,40.7762,59.9525,Human,ACC,ACC,ACC
194.90,22.0647,24.1552,24.8455,24.9829,28.7274,40.5875,59.8543,Human,ACC,ACC,ACC
195.00,22.0134,24.0943,24.7741,24.9846,28.5026,40.6350,59.8049,Human,ACC,ACC,ACC
195.10,21.9210,24.0339,24.7161,24.9151,28.4209,40.5250,59.8539,Human,ACC,ACC,ACC
195.20,21.7555,24.0244,24.7646,24.9122,28.2011,40.4568,59.7798,Human,ACC,ACC,ACC
195.30,21.7096,24.0039,24.7733,24.8876,27.9944,40.3145,59.8827,Human,ACC,ACC,ACC
195.40,21.6202,23.8303,24.6647,24.9242,27.6956,40.2787,59.8124,Human,ACC,ACC,ACC
195.50,21.6014,23.8483,24.6924,24.8996,27.5212,40.2435,59.6982,Human,ACC,ACC,ACC
195.60,21.4438,23.7674,24.6226,24.8466,27.2277,40.1444,59.7673,Human,ACC,ACC,ACC
195.70,21.4009,23.6779,24.6859,24.8986,27.0360,40.0971,59.7155,Human,ACC,ACC,ACC
195.80,21.2975,23.5825,24.6247,24.9268,26.8541,39.9878,59.7155,Human,ACC,ACC,ACC
195.90,21.1932,23.5160,24.6064,24.8498,26.5618,39.8675,59.6925,Human,ACC,ACC,ACC
196.00,21.0308,23.4725,24.5898,24.8823,26.3649,39.6802,59.6636,Human,ACC,ACC,ACC
196.10,20.9465,23.4085,24.5353,24.8302,26.1744,39.5982,59.6154,Human,ACC,ACC,ACC
196.20,20.8219,23.3369,24.5066,24.8444,25.8424,39.5411,59.4717,Human,ACC,ACC,ACC
196.30,20.7571,23.1850,24.4738,24.8383,25.6925,39.4033,59.5273,Human,ACC,ACC,ACC
196.40,20.7374,23.1429,24.4171,24.7820,25.3841,39.3105,59.5190,Human,ACC,ACC,ACC
196.50,20.6287,23.0439,24.3731,24.7684,25.1609,39.1867,59.4686,Human,ACC,ACC,ACC
196.60,20.5831,23.0093,24.2995,24.8173,24.9213,39.0688,59.4456,Human,ACC,ACC,ACC
196.70,20.4394,22.9179,24.3125,24.7812,24.6102,38.8983,59.4740,Human,ACC,ACC,ACC
196.80,20.3266,22.8498,24.2713,24.7653,24.3824,38.7429,59.3464,Human,ACC,ACC,ACC
196.90,20.2472,22.7137,24.1848,24.6870,24.1999,38.5565,59.2741,Human,ACC,ACC,ACC
197.00,20.2768,22.6266,24.1757,24.6940,24.0117,38.4641,59.1918,Human,ACC,ACC,ACC
197.10,20.1177,22.5290,24.0741,24.6557,23.7133,38.2817,59.2439,Human,ACC,ACC,ACC
197.20,20.1175,22.4639,24.0629,24.5799,23.3551,38.1288,59.1585,Human,ACC,ACC,ACC
197.30,19.9246,22.3690,23.9950,24.5892,23.1349,37.9284,59.0728,Human,ACC,ACC,ACC
197.40,19.9161,22.3006,23.9830,24.5685,22.9646,37.7884,59.0012,Human,ACC,ACC,ACC
197.50,19.8569,22.1705,23.9260,24.5405,22.6609,37.5964,59.0058,Human,ACC,ACC,ACC
197.60,19.8315,22.1397,23.8394,24.4828,22.4674,37.4910,58.8483,Human,ACC,ACC,ACC
197.70,19.7783,22.0349,23.7601,24.5080,22.3146,37.3136,58.7992,Human,ACC,ACC,ACC
197.80,19.6716,21.9132,23.6662,24.4662,22.1054,37.1382,58.6202,Human,ACC,ACC,ACC
197.90,19.6099,21.8326,23.5838,24.4041,21.7940,37.0147,58.6794,Human,ACC,ACC,ACC
198.00,19.5621,21.7223,23.5535,24.3650,21.5981,36.6843,58.5109,Human,ACC,ACC,ACC
198.10,19.5122,21.5682,23.5138,24.3131,21.4994,36.6387,58.5231,Human,ACC,ACC,ACC
198.20,19.4597,21.5097,23.4400,24.2643,21.1075,36.3259,58.3467,Human,ACC,ACC,ACC
198.30,19.4329,21.4740,23.3871,24.2852,20.9158,36.2098,58.2322,Human,ACC,ACC,ACC
198.40,19.3897,21.3066,23.3024,24.2417,20.8067,36.0022,58.1658,Human,ACC,ACC,ACC
198.50,19.3522,21.2706,23.1904,24.1455,20.6210,35.8422,58.1042,Human,ACC,ACC,ACC
198.60,19.3180,21.1888,23.0798,24.1417,20.3814,35.6225,57.9036,Human,ACC,ACC,ACC
198.70,19.2543,21.0814,23.0403,24.0993,20.1189,35.3946,57.9038,Human,ACC,ACC,ACC
198.80,19.2416,20.9859,22.9105,24.0408,20.1250,35.2491,57.7432,Human,ACC,ACC,ACC
198.90,19.1792,20.8305,22.8910,23.9238,19.8422,34.9671,57.6818,Human,ACC,ACC,ACC
199.00,19.1740,20.8200,22.7715,23.9390,19.6962,34.8265,57.5863,Human,ACC,ACC,ACC
199.10,19.1331,20.6946,22.6615,23.8750,19.5932,34.6599,57.4019,Human,ACC,ACC,ACC
199.20,19.0988,20.6036,22.6159,23.8331,19.4313,34.3731,57.3608,Human,ACC,ACC,ACC
199.30,19.0811,20.5089,22.5690,23.7478,19.2493,34.3024,57.2170,Human,ACC,ACC,ACC
199.40,19.0834,20.4034,22.4551,23.6672,19.1020,34.0018,57.1416,Human,ACC,ACC,ACC
199.50,19.0608,20.3418,22.3473,23.6452,18.9915,33.7979,57.0145,Human,ACC,ACC,ACC
199.60,19.0372,20.1823,22.2691,23.5980,18.9572,33.6869,56.9188,Human,ACC,ACC,ACC
199.70,18.9998,20.0731,22.1726,23.4755,18.7120,33.3980,56.7215,Human,ACC,ACC,ACC
199.80,19.0630,20.0366,22.0733,23.4101,18.5474,33.2836,56.5086,Human,ACC,ACC,ACC
199.90,19.0099,19.9343,21.9528,23.3594,18.5522,32.9348,56.4488,Human,ACC,ACC,ACC
200.00,18.9771,19.9045,21.8501,23.2902,18.4825,32.8190,56.2609,Human,ACC,ACC,ACC
200.10,18.9807,19.7408,21.8378,23.1600,18.3276,32.6377,56.1580,Human,ACC,ACC,ACC
200.20,19.0439,19.6573,21.6950,23.2169,18.2915,32.4381,55.8929,Human,ACC,ACC,ACC
200.30,18.9384,19.5775,21.6338,23.0821,18.2326,32.2556,55.9574,Human,ACC,ACC,ACC
200.40,18.9850,19.5376,21.4692,23.0061,18.1961,31.9606,55.7679,Human,ACC,ACC,ACC
200.50,19.0450,19.4497,21.4035,22.9620,18.2047,31.7705,55.5333,Human,ACC,ACC,ACC
200.60,19.0595,19.3677,21.3098,22.8329,18.0631,31.5889,55.3147,Human,ACC,ACC,ACC
200.70,18.9821,19.2992,21.1835,22.7201,17.9195,31.3544,55.2280,Human,ACC,ACC,ACC
200.80,18.9425,19.2172,21.1069,22.7271,18.0297,31.2051,55.1099,Human,ACC,ACC,ACC
200.90,18.9855,19.1634,21.0232,22.6324,18.0553,31.1931,54.9844,Human,ACC,ACC,ACC
201.00,18.9977,19.0983,20.9596,22.5190,17.9268,30.9129,54.7797,Human,ACC,ACC,ACC
201.10,18.9867,18.9856,20.8180,22.4382,17.9851,30.7325,54.6546,Human,ACC,ACC,ACC
201.20,19.0572,18.9589,20.7300,22.3895,17.9038,30.4536,54.4648,Human,ACC,ACC,ACC
201.30,19.0495,18.8677,20.6532,22.2776,18.0092,30.4412,54.3148,Human,ACC,ACC,ACC
201.40,18.9980,18.8364,20.4970,22.1815,17.9692,30.1455,54.0827,Human,ACC,ACC,ACC
201.50,18.9326,18.8018,20.4122,22.0771,17.9418,29.9410,53.9215,Human,ACC,ACC,ACC
201.60,18.9992,18.7976,20.3237,22.0064,18.0345,29.8069,53.7793,Human,ACC,ACC,ACC
201.70,19.0512,18.6521,20.2108,21.9136,18.0457,29.6773,53.5862,Human,ACC,ACC,ACC
201.80,18.9941,18.6441,20.1357,21.8198,18.1089,29.5375,53.3057,Human,ACC,ACC,ACC
201.90,18.9972,18.5744,20.0108,21.7511,18.1481,29.3945,53.2331,Human,ACC,ACC,ACC
202.00,18.9799,18.5015,19.9289,21.6323,18.1887,29.2125,53.0958,Human,ACC,ACC,ACC
202.10,19.0132,18.4705,19.8064,21.5545,18.1876,29.1419,52.9331,Human,ACC,ACC,ACC
202.20,18.9870,18.4265,19.7434,21.4759,18.2142,28.9408,52.7764,Human,ACC,ACC,ACC
202.30,18.9756,18.4299,19.6742,21.3946,18.3643,28.8535,52.5121,Human,ACC,ACC,ACC
202.40,19.0287,18.3565,19.5491,21.3029,18.3744,28.7312,52.4078,Human,ACC,ACC,ACC
202.50,19.0786,18.3367,19.4970,21.1979,18.4743,28.5640,52.2077,Human,ACC,ACC,ACC
202.60,19.0184,18.3361,19.3903,21.1496,18.5220,28.4344,51.9909,Human,ACC,ACC,ACC
202.70,19.0375,18.2535,19.3363,21.0340,18.5814,28.3096,51.8938,Human,ACC,ACC,ACC
202.80,19.0154,18.1827,19.2811,20.9451,18.7370,28.3235,51.6592,Human,ACC,ACC,ACC
202.90,19.0041,18.2094,19.1055,20.8453,18.7440,28.1946,51.5014,Human,ACC,ACC,ACC
203.00,18.9781,18.1393,19.0252,20.7706,18.8502,28.0746,51.2733,Human,ACC,ACC,ACC
203.10,18.9972,18.0928,18.9463,20.6610,19.0151,27.9325,51.1036,Human,ACC,ACC,ACC
203.20,18.9860,18.1106,18.8944,20.5788,19.0828,27.8673,51.0624,Human,ACC,ACC,ACC
203.30,18.9663,18.0732,18.7594,20.4905,19.1531,27.8618,50.8220,Human,ACC,ACC,ACC
203.40,19.0022,18.0176,18.6957,20.3759,19.1627,27.7152,50.6773,Human,ACC,ACC,ACC
203.50,19.0604,18.0051,18.6389,20.3355,19.3242,27.6483,50.4496,Human,ACC,ACC,ACC
203.60,19.0130,18.0231,18.5362,20.1884,19.3870,27.6436,50.3612,Human,ACC,ACC,ACC
203.70,19.0973,17.9724,18.4920,20.1376,19.5751,27.5732,50.2456,Human,ACC,ACC,ACC
203.80,19.0295,17.9218,18.4392,20.0459,19.6697,27.6133,49.9706,Human,ACC,ACC,ACC
203.90,19.0203,17.9455,18.3480,19.9363,19.7681,27.5494,49.7664,Human,ACC,ACC,ACC
204.00,18.9303,17.9544,18.2552,19.8652,19.8916,27.4768,49.7385,Human,ACC,ACC,ACC
204.10,19.0489,17.9009,18.2517,19.7873,19.9632,27.4778,49.5163,Human,ACC,ACC,ACC
204.20,19.0210,17.9022,18.1576,19.7500,20.0389,27.4275,49.4171,Human,ACC,ACC,ACC
204.30,18.9931,17.8524,18.1031,19.6451,20.1093,27.4263,49.2863,Human,ACC,ACC,ACC
204.40,18.9686,17.9047,18.0770,19.6106,20.3360,27.3128,49.1399,Human,ACC,ACC,ACC
204.50,18.9823,17.8933,17.9510,19.4583,20.4235,27.3783,48.9278,Human,ACC,ACC,ACC
204.60,19.0038,17.8795,17.9439,19.3899,20.4905,27.2890,48.7548,Human,ACC,ACC,ACC
204.70,18.9831,17.8495,17.9027,19.3322,20.6685,27.2803,48.6112,Human,ACC,ACC,ACC
204.80,19.0192,17.8868,17.8786,19.1891,20.7550,27.3041,48.4007,Human,ACC,ACC,ACC
204.90,18.9857,17.8504,17.7783,19.1974,20.8216,27.3030,48.4398,Human,ACC,ACC,ACC
205.00,19.0223,17.8500,17.7550,19.1314,21.0004,27.2801,48.1727,Human,ACC,ACC,ACC
205.10,18.9908,17.8431,17.7342,19.0377,21.0608,27.3518,48.0553,Human,ACC,ACC,ACC
205.20,19.0416,17.8628,17.6884,18.9393,21.2189,27.2892,47.9788,Human,ACC,ACC,ACC
205.30,18.9737,17.8530,17.5513,18.8990,21.3703,27.2491,47.8341,Human,ACC,ACC,ACC
205.40,19.0287,17.8574,17.5841,18.8524,21.4395,27.4241,47.7158,Human,ACC,ACC,ACC
205.50,18.9996,17.8863,17.6183,18.7774,21.5385,27.4445,47.5947,Human,ACC,ACC,ACC
205.60,19.0277,17.8761,17.5294,18.7017,21.6601,27.5392,47.5204,Human,ACC,ACC,ACC
205.70,19.0027,17.8977,17.4448,18.6249,21.8141,27.4681,47.3316,Human,ACC,ACC,ACC
205.80,19.0197,17.8477,17.4590,18.5532,21.9337,27.4872,47.2918,Human,ACC,ACC,ACC
205.90,19.0134,17.9030,17.4766,18.5297,21.9300,27.6835,47.1929,Human,ACC,ACC,ACC
206.00,18.9802,17.8924,17.4261,18.4998,22.0805,27.6043,46.9277,Human,ACC,ACC,ACC
206.10,18.9393,17.9035,17.3341,18.4255,22.2158,27.7332,46.9525,Human,ACC,ACC,ACC
206.20,19.0136,17.9155,17.3906,18.3635,22.3160,27.8268,46.8495,Human,ACC,ACC,ACC
206.30,18.9823,17.9203,17.3802,18.2984,22.4581,27.7685,46.7538,Human,ACC,ACC,ACC
206.40,19.0016,17.8851,17.3615,18.2384,22.6734,27.8624,46.5510,Human,ACC,ACC,ACC
206.50,18.9795,17.9172,17.2879,18.1985,22.6649,27.9936,46.5983,Human,ACC,ACC,ACC
206.60,19.0373,17.9636,17.3395,18.2030,22.7359,27.9810,46.3817,Human,ACC,ACC,ACC
206.70,18.9751,17.9660,17.3295,18.1827,22.8972,27.9871,46.3427,Human,ACC,ACC,ACC
206.80,18.9603,17.9232,17.2896,18.0656,22.9431,28.0626,46.3689,Human,ACC,ACC,ACC
206.90,18.9723,17.9872,17.2449,17.9703,23.1450,28.1532,46.2133,Human,ACC,ACC,ACC
207.00,19.0001,17.9927,17.2787,18.0241,23.2569,28.2251,46.1119,Human,ACC,ACC,ACC
207.10,19.0060,17.9955,17.2360,17.9136,23.2349,28.3882,46.0693,Human,ACC,ACC,ACC
207.20,18.9882,18.0444,17.2700,17.9851,23.3755,28.3679,45.9482,Human,ACC,ACC,ACC
207.30,18.9963,17.9787,17.2729,17.9233,23.5189,28.4282,45.9011,Human,ACC,ACC,ACC
207.40,18.9672,17.9979,17.2529,17.8830,23.4879,28.4911,45.8384,Human,ACC,ACC,ACC
207.50,18.9686,18.0490,17.2271,17.7996,23.6403,28.5513,45.7736,Human,ACC,ACC,ACC
207.60,18.9629,18.0776,17.2410,17.7868,23.7507,28.5792,45.7745,Human,ACC,ACC,ACC
207.70,18.9259,18.1389,17.2283,17.7763,23.8358,28.7237,45.6790,Human,ACC,ACC,ACC
207.80,18.9680,18.1151,17.2172,17.7589,23.9609,28.8722,45.6432,Human,ACC,ACC,ACC
207.90,18.9951,18.1463,17.2355,17.7154,24.0288,28.9887,45.5272,Human,ACC,ACC,ACC
208.00,18.9937,18.1958,17.2324,17.7216,24.0870,29.0614,45.5489,Human,ACC,ACC,ACC
208.10,18.9817,18.1608,17.3022,17.6984,24.1497,29.1157,45.4714,Human,ACC,ACC,ACC
208.20,19.0079,18.1762,17.2769,17.6708,24.2861,29.1363,45.3869,Human,ACC,ACC,ACC
208.30,18.9529,18.1744,17.2831,17.6539,24.2976,29.2976,45.5479,Human,ACC,ACC,ACC
208.40,19.0214,18.2121,17.3310,17.6787,24.4956,29.4514,45.3945,Human,ACC,ACC,ACC
208.50,18.9320,18.2301,17.3304,17.6317,24.6041,29.4979,45.3656,Human,ACC,ACC,ACC
208.60,18.9628,18.2502,17.3786,17.6529,24.6570,29.5107,45.2273,Human,ACC,ACC,ACC
208.70,18.9978,18.2696,17.3878,17.6661,24.6226,29.7264,45.3502,Human,ACC,ACC,ACC
208.80,19.0353,18.2723,17.3807,17.6106,24.7633,29.7358,45.2744,Human,ACC,ACC,ACC
208.90,19.0067,18.2709,17.4176,17.5794,24.8454,29.7945,45.2985,Human,ACC,ACC,ACC
209.00,18.9772,18.3122,17.3974,17.5870,24.8501,29.9903,45.2256,Human,ACC,ACC,ACC
209.10,18.9407,18.3418,17.4329,17.5865,24.9214,30.0000,45.1801,Human,ACC,ACC,ACC
209.20,19.0134,18.3420,17.4331,17.6450,25.0268,30.0148,45.1866,Human,ACC,ACC,ACC
209.30,18.9872,18.3808,17.5263,17.5687,25.1025,30.2089,45.1792,Human,ACC,ACC,ACC
209.40,19.0028,18.3464,17.5255,17.5770,25.2214,30.1960,45.1772,Human,ACC,ACC,ACC
209.50,18.9686,18.4244,17.5439,17.5625,25.2013,30.3647,45.1670,Human,ACC,ACC,ACC
209.60,19.0340,18.4091,17.6182,17.6396,25.3524,30.4515,45.1287,Human,ACC,ACC,ACC
209.70,18.9842,18.4126,17.5388,17.5981,25.4649,30.5395,45.1618,Human,ACC,ACC,ACC
209.80,19.0014,18.4580,17.5903,17.5570,25.4442,30.5939,45.1566,Human,ACC,ACC,ACC
209.90,18.9768,18.4939,17.6454,17.6005,25.4986,30.6499,45.1453,Human,ACC,ACC,ACC
210.00,18.9961,18.4651,17.6380,17.5641,25.5562,30.8784,45.1651,Human,ACC,ACC,ACC
210.10,19.0256,18.4674,17.6669,17.5479,25.5576,30.9268,45.1006,Human,ACC,ACC,ACC
210.20,19.0067,18.5408,17.6246,17.6729,25.5794,30.9171,45.0775,Human,ACC,ACC,ACC
210.30,19.0135,18.4975,17.6694,17.6728,25.5212,31.0168,45.2284,Human,ACC,ACC,ACC
210.40,19.0075,18.5514,17.7336,17.6276,25.7419,31.1780,45.0596,Human,ACC,ACC,ACC
210.50,19.0249,18.5229,17.7940,17.6145,25.7481,31.2601,45.1601,Human,ACC,ACC,ACC
210.60,18.9735,18.5242,17.8329,17.6249,25.7361,31.2898,45.2143,Human,ACC,ACC,ACC
210.70,18.9673,18.6002,17.8293,17.7515,25.8732,31.3490,45.2869,Human,ACC,ACC,ACC
210.80,19.0528,18.6142,17.8701,17.6506,25.9171,31.4371,45.2222,Human,ACC,ACC,ACC
210.90,18.9747,18.6022,17.8730,17.6786,25.9573,31.4663,45.3026,Human,ACC,ACC,ACC
211.00,18.9733,18.6022,17.9364,17.7461,26.0171,31.6175,45.2104,Human,ACC,ACC,ACC
211.10,18.9905,18.6332,17.9423,17.7303,26.0192,31.6609,45.3330,Human,ACC,ACC,ACC
211.20,18.9924,18.6062,17.9813,17.7951,25.9571,31.6836,45.3056,Human,ACC,ACC,ACC
211.30,19.0104,18.6836,18.0007,17.8438,26.1347,31.7525,45.3730,Human,ACC,ACC,ACC
211.40,19.0058,18.6460,17.9883,17.8239,26.1062,31.9432,45.3664,Human,ACC,ACC,ACC
211.50,19.0306,18.7199,18.0706,17.8277,26.0514,31.9012,45.3849,Human,ACC,ACC,ACC
211.60,18.9572,18.6910,18.0227,17.8306,26.2215,32.0116,45.3816,Human,ACC,ACC,ACC
211.70,18.9608,18.7275,18.0979,17.8055,26.1260,32.0438,45.4132,Human,ACC,ACC,ACC
211.80,19.0210,18.7597,18.0908,17.8859,26.2797,32.1490,45.3751,Human,ACC,ACC,ACC
211.90,19.0205,18.7424,18.1833,17.9078,26.1269,32.1434,45.4821,Human,ACC,ACC,ACC
212.00,19.0307,18.7687,18.1816,17.9381,26.2171,32.1968,45.5530,Human,ACC,ACC,ACC
212.10,19.0224,18.7830,18.2011,17.9220,26.3237,32.1947,45.5385,Human,ACC,ACC,ACC
212.20,18.9890,18.7714,18.2474,17.9713,26.3172,32.3246,45.5764,Human,ACC,ACC,ACC
212.30,18.9972,18.7998,18.2737,18.0336,26.3587,32.5101,45.5879,Human,ACC,ACC,ACC
212.40,19.0344,18.7949,18.3080,18.0011,26.3137,32.4164,45.6401,Human,ACC,ACC,ACC
212.50,18.9968,18.8159,18.3046,17.9938,26.4624,32.5214,45.6600,Human,ACC,ACC,ACC
212.60,18.9284,18.8399,18.3834,18.0296,26.3980,32.5191,45.6666,Human,ACC,ACC,ACC
212.70,19.0142,18.8339,18.3837,18.0553,26.3416,32.6253,45.7157,Human,ACC,ACC,ACC
212.80,18.9928,18.8525,18.3329,18.1078,26.4249,32.5929,45.7095,Human,ACC,ACC,ACC
212.90,18.9955,18.7944,18.4463,18.1237,26.4017,32.6945,45.7385,Human,ACC,ACC,ACC
213.00,19.0053,18.8868,18.4409,18.1167,26.4604,32.7683,45.8451,Human,ACC,ACC,ACC
213.10,18.9865,18.8739,18.5424,18.2246,26.4043,32.7479,45.7600,Human,ACC,ACC,ACC
213.20,18.9852,18.8839,18.5123,18.2108,26.5265,32.7628,45.9105,Human,ACC,ACC,ACC
213.30,18.9792,18.8763,18.5835,18.2484,26.4507,32.8933,45.8488,Human,ACC,ACC,ACC
213.40,18.9542,18.8632,18.5276,18.2475,26.4733,32.8861,45.9108,Human,ACC,ACC,ACC
213.50,19.0151,18.9135,18.5284,18.2708,26.4851,32.9483,45.9962,Human,ACC,ACC,ACC
213.60,19.0167,18.9321,18.5843,18.3045,26.5416,32.9261,45.8779,Human,ACC,ACC,ACC
213.70,18.9975,18.9079,18.6245,18.2733,26.5113,32.8434,46.0327,Human,ACC,ACC,ACC
213.80,19.0272,18.9624,18.6153,18.3403,26.5417,32.9540,46.0593,Human,ACC,ACC,ACC
213.90,19.0356,18.8942,18.6625,18.4052,26.4835,33.1053,46.0243,Human,ACC,ACC,ACC
214.00,18.9538,18.9595,18.6468,18.3781,26.4789,33.0395,46.1044,Human,ACC,ACC,ACC
214.10,18.9289,18.9245,18.6940,18.4070,26.4720,33.2089,46.1053,Human,ACC,ACC,ACC
214.20,19.0102,18.9916,18.7643,18.4460,26.6110,33.1101,46.1386,Human,ACC,ACC,ACC
214.30,19.0207,18.9574,18.7467,18.5414,26.4922,33.1110,46.2060,Human,ACC,ACC,ACC
214.40,19.0656,19.0172,18.7930,18.4994,26.5865,33.1763,46.1710,Human,ACC,ACC,ACC
214.50,18.9873,19.0570,18.7800,18.4900,26.5386,33.1538,46.1135,Human,ACC,ACC,ACC
214.60,19.0631,18.9446,18.8208,18.4637,26.5339,33.1272,46.2434,Human,ACC,ACC,ACC
214.70,18.9799,19.0092,18.8186,18.5411,26.5294,33.2120,46.2910,Human,ACC,ACC,ACC
214.80,18.9765,19.0147,18.8123,18.5459,26.6010,33.2961,46.4072,Human,ACC,ACC,ACC
214.90,18.9582,19.0427,18.8269,18.5990,26.5335,33.2769,46.4483,Human,ACC,ACC,ACC
215.00,18.9869,19.0198,18.9174,18.6026,26.4898,33.2973,46.3968,Human,ACC,ACC,ACC
215.10,18.9431,19.0488,18.8136,18.6278,26.5315,33.3242,46.4243,Human,ACC,ACC,ACC
215.20,18.9872,18.9976,18.9182,18.6311,26.5531,33.2665,46.4704,Human,ACC,ACC,ACC
215.30,19.0585,19.0308,18.9895,18.7012,26.4582,33.3722,46.5214,Human,ACC,ACC,ACC
215.40,18.9810,19.0241,18.9866,18.6759,26.4942,33.3052,46.4990,Human,ACC,ACC,ACC
215.50,19.0038,19.0451,18.9266,18.6882,26.5261,33.2657,46.4777,Human,ACC,ACC,ACC
215.60,18.9706,19.0114,18.9685,18.7714,26.5393,33.3374,46.4900,Human,ACC,ACC,ACC
215.70,19.0472,19.0590,18.9954,18.7523,26.3789,33.3336,46.4927,Human,ACC,ACC,ACC
215.80,19.0396,19.0741,18.9909,18.7438,26.4870,33.3575,46.6928,Human,ACC,ACC,ACC
215.90,19.0329,19.1458,18.9997,18.7123,26.4129,33.3978,46.5695,Human,ACC,ACC,ACC
216.00,19.0233,19.0694,19.0353,18.8280,26.4164,33.3611,46.6107,Human,ACC,ACC,ACC
216.10,19.0011,19.0353,18.9850,18.8070,26.5478,33.3720,46.6389,Human,ACC,ACC,ACC
216.20,18.9646,19.0866,19.0174,18.8148,26.5638,33.3385,46.6804,Human,ACC,ACC,ACC
216.30,18.9552,19.0700,19.0536,18.8597,26.4329,33.3410,46.7506,Human,ACC,ACC,ACC
216.40,19.0393,19.0780,19.0522,18.9166,26.4926,33.3169,46.7197,Human,ACC,ACC,ACC
216.50,19.0100,19.1043,19.1068,18.9175,26.4075,33.3116,46.7008,Human,ACC,ACC,ACC
216.60,19.0294,19.1087,19.1218,18.8638,26.3988,33.3349,46.8010,Human,ACC,ACC,ACC
216.70,18.9810,19.0875,19.1114,18.9051,26.4474,33.3862,46.8203,Human,ACC,ACC,ACC
216.80,19.0085,19.0935,19.1052,18.8706,26.3536,33.3457,46.8453,Human,ACC,ACC,ACC
216.90,19.0242,19.1122,19.1006,18.9484,26.4165,33.3676,46.8723,Human,ACC,ACC,ACC
217.00,19.0110,19.0986,19.0804,18.9114,26.3669,33.3118,46.8799,Human,ACC,ACC,ACC
217.10,18.9812,19.1463,19.1178,18.9506,26.3486,33.2816,46.9241,Human,ACC,ACC,ACC
217.20,18.9660,19.0847,19.1615,18.9120,26.3777,33.3943,46.8785,Human,ACC,ACC,ACC
217.30,18.9143,19.1206,19.1596,18.9687,26.4208,33.3767,46.9660,Human,ACC,ACC,ACC
217.40,19.0282,19.1310,19.1027,18.9942,26.3073,33.3324,46.9977,Human,ACC,ACC,ACC
217.50,19.0324,19.0830,19.1627,19.0398,26.3273,33.3420,47.0240,Human,ACC,ACC,ACC
217.60,18.9912,19.0681,19.1577,18.9831,26.3740,33.3448,47.0600,Human,ACC,ACC,ACC
217.70,19.0158,19.0530,19.2141,18.9847,26.2360,33.3230,46.9567,Human,ACC,ACC,ACC
217.80,19.0006,19.0614,19.1801,19.0755,26.3682,33.3940,46.9750,Human,ACC,ACC,ACC
217.90,19.0329,19.1451,19.1920,19.0585,26.2937,33.3547,47.0375,Human,ACC,ACC,ACC
218.00,19.0062,19.1249,19.1875,19.0984,26.2888,33.3485,47.1197,Human,ACC,ACC,ACC
218.10,19.0090,19.1411,19.2182,19.0954,26.2713,33.2381,47.0343,Human,ACC,ACC,ACC
218.20,18.9773,19.0945,19.1692,19.0756,26.2530,33.2631,47.0857,Human,ACC,ACC,ACC
218.30,18.9939,19.1322,19.1740,19.1904,26.2792,33.3146,47.0872,Human,ACC,ACC,ACC
218.40,18.9956,19.1449,19.2464,19.0264,26.2459,33.2115,47.0595,Human,ACC,ACC,ACC
218.50,18.9913,19.1513,19.1456,19.1333,26.1813,33.2650,47.0813,Human,ACC,ACC,ACC
218.60,18.9717,19.0930,19.2279,19.0622,26.2099,33.2635,47.0835,Human,ACC,ACC,ACC
218.70,19.0051,19.0873,19.2013,19.1467,26.2521,33.2768,47.0626,Human,ACC,ACC,ACC
218.80,19.1044,19.1167,19.2426,19.1314,26.2529,33.1988,47.0826,Human,ACC,ACC,ACC
218.90,18.9775,19.1137,19.2735,19.1454,26.1646,33.1423,47.1424,Human,ACC,ACC,ACC
219.00,19.0259,19.0987,19.3053,19.0968,26.2264,33.1182,47.1551,Human,ACC,ACC,ACC
219.10,19.0167,19.1211,19.2391,19.1189,26.1861,33.2094,47.1736,Human,ACC,ACC,ACC
219.20,18.9649,19.0972,19.2352,19.1218,26.1685,33.1431,47.1930,Human,ACC,ACC,ACC
219.30,18.9671,19.1203,19.2641,19.1469,26.1532,33.1904,47.1726,Human,ACC,ACC,ACC
219.40,18.9781,19.0809,19.3082,19.1836,26.1145,33.1372,47.1934,Human,ACC,ACC,ACC
219.50,18.9970,19.1320,19.3032,19.2089,26.1661,33.0352,47.1098,Human,ACC,ACC,ACC
219.60,18.9561,19.0983,19.2224,19.1680,26.0286,33.0876,47.1446,Human,ACC,ACC,ACC
219.70,18.9624,19.0881,19.2019,19.1928,26.1056,33.0849,47.2452,Human,ACC,ACC,ACC
219.80,19.0002,19.0564,19.1830,19.1722,26.0567,33.0520,47.1477,Human,ACC,ACC,ACC
219.90,19.0184,19.1127,19.2319,19.0910,26.0618,33.0799,47.1683,Human,ACC,ACC,ACC
220.00,18.9840,19.0744,19.2232,19.1570,26.0222,32.9936,47.2041,Human,ACC,ACC,ACC
220.10,18.9873,19.0755,19.3141,19.2180,26.0303,32.9980,47.1862,Human,ACC,ACC,ACC
220.20,18.9989,19.0929,19.2279,19.2054,26.0629,33.1284,47.2797,Human,ACC,ACC,ACC
220.30,18.9999,19.0926,19.2613,19.2274,25.9963,32.9959,47.1123,Human,ACC,ACC,ACC
220.40,19.0317,19.1320,19.2358,19.1752,25.9377,32.9156,47.2512,Human,ACC,ACC,ACC
220.50,18.9832,19.0698,19.2257,19.2189,26.0174,32.9198,47.1780,Human,ACC,ACC,ACC
220.60,19.0843,19.0723,19.2018,19.2320,25.9960,32.9444,47.2816,Human,ACC,ACC,ACC
220.70,19.1065,19.0742,19.2344,19.2518,25.9253,32.9406,47.2250,Human,ACC,ACC,ACC
220.80,19.1027,19.0860,19.1598,19.2517,26.0394,32.8452,47.2234,Human,ACC,ACC,ACC
220.90,19.1373,19.0907,19.2063,19.1755,25.9584,32.9078,47.1398,Human,ACC,ACC,ACC
221.00,19.1426,19.0832,19.2512,19.1775,26.0595,33.0702,47.2642,Human,ACC,ACC,ACC
221.10,19.2195,19.0873,19.2516,19.1855,26.0161,32.8255,47.2578,Human,ACC,ACC,ACC
221.20,19.2199,19.1231,19.2170,19.1710,26.0980,32.8438,47.2612,Human,ACC,ACC,ACC
221.30,19.2356,19.1030,19.1690,19.1722,25.9698,32.8229,47.2230,Human,ACC,ACC,ACC
221.40,19.2914,19.0593,19.2290,19.1804,26.0066,32.9075,47.2836,Human,ACC,ACC,ACC
221.50,19.2706,19.0661,19.2508,19.1898,26.0977,32.8833,47.2911,Human,ACC,ACC,ACC
221.60,19.3697,19.0989,19.1747,19.2483,26.1454,32.9109,47.2824,Human,ACC,ACC,ACC
221.70,19.4219,19.1076,19.1501,19.1625,26.1011,32.9423,47.2694,Human,ACC,ACC,ACC
221.80,19.3830,19.0920,19.1910,19.2364,26.1932,32.8674,47.2270,Human,ACC,ACC,ACC
221.90,19.5622,19.0944,19.1872,19.2275,26.2364,32.7712,47.1912,Human,ACC,ACC,ACC
222.00,19.6178,19.0823,19.2114,19.2057,26.2538,32.8617,47.2313,Human,ACC,ACC,ACC
222.10,19.6184,19.1375,19.1662,19.1800,26.3382,32.7965,47.2666,Human,ACC,ACC,ACC
222.20,19.7073,19.1193,19.1795,19.2070,26.2565,32.7515,47.2496,Human,ACC,ACC,ACC
222.30,19.7635,19.1169,19.2079,19.2222,26.4129,32.8192,47.2774,Human,ACC,ACC,ACC
222.40,19.8565,19.1751,19.2083,19.2023,26.5355,32.7135,47.1886,Human,ACC,ACC,ACC
222.50,19.8812,19.1296,19.2660,19.2003,26.5129,32.8022,47.2462,Human,ACC,ACC,ACC
222.60,19.9620,19.1996,19.1374,19.1807,26.6321,32.8014,47.1846,Human,ACC,ACC,ACC
222.70,20.0032,19.1417,19.1385,19.1883,26.8165,32.7822,47.2025,Human,ACC,ACC,ACC
222.80,20.1255,19.2074,19.1760,19.2030,26.8393,32.8265,47.2219,Human,ACC,ACC,ACC
222.90,20.1104,19.2221,19.1865,19.1680,26.9041,32.7809,47.2104,Human,ACC,ACC,ACC
223.00,20.2419,19.2123,19.1571,19.1691,27.0325,32.7641,47.1562,Human,ACC,ACC,ACC
223.10,20.2925,19.2082,19.1859,19.2079,27.0980,32.8095,47.1599,Human,ACC,ACC,ACC
223.20,20.4013,19.2510,19.1595,19.2565,27.1684,32.7791,47.1554,Human,ACC,ACC,ACC
223.30,20.4161,19.3139,19.1825,19.1955,27.3651,32.7801,47.1572,Human,ACC,ACC,ACC
223.40,20.5386,19.2946,19.1370,19.1501,27.5477,32.8376,47.1306,Human,ACC,ACC,ACC
223.50,20.6338,19.2763,19.1989,19.2235,27.6440,32.8131,47.1343,Human,ACC,ACC,ACC
223.60,20.6186,19.3060,19.1835,19.1948,27.7517,32.7799,47.1683,Human,ACC,ACC,ACC
223.70,20.8110,19.3936,19.2001,19.2129,27.8875,32.9014,47.1453,Human,ACC,ACC,ACC
223.80,20.9485,19.4118,19.2065,19.1369,27.9827,32.8837,47.2271,Human,ACC,ACC,ACC
223.90,20.9790,19.4064,19.2260,19.2544,28.0725,32.9511,47.1836,Human,ACC,ACC,ACC
224.00,21.0884,19.4378,19.1852,19.1842,28.3793,32.8864,47.2243,Human,ACC,ACC,ACC
224.10,21.1682,19.5451,19.2224,19.1030,28.4356,32.9842,47.1519,Human,ACC,ACC,ACC
224.20,21.2942,19.5351,19.1829,19.2243,28.5279,33.0007,47.1906,Human,ACC,ACC,ACC
224.30,21.3368,19.5483,19.1668,19.1832,28.8583,33.0103,47.1188,Human,ACC,ACC,ACC
224.40,21.4644,19.6758,19.2092,19.1673,29.0291,33.0632,47.2268,Human,ACC,ACC,ACC
224.50,21.5787,19.6604,19.2668,19.1886,29.2463,33.1126,47.1728,Human,ACC,ACC,ACC
224.60,21.6304,19.7123,19.2418,19.1682,29.3325,33.0743,47.1853,Human,ACC,ACC,ACC
224.70,21.6966,19.7625,19.2242,19.1922,29.5940,33.2714,47.1902,Human,ACC,ACC,ACC
224.80,21.8135,19.8079,19.2497,19.1776,29.8447,33.2504,47.1967,Human,ACC,ACC,ACC
224.90,21.9572,19.8666,19.2510,19.1774,29.9328,33.3123,47.1924,Human,ACC,ACC,ACC
225.00,22.0192,19.9139,19.2786,19.1809,30.1318,33.3751,47.2279,Human,ACC,ACC,ACC
225.10,22.0985,19.9867,19.3120,19.1423,30.3797,33.4111,47.2487,Human,ACC,ACC,ACC
225.20,22.1557,19.9531,19.3396,19.2280,30.5495,33.5521,47.2395,Human,ACC,ACC,ACC
225.30,22.3206,20.0950,19.3683,19.1976,30.7144,33.5549,47.2940,Human,ACC,ACC,ACC
225.40,22.3717,20.1053,19.3300,19.1856,30.9959,33.6507,47.2425,Human,ACC,ACC,ACC
225.50,22.4961,20.2639,19.3605,19.2198,31.2557,33.7912,47.2650,Human,ACC,ACC,ACC
225.60,22.5697,20.2555,19.3456,19.1921,31.5575,33.8228,47.2744,Human,ACC,ACC,ACC
225.70,22.6106,20.3355,19.4170,19.2161,31.6982,33.9482,47.3852,Human,ACC,ACC,ACC
225.80,22.7403,20.4276,19.4190,19.2557,32.0507,34.0186,47.3285,Human,ACC,ACC,ACC
225.90,22.7861,20.4849,19.4858,19.2138,32.2035,34.1278,47.4003,Human,ACC,ACC,ACC
226.00,22.8785,20.5737,19.4828,19.2702,32.3590,34.2772,47.2800,Human,ACC,ACC,ACC
226.10,23.0384,20.6278,19.5335,19.2866,32.6726,34.3758,47.5291,Human,ACC,ACC,ACC
226.20,23.1148,20.6750,19.5708,19.2848,32.8435,34.4886,47.4702,Human,ACC,ACC,ACC
226.30,23.1967,20.7852,19.5953,19.2769,33.0825,34.5836,47.4297,Human,ACC,ACC,ACC
226.40,23.2485,20.8149,19.6691,19.2747,33.3133,34.6192,47.4926,Human,ACC,ACC,ACC
226.50,23.3678,20.8925,19.6776,19.2834,33.5607,34.7164,47.5520,Human,ACC,ACC,ACC
226.60,23.5331,20.9880,19.6834,19.3517,33.7714,34.9772,47.5875,Human,ACC,ACC,ACC
226.70,23.5603,21.0380,19.7609,19.3664,34.0564,35.0007,47.5722,Human,ACC,ACC,ACC
226.80,23.5701,21.2052,19.7805,19.3282,34.2734,35.1951,47.6407,Human,ACC,ACC,ACC
226.90,23.6749,21.2562,19.7996,19.4439,34.6987,35.2536,47.6749,Human,ACC,ACC,ACC
227.00,23.7489,21.3340,19.9132,19.3953,34.8478,35.5485,47.8156,Human,ACC,ACC,ACC
227.10,23.8776,21.4358,19.9467,19.4219,35.0137,35.6866,47.6625,Human,ACC,ACC,ACC
227.20,23.9164,21.5262,19.9835,19.4921,35.2888,35.8417,47.8888,Human,ACC,ACC,ACC
227.30,23.9628,21.6057,20.0287,19.4835,35.4685,35.9168,47.8060,Human,ACC,ACC,ACC
227.40,24.0647,21.7404,20.0532,19.5001,35.7356,36.0503,47.9821,Human,ACC,ACC,ACC
227.50,24.1152,21.7954,20.1541,19.4610,35.9677,36.3096,48.0249,Human,ACC,ACC,ACC
227.60,24.1942,21.9004,20.1647,19.5455,36.2184,36.5332,48.1513,Human,ACC,ACC,ACC
227.70,24.2956,21.9775,20.2846,19.5718,36.3980,36.6854,48.1991,Human,ACC,ACC,ACC
227.80,24.2865,22.0552,20.3169,19.6489,36.7510,36.8140,48.1452,Human,ACC,ACC,ACC
227.90,24.3939,22.1557,20.4219,19.6397,36.8894,36.8510,48.2378,Human,ACC,ACC,ACC
228.00,24.4056,22.2841,20.4306,19.6317,37.0911,37.2106,48.3842,Human,ACC,ACC,ACC
228.10,24.5188,22.3120,20.5410,19.6695,37.3490,37.3676,48.4176,Human,ACC,ACC,ACC
228.20,24.5313,22.4556,20.5808,19.6880,37.6014,37.5279,48.4974,Human,ACC,ACC,ACC
228.30,24.5782,22.5559,20.6380,19.7905,37.7244,37.6932,48.6594,Human,ACC,ACC,ACC
228.40,24.6576,22.6313,20.7448,19.7997,38.0216,37.8805,48.7077,Human,ACC,ACC,ACC
228.50,24.6835,22.7672,20.8850,19.9037,38.2350,38.2438,48.8984,Human,ACC,ACC,ACC
228.60,24.7265,22.8856,20.8579,19.9532,38.3463,38.2653,48.9388,Human,ACC,ACC,ACC
228.70,24.7364,22.9210,20.9974,19.9747,38.5359,38.4407,49.0700,Human,ACC,ACC,ACC
228.80,24.8278,22.9917,21.0522,20.0001,38.8233,38.6365,49.0665,Human,ACC,ACC,ACC
228.90,24.8139,23.0732,21.1526,20.0715,38.8470,38.8156,49.2491,Human,ACC,ACC,ACC
229.00,24.8234,23.1843,21.1814,20.1580,38.9675,39.1110,49.3363,Human,ACC,ACC,ACC
229.10,24.8773,23.3083,21.3054,20.1700,39.2339,39.2082,49.4347,Human,ACC,ACC,ACC
229.20,24.9120,23.4335,21.3857,20.2502,39.3635,39.5272,49.5596,Human,ACC,ACC,ACC
229.30,24.8921,23.5062,21.4520,20.2838,39.4675,39.7437,49.7257,Human,ACC,ACC,ACC
229.40,24.9453,23.5776,21.5400,20.3665,39.7009,39.8557,49.8034,Human,ACC,ACC,ACC
229.50,24.9464,23.6508,21.6568,20.4269,39.7211,40.0886,49.9372,Human,ACC,ACC,ACC
229.60,24.9681,23.7814,21.7048,20.4535,39.8192,40.4381,50.0860,Human,ACC,ACC,ACC
229.70,25.0190,23.8903,21.8252,20.5142,39.9678,40.4785,50.1506,Human,ACC,ACC,ACC
229.80,24.9460,23.9639,21.9267,20.6177,40.1065,40.6514,50.2789,Human,ACC,ACC,ACC
229.90,25.0577,24.0524,22.0347,20.6198,40.1372,40.8843,50.5076,Human,ACC,ACC,ACC
230.00,25.0353,24.1522,22.1408,20.7400,40.3016,41.0987,50.6336,Human,ACC,ACC,ACC
230.10,25.0133,24.2541,22.1764,20.8080,40.4035,41.3506,50.6676,Human,ACC,ACC,ACC
230.20,25.0318,24.2702,22.2579,20.8723,40.5167,41.5044,50.8808,Human,ACC,ACC,ACC
230.30,25.0038,24.3920,22.4071,20.9091,40.5609,41.8052,51.0312,Human,ACC,ACC,ACC
230.40,25.0101,24.4865,22.4750,20.9965,40.5871,41.8655,51.1141,Human,ACC,ACC,ACC
230.50,24.9673,24.5550,22.6401,21.0395,40.6046,42.1890,51.2562,Human,ACC,ACC,ACC
230.60,25.0226,24.6333,22.6647,21.1447,40.5687,42.3261,51.4699,Human,ACC,ACC,ACC
230.70,24.9698,24.6580,22.7843,21.2519,40.6722,42.5340,51.5180,Human,ACC,ACC,ACC
230.80,25.0038,24.7782,22.8841,21.2772,40.7578,42.6795,51.7544,Human,ACC,ACC,ACC
230.90,25.0429,24.8581,22.9562,21.4429,40.7878,42.8402,51.9365,Human,ACC,ACC,ACC
231.00,25.0142,24.8958,23.1320,21.3989,40.7564,43.0625,52.1264,Human,ACC,ACC,ACC
231.10,24.9536,24.9793,23.1677,21.5262,40.7431,43.2402,52.2965,Human,ACC,ACC,ACC
231.20,25.0447,25.0373,23.2364,21.6175,40.8521,43.3795,52.3495,Human,ACC,ACC,ACC
231.30,25.0254,25.1380,23.3138,21.7281,40.8115,43.5539,52.5483,Human,ACC,ACC,ACC
231.40,24.9896,25.0953,23.4660,21.7587,40.7050,43.7872,52.6309,Human,ACC,ACC,ACC
231.50,24.9851,25.2525,23.5839,21.9142,40.7618,43.9561,52.8444,Human,ACC,ACC,ACC
231.60,25.0184,25.2723,23.6950,21.9437,40.6540,44.0198,52.9508,Human,ACC,ACC,ACC
231.70,24.9904,25.3417,23.7423,22.0523,40.7919,44.1447,53.1513,Human,ACC,ACC,ACC
231.80,25.0363,25.4144,23.8425,22.1291,40.6851,44.3959,53.4367,Human,ACC,ACC,ACC
231.90,25.0181,25.4283,23.9363,22.2589,40.6948,44.5645,53.5535,Human,ACC,ACC,ACC
232.00,25.0173,25.4717,24.1371,22.3702,40.5570,44.6771,53.7755,Human,ACC,ACC,ACC
232.10,25.0250,25.5462,24.2320,22.4520,40.5662,44.8568,53.8172,Human,ACC,ACC,ACC
232.20,24.9801,25.5707,24.2407,22.4931,40.4439,44.9261,54.0464,Human,ACC,ACC,ACC
232.30,25.0088,25.6118,24.3292,22.5856,40.3711,45.1241,54.2993,Human,ACC,ACC,ACC
232.40,25.0255,25.5988,24.4461,22.6905,40.4521,45.1889,54.4146,Human,ACC,ACC,ACC
232.50,25.0093,25.6153,24.5613,22.7300,40.2997,45.3345,54.5510,Human,ACC,ACC,ACC
232.60,24.9759,25.7413,24.5830,22.8594,40.2647,45.3488,54.7418,Human,ACC,ACC,ACC
232.70,24.9358,25.7453,24.6945,22.9819,40.0559,45.5905,54.8691,Human,ACC,ACC,ACC
232.80,24.9929,25.7984,24.7873,23.0328,40.0158,45.6629,55.0590,Human,ACC,ACC,ACC
232.90,24.9793,25.8816,24.8342,23.1792,40.0053,45.7433,55.3809,Human,ACC,ACC,ACC
233.00,25.0034,25.8977,24.9237,23.2485,39.8481,45.8157,55.4827,Human,ACC,ACC,ACC
233.10,25.0111,25.8764,25.0334,23.3007,39.8282,45.9674,55.6102,Human,ACC,ACC,ACC
233.20,24.9990,25.8982,25.1268,23.4102,39.7802,46.0456,55.8605,Human,ACC,ACC,ACC
233.30,24.9604,25.9243,25.1800,23.4756,39.5729,46.1189,55.9519,Human,ACC,ACC,ACC
233.40,25.0405,25.9707,25.2845,23.5684,39.5661,46.1317,56.1711,Human,ACC,ACC,ACC
233.50,24.9896,26.0105,25.2928,23.6898,39.3826,46.2904,56.3242,Human,ACC,ACC,ACC
233.60,25.0040,25.9866,25.4109,23.7349,39.2602,46.3279,56.3646,Human,ACC,ACC,ACC
233.70,25.0080,25.9845,25.4422,23.8945,39.2776,46.2844,56.6216,Human,ACC,ACC,ACC
233.80,24.9807,25.9755,25.5781,23.9167,39.1331,46.3347,56.6941,Human,ACC,ACC,ACC
233.90,24.8976,26.0520,25.6445,24.0350,39.0672,46.4381,57.0015,Human,ACC,ACC,ACC
234.00,25.0520,26.0645,25.7008,24.0794,38.9339,46.6414,57.1142,Human,ACC,ACC,ACC
234.10,25.0062,26.1265,25.7619,24.1972,38.9174,46.5570,57.2662,Human,ACC,ACC,ACC
234.20,24.9431,26.0820,25.7711,24.2978,38.7476,46.5326,57.3842,Human,ACC,ACC,ACC
234.30,24.9796,26.1143,25.8395,24.4118,38.6938,46.5870,57.5114,Human,ACC,ACC,ACC
234.40,24.9668,26.1168,26.0047,24.4427,38.5260,46.5757,57.7233,Human,ACC,ACC,ACC
234.50,24.9756,26.1388,26.0124,24.5411,38.4459,46.6989,57.9588,Human,ACC,ACC,ACC
234.60,24.9432,26.1338,25.9742,24.6492,38.3357,46.6786,58.0408,Human,ACC,ACC,ACC
234.70,25.0035,26.1193,26.1088,24.6840,38.1793,46.6507,58.2707,Human,ACC,ACC,ACC
234.80,24.9664,26.1853,26.1316,24.6927,38.0474,46.7389,58.2917,Human,ACC,ACC,ACC
234.90,25.0429,26.1859,26.2238,24.8348,37.9985,46.5101,58.4436,Human,ACC,ACC,ACC
235.00,24.9750,26.1704,26.2875,24.9150,37.7925,46.7251,58.6471,Human,ACC,ACC,ACC
235.10,25.0489,26.1208,26.3063,24.9896,37.6785,46.6315,58.7512,Human,ACC,ACC,ACC
235.20,24.9573,26.0956,26.2964,25.0336,37.6113,46.6253,58.8842,Human,ACC,ACC,ACC
235.30,25.0150,26.1363,26.3554,25.0956,37.4166,46.6822,58.9854,Human,ACC,ACC,ACC
235.40,25.0042,26.1585,26.4096,25.1636,37.2240,46.5325,59.0835,Human,ACC,ACC,ACC
235.50,25.0093,26.1250,26.4540,25.2149,37.3691,46.5510,59.1339,Human,ACC,ACC,ACC
235.60,25.0504,26.1341,26.4720,25.2703,37.2104,46.5408,59.3281,Human,ACC,ACC,ACC
235.70,24.9913,26.1353,26.4958,25.3358,37.0819,46.4670,59.4387,Human,ACC,ACC,ACC
235.80,24.9670,26.1263,26.5293,25.4303,36.9673,46.4707,59.6061,Human,ACC,ACC,ACC
235.90,25.0387,26.1097,26.4928,25.4676,36.7869,46.4917,59.5958,Human,ACC,ACC,ACC
236.00,24.9466,26.0739,26.6084,25.5450,36.6253,46.3878,59.7584,Human,ACC,ACC,ACC
236.10,24.9824,26.0858,26.5986,25.5303,36.5939,46.3166,59.8697,Human,ACC,ACC,ACC
236.20,25.0159,26.0861,26.6778,25.6037,36.4208,46.2790,60.0436,Human,ACC,ACC,ACC
236.30,25.0316,26.0673,26.6732,25.6570,36.3231,46.3045,60.1539,Human,ACC,ACC,ACC
236.40,25.0236,26.0650,26.6360,25.7309,36.2149,46.1934,60.1146,Human,ACC,ACC,ACC
236.50,25.0159,26.0801,26.7238,25.8073,36.1439,46.0387,60.2337,Human,ACC,ACC,ACC
236.60,24.9230,26.0454,26.6315,25.8168,35.9512,46.0236,60.2959,Human,ACC,ACC,ACC
236.70,25.0203,26.0063,26.6682,25.8763,35.8943,45.8681,60.4350,Human,ACC,ACC,ACC
236.80,24.9931,26.0818,26.7238,25.9299,35.9305,45.8817,60.5070,Human,ACC,ACC,ACC
236.90,25.0540,26.0074,26.7232,25.9245,35.6755,45.8073,60.5502,Human,ACC,ACC,ACC
237.00,25.0094,26.0406,26.7715,25.9914,35.5529,45.7151,60.6424,Human,ACC,ACC,ACC
237.10,24.9805,25.9738,26.6946,26.0327,35.5464,45.6696,60.7543,Human,ACC,ACC,ACC
237.20,25.0424,25.9123,26.6753,26.1057,35.4965,45.6578,60.7883,Human,ACC,ACC,ACC
237.30,24.9536,25.9793,26.7052,26.1202,35.2456,45.5253,60.8793,Human,ACC,ACC,ACC
237.40,25.0252,25.9603,26.7686,26.1295,35.2877,45.4635,61.0776,Human,ACC,ACC,ACC
237.50,25.0187,25.9954,26.7763,26.1378,35.1269,45.4098,60.9524,Human,ACC,ACC,ACC
237.60,24.9778,25.9188,26.7346,26.1874,34.9995,45.2808,61.0652,Human,ACC,ACC,ACC
237.70,24.9838,25.9305,26.7392,26.2221,34.9925,45.0558,61.1653,Human,ACC,ACC,ACC
237.80,25.0022,25.9140,26.6975,26.2829,34.9426,45.1977,61.2026,Human,ACC,ACC,ACC
237.90,25.0124,25.8935,26.7456,26.2905,34.7728,45.0736,61.2728,Human,ACC,ACC,ACC
238.00,25.0242,25.8714,26.7144,26.2297,34.6432,44.9939,61.2790,Human,ACC,ACC,ACC
238.10,25.0086,25.8390,26.7018,26.3704,34.5994,44.9641,61.2614,Human,ACC,ACC,ACC
238.20,24.9464,25.8339,26.7377,26.3447,34.4733,44.7853,61.3045,Human,ACC,ACC,ACC
238.30,25.0394,25.7779,26.6615,26.3505,34.5071,44.6171,61.3074,Human,ACC,ACC,ACC
238.40,24.9934,25.8508,26.6850,26.3523,34.3749,44.6498,61.3480,Human,ACC,ACC,ACC
238.50,25.0156,25.7749,26.6685,26.3390,34.3454,44.4283,61.4906,Human,ACC,ACC,ACC
238.60,25.0013,25.7519,26.6583,26.3281,34.1584,44.4120,61.5581,Human,ACC,ACC,ACC
238.70,24.9577,25.7635,26.6421,26.3516,34.1240,44.3148,61.5067,Human,ACC,ACC,ACC
238.80,24.9957,25.7015,26.6802,26.3419,34.1475,44.2617,61.4802,Human,ACC,ACC,ACC
238.90,25.0539,25.6914,26.6144,26.3879,33.9912,44.1076,61.5061,Human,ACC,ACC,ACC
239.00,24.9912,25.7274,26.6081,26.3926,33.8817,44.1132,61.5353,Human,ACC,ACC,ACC
239.10,24.9753,25.7446,26.6068,26.4096,33.8652,44.0500,61.6556,Human,ACC,ACC,ACC
239.20,24.9937,25.6744,26.5474,26.4440,33.6895,43.9016,61.5338,Human,ACC,ACC,ACC
239.30,24.9737,25.6493,26.5009,26.4487,33.7404,43.8290,61.6034,Human,ACC,ACC,ACC
239.40,25.0568,25.6292,26.5193,26.4519,33.6180,43.6808,61.5297,Human,ACC,ACC,ACC
239.50,24.9937,25.5871,26.5124,26.4238,33.6307,43.6321,61.6241,Human,ACC,ACC,ACC
239.60,24.9965,25.6422,26.4657,26.3529,33.5380,43.5953,61.7228,Human,ACC,ACC,ACC
239.70,25.0131,25.5800,26.4919,26.4023,33.4543,43.5027,61.5513,Human,ACC,ACC,ACC
239.80,24.9965,25.5783,26.4191,26.3559,33.3865,43.3496,61.6039,Human,ACC,ACC,ACC
239.90,25.0063,25.5389,26.4296,26.4644,33.4084,43.3061,61.6389,Human,ACC,ACC,ACC
240.00,24.9692,25.5034,26.3374,26.3659,33.3008,43.2061,61.6232,Human,ACC,ACC,ACC
240.10,24.9821,25.5177,26.3701,26.3387,33.2125,43.1079,61.6097,Human,ACC,ACC,ACC
240.20,24.9566,25.4447,26.3450,26.4087,33.1851,42.9597,61.6295,Human,ACC,ACC,ACC
240.30,24.9567,25.4350,26.2898,26.3918,33.1434,42.9930,61.5640,Human,ACC,ACC,ACC
240.40,25.0332,25.4739,26.2800,26.3581,33.0514,42.9323,61.5756,Human,ACC,ACC,ACC
240.50,24.9862,25.5097,26.2328,26.3033,33.0759,42.7804,61.5421,Human,ACC,ACC,ACC
240.60,24.9888,25.3906,26.2064,26.3570,32.9354,42.7061,61.5671,Human,ACC,ACC,ACC
240.70,24.9649,25.4553,26.2415,26.3222,32.9044,42.7305,61.5791,Human,ACC,ACC,ACC
240.80,24.9681,25.3807,26.1413,26.2582,32.8800,42.6591,61.6051,Human,ACC,ACC,ACC
240.90,24.9653,25.3835,26.1183,26.3000,32.8469,42.4602,61.5398,Human,ACC,ACC,ACC
241.00,24.9668,25.4327,26.1279,26.2929,32.8825,42.3690,61.5897,Human,ACC,ACC,ACC
241.10,24.9833,25.4141,26.0579,26.3044,32.7908,42.4087,61.5082,Human,ACC,ACC,ACC
241.20,25.0350,25.3205,26.0266,26.2892,32.7989,42.3292,61.5604,Human,ACC,ACC,ACC
241.30,25.0329,25.3285,26.0184,26.2214,32.7058,42.3227,61.4137,Human,ACC,ACC,ACC
241.40,24.9797,25.3132,25.9644,26.1845,32.7243,42.1953,61.4573,Human,ACC,ACC,ACC
241.50,25.0169,25.2766,25.9780,26.1820,32.7219,42.0161,61.4321,Human,ACC,ACC,ACC
241.60,25.0258,25.3185,25.9656,26.1784,32.6979,42.0324,61.3571,Human,ACC,ACC,ACC
241.70,25.0241,25.2731,25.9173,26.1128,32.6282,41.9783,61.3393,Human,ACC,ACC,ACC
241.80,24.9955,25.2879,25.8707,26.1331,32.6589,41.8811,61.3131,Human,ACC,ACC,ACC
241.90,24.9711,25.2936,25.8271,26.1111,32.5733,41.8155,61.3294,Human,ACC,ACC,ACC
242.00,25.0022,25.2679,25.8053,26.0483,32.5553,41.7688,61.3423,Human,ACC,ACC,ACC
242.10,24.9458,25.2182,25.7533,26.0732,32.5352,41.7923,61.2374,Human,ACC,ACC,ACC
242.20,25.0462,25.1483,25.7231,26.0448,32.5021,41.6897,61.2737,Human,ACC,ACC,ACC
242.30,25.0400,25.2125,25.7444,26.0289,32.3746,41.5706,61.2481,Human,ACC,ACC,ACC
242.40,25.0201,25.2411,25.7260,25.9542,32.4871,41.5724,61.2129,Human,ACC,ACC,ACC
242.50,24.9886,25.1865,25.6564,25.9613,32.5010,41.5027,61.1377,Human,ACC,ACC,ACC
242.60,24.9870,25.1479,25.6751,25.9349,32.4972,41.5010,61.1382,Human,ACC,ACC,ACC
242.70,24.9699,25.1365,25.6291,25.9875,32.3722,41.5023,61.1034,Human,ACC,ACC,ACC
242.80,25.0106,25.1921,25.6168,25.8362,32.3525,41.4395,61.0147,Human,ACC,ACC,ACC
242.90,25.0143,25.1112,25.5353,25.8455,32.3712,41.3632,61.0432,Human,ACC,ACC,ACC
243.00,25.0568,25.0791,25.5320,25.8898,32.3403,41.3106,60.9671,Human,ACC,ACC,ACC
243.10,25.0229,25.0651,25.5222,25.8160,32.3432,41.2829,60.9424,Human,ACC,ACC,ACC
243.20,24.9969,25.1297,25.4833,25.7987,32.4112,41.1970,60.9620,Human,ACC,ACC,ACC
243.30,25.0469,25.0419,25.4650,25.7993,32.3096,41.1971,60.9115,Human,ACC,ACC,ACC
243.40,24.9651,25.0693,25.4125,25.7665,32.3351,41.1936,60.9656,Human,ACC,ACC,ACC
243.50,24.9839,25.1032,25.4592,25.7399,32.2411,41.1623,60.8488,Human,ACC,ACC,ACC
243.60,24.9913,25.0786,25.4068,25.6785,32.3235,41.0669,60.8557,Human,ACC,ACC,ACC
243.70,25.0351,25.0691,25.4059,25.6510,32.2726,41.0579,60.8608,Human,ACC,ACC,ACC
243.80,25.0292,25.1177,25.3780,25.6252,32.2682,40.9970,60.8199,Human,ACC,ACC,ACC
243.90,25.0038,25.0443,25.3438,25.6390,32.3448,40.9844,60.7622,Human,ACC,ACC,ACC
244.00,25.0177,25.0242,25.3224,25.6023,32.3117,40.9229,60.7346,Human,ACC,ACC,ACC
244.10,25.0057,25.0609,25.2792,25.6206,32.2711,40.8956,60.5717,Human,ACC,ACC,ACC
244.20,24.9758,25.0123,25.2659,25.6155,32.1939,40.9050,60.6933,Human,ACC,ACC,ACC
244.30,24.9794,25.0534,25.2082,25.5506,32.3024,40.8674,60.6114,Human,ACC,ACC,ACC
244.40,25.0302,25.0308,25.2019,25.4961,32.3070,40.8196,60.5957,Human,ACC,ACC,ACC
244.50,25.0292,24.9650,25.2304,25.4953,32.3525,40.7494,60.5365,Human,ACC,ACC,ACC
244.60,25.0022,25.0670,25.2406,25.5147,32.2669,40.7029,60.4777,Human,ACC,ACC,ACC
244.70,24.9608,25.0004,25.1765,25.4646,32.3319,40.8034,60.4998,Human,ACC,ACC,ACC
244.80,25.0431,24.9327,25.1662,25.4501,32.3454,40.7117,60.5716,Human,ACC,ACC,ACC
244.90,24.9797,25.0315,25.1003,25.4260,32.2798,40.7139,60.5020,Human,ACC,ACC,ACC
245.00,25.0049,24.9072,25.0779,25.3749,32.3113,40.7380,60.4142,Human,ACC,ACC,ACC
245.10,25.0264,24.9972,25.1224,25.3911,32.1995,40.6115,60.3917,Human,ACC,ACC,ACC
245.20,24.9357,24.9700,25.0723,25.3990,32.3395,40.6616,60.3683,Human,ACC,ACC,ACC
245.30,25.0433,25.0266,25.0934,25.3683,32.2191,40.6151,60.3336,Human,ACC,ACC,ACC
245.40,24.9711,24.9565,25.0188,25.3511,32.3349,40.7143,60.3685,Human,ACC,ACC,ACC
245.50,24.9661,24.9432,25.0163,25.2902,32.2664,40.6598,60.3213,Human,ACC,ACC,ACC
245.60,25.0162,24.9283,25.0332,25.2550,32.2606,40.6442,60.2564,Human,ACC,ACC,ACC
245.70,25.0448,24.9219,25.0431,25.3317,32.3158,40.6948,60.2517,Human,ACC,ACC,ACC
245.80,24.9282,24.9075,24.9923,25.2840,32.3013,40.5306,60.2445,Human,ACC,ACC,ACC
245.90,24.9875,24.9456,24.9631,25.2475,32.3786,40.6644,60.1982,Human,ACC,ACC,ACC
246.00,24.9653,24.9561,24.8813,25.1551,32.3583,40.6942,60.1312,Human,ACC,ACC,ACC
246.10,25.0577,24.9326,24.9327,25.2626,32.3405,40.5818,60.1217,Human,ACC,ACC,ACC
246.20,25.0342,24.9587,24.9352,25.1974,32.3108,40.5875,60.0113,Human,ACC,ACC,ACC
246.30,25.0177,24.8708,24.9547,25.1562,32.3544,40.6756,59.9382,Human,ACC,ACC,ACC
246.40,25.0414,24.9585,24.9058,25.1272,32.4298,40.6227,60.0302,Human,ACC,ACC,ACC
246.50,25.0080,24.9361,24.9022,25.1263,32.3905,40.6118,60.0379,Human,ACC,ACC,ACC
246.60,25.0208,24.9266,24.9402,25.1217,32.4540,40.6328,60.0384,Human,ACC,ACC,ACC
246.70,24.9750,24.8575,24.9196,25.0891,32.3798,40.6171,59.9548,Human,ACC,ACC,ACC
246.80,24.9914,24.9005,24.8372,25.0726,32.3960,40.5893,60.0356,Human,ACC,ACC,ACC
246.90,24.9223,24.8951,24.8490,25.1266,32.3999,40.6665,60.0232,Human,ACC,ACC,ACC
247.00,25.0158,24.8991,24.8729,25.0787,32.4709,40.6001,60.0228,Human,ACC,ACC,ACC
247.10,24.9788,24.8970,24.8488,25.1191,32.3371,40.7079,59.7976,Human,ACC,ACC,ACC
247.20,25.0042,24.8421,24.8765,25.1091,32.3957,40.6387,59.8687,Human,ACC,ACC,ACC
247.30,24.9726,25.0082,24.8427,25.0476,32.3462,40.5741,59.8986,Human,ACC,ACC,ACC
247.40,24.9846,24.8917,24.7997,24.9719,32.3760,40.6848,59.9257,Human,ACC,ACC,ACC
247.50,24.9359,24.9341,24.7956,25.0039,32.5368,40.6724,59.8504,Human,ACC,ACC,ACC
247.60,25.0121,24.8779,24.8262,24.9779,32.4611,40.8024,59.8961,Human,ACC,ACC,ACC
247.70,24.9866,24.8986,24.8205,24.9381,32.5224,40.6912,59.8752,Human,ACC,ACC,ACC
247.80,24.9619,24.8702,24.8171,25.0014,32.4075,40.7251,59.7784,Human,ACC,ACC,ACC
247.90,25.0473,24.9054,24.8375,24.9520,32.3984,40.7455,59.7548,Human,ACC,ACC,ACC
248.00,25.0360,24.8992,24.8155,24.9293,32.5445,40.6638,59.7590,Human,ACC,ACC,ACC
248.10,25.0016,24.9536,24.7618,24.9284,32.6129,40.7260,59.7849,Human,ACC,ACC,ACC
248.20,24.9835,24.9243,24.8509,24.9093,32.4670,40.7639,59.7211,Human,ACC,ACC,ACC
248.30,24.9159,24.9135,24.8100,24.8577,32.5782,40.6794,59.7588,Human,ACC,ACC,ACC
248.40,24.9942,24.8923,24.7157,24.9222,32.5929,40.6681,59.7447,Human,ACC,ACC,ACC
248.50,25.0153,24.9018,24.7513,24.8708,32.5327,40.8125,59.7362,Human,ACC,ACC,ACC
248.60,24.9820,24.9093,24.7507,24.9304,32.5900,40.9123,59.7486,Human,ACC,ACC,ACC
248.70,25.0134,24.8269,24.8310,24.8823,32.5794,40.8169,59.7114,Human,ACC,ACC,ACC
248.80,24.9845,24.8981,24.7195,24.8760,32.6755,40.7363,59.7846,Human,ACC,ACC,ACC
248.90,24.9251,24.8634,24.8164,24.9025,32.5946,40.7790,59.6426,Human,ACC,ACC,ACC
249.00,24.9909,24.8656,24.8015,24.8550,32.6154,40.9043,59.6791,Human,ACC,ACC,ACC
249.10,25.0081,24.9157,24.7374,24.8751,32.5880,40.8148,59.6742,Human,ACC,ACC,ACC
249.20,24.9355,24.9424,24.7207,24.8248,32.6986,40.8191,59.6638,Human,ACC,ACC,ACC
249.30,24.9805,24.9201,24.7919,24.8500,32.8069,40.8412,59.6528,Human,ACC,ACC,ACC
249.40,25.0183,24.9127,24.7655,24.7738,32.6132,40.9078,59.6174,Human,ACC,ACC,ACC
249.50,24.9293,24.8270,24.7657,24.8214,32.7737,40.9336,59.6739,Human,ACC,ACC,ACC
249.60,24.9969,24.9067,24.7596,24.7926,32.6679,40.8704,59.6092,Human,ACC,ACC,ACC
249.70,24.9542,24.8412,24.8048,24.8478,32.7071,40.8832,59.5960,Human,ACC,ACC,ACC
249.80,24.9588,24.8929,24.7807,24.8652,32.7178,40.9127,59.5989,Human,ACC,ACC,ACC
249.90,24.9823,24.9080,24.8034,24.7572,32.7678,40.9790,59.5854,Human,ACC,ACC,ACC
250.00,24.9781,24.9023,24.7452,24.8742,32.8385,40.9598,59.6693,Human,ACC,ACC,ACC
250.10,25.0282,24.9108,24.7383,24.8320,32.8351,40.8845,59.6298,Human,ACC,ACC,ACC
250.20,25.0208,24.8897,24.7557,24.7560,32.7972,41.0277,59.6406,Human,ACC,ACC,ACC
250.30,24.9985,24.9341,24.8018,24.8173,32.8113,40.9076,59.5513,Human,ACC,ACC,ACC
250.40,25.0268,24.8898,24.7569,24.8344,32.7992,40.8949,59.5687,Human,ACC,ACC,ACC
250.50,25.0150,24.8846,24.7887,24.8205,32.7708,41.0278,59.6381,Human,ACC,ACC,ACC
250.60,25.0230,24.9142,24.7584,24.8051,32.8010,40.9819,59.5441,Human,ACC,ACC,ACC
250.70,25.0539,24.9167,24.7554,24.8015,32.8183,41.0654,59.6085,Human,ACC,ACC,ACC
250.80,24.9622,24.9207,24.7688,24.8194,32.8138,41.0556,59.5197,Human,ACC,ACC,ACC
250.90,25.0040,24.9477,24.8521,24.7814,32.8142,41.1013,59.5319,Human,ACC,ACC,ACC
251.00,24.9747,24.9307,24.7795,24.7916,32.8452,41.1115,59.7025,Human,ACC,ACC,ACC
251.10,24.9819,24.9351,24.7867,24.7188,32.8293,41.0782,59.5269,Human,ACC,ACC,ACC
251.20,24.9933,24.9296,24.8237,24.7677,32.7866,41.0236,59.4981,Human,ACC,ACC,ACC
251.30,24.9756,24.9566,24.7703,24.7887,32.8834,41.1165,59.6021,Human,ACC,ACC,ACC
251.40,25.0154,24.9452,24.7922,24.7505,32.7779,41.0298,59.4997,Human,ACC,ACC,ACC
251.50,25.0322,24.9102,24.7783,24.8478,32.9445,41.1988,59.5219,Human,ACC,ACC,ACC
251.60,25.0281,24.8922,24.7823,24.7777,32.8771,41.1643,59.5408,Human,ACC,ACC,ACC
251.70,24.9773,24.8670,24.8252,24.8099,32.8477,41.2158,59.6261,Human,ACC,ACC,ACC
251.80,25.0082,24.9158,24.8098,24.8061,32.9315,41.1975,59.5984,Human,ACC,ACC,ACC
251.90,24.9681,24.9196,24.7887,24.8086,32.9191,41.1863,59.6782,Human,ACC,ACC,ACC
252.00,25.0087,24.8910,24.7900,24.8427,32.9126,41.2332,59.5925,Human,ACC,ACC,ACC
252.10,24.9704,24.9377,24.7928,24.8275,32.8753,41.2163,59.5828,Human,ACC,ACC,ACC
252.20,24.9986,24.9210,24.7790,24.7822,32.8755,41.2710,59.7004,Human,ACC,ACC,ACC
252.30,25.0263,24.9571,24.7777,24.8396,32.9360,41.2375,59.5688,Human,ACC,ACC,ACC
252.40,24.9928,24.9050,24.8261,24.7732,32.8556,41.2846,59.6357,Human,ACC,ACC,ACC
252.50,24.9825,24.9196,24.8227,24.7785,32.8952,41.2700,59.5683,Human,ACC,ACC,ACC
252.60,24.9473,24.9571,24.8126,24.8328,33.0108,41.2831,59.6356,Human,ACC,ACC,ACC
252.70,25.0170,24.9615,24.8379,24.8377,33.0310,41.1785,59.6376,Human,ACC,ACC,ACC
252.80,24.9902,24.9131,24.8464,24.7149,32.9657,41.2853,59.6220,Human,ACC,ACC,ACC
252.90,24.9889,24.9522,24.8263,24.8403,33.0198,41.2780,59.5929,Human,ACC,ACC,ACC
253.00,25.0221,24.9506,24.8303,24.8374,33.0491,41.3717,59.6530,Human,ACC,ACC,ACC
253.10,24.9793,24.9357,24.8694,24.8241,33.0092,41.3363,59.6187,Human,ACC,ACC,ACC
253.20,25.0634,24.9434,24.7915,24.8283,32.9674,41.3577,59.6147,Human,ACC,ACC,ACC
253.30,25.0392,24.9465,24.9017,24.8654,32.9011,41.3442,59.6558,Human,ACC,ACC,ACC
253.40,24.9796,24.9382,24.8181,24.8295,32.9780,41.3952,59.6608,Human,ACC,ACC,ACC
253.50,25.0225,24.9734,24.8223,24.7915,33.0369,41.3779,59.6425,Human,ACC,ACC,ACC
253.60,24.9558,24.9061,24.8223,24.7688,33.0222,41.4246,59.6339,Human,ACC,ACC,ACC
253.70,24.9945,24.9706,24.8870,24.8198,32.9561,41.4561,59.6345,Human,ACC,ACC,ACC
253.80,24.9793,24.9586,24.8888,24.8139,33.0208,41.3761,59.6759,Human,ACC,ACC,ACC
253.90,25.0017,24.9509,24.8585,24.8269,33.0750,41.4906,59.6056,Human,ACC,ACC,ACC
254.00,24.9655,24.9943,24.8299,24.8430,32.9394,41.2515,59.7039,Human,ACC,ACC,ACC
254.10,24.9579,25.0099,24.9087,24.8065,33.0908,41.4373,59.6654,Human,ACC,ACC,ACC
254.20,24.9861,24.9297,24.8835,24.8472,33.0583,41.3865,59.7172,Human,ACC,ACC,ACC
254.30,25.0790,24.9237,24.9272,24.8195,33.0874,41.5010,59.7247,Human,ACC,ACC,ACC
254.40,25.0085,24.9945,24.9091,24.8535,32.9997,41.4317,59.6502,Human,ACC,ACC,ACC
254.50,24.9939,24.9684,24.9005,24.8805,33.1190,41.5164,59.6972,Human,ACC,ACC,ACC
254.60,24.9547,24.9548,24.8607,24.8168,33.0273,41.4740,59.6730,Human,ACC,ACC,ACC
254.70,24.9754,25.0052,24.9688,24.8915,33.0590,41.4937,59.7319,Human,ACC,ACC,ACC
254.80,24.9634,24.9749,24.8710,24.8665,33.0388,41.3528,59.7063,Human,ACC,ACC,ACC
254.90,25.0392,24.9919,24.9362,24.8514,32.9698,41.3998,59.8311,Human,ACC,ACC,ACC
255.00,24.9393,24.9139,24.9096,24.8768,33.0170,41.4792,59.7113,Human,ACC,ACC,ACC
255.10,25.0392,24.9655,24.9182,24.8701,33.0018,41.5739,59.6408,Human,ACC,ACC,ACC
255.20,25.0328,24.9753,24.8854,24.8988,33.0692,41.4714,59.7990,Human,ACC,ACC,ACC
255.30,25.0127,24.9904,24.8832,24.8684,33.0893,41.5098,59.6683,Human,ACC,ACC,ACC
255.40,24.9470,24.9179,24.9182,24.8584,33.0883,41.5592,59.7795,Human,ACC,ACC,ACC
255.50,25.0175,25.0253,24.9276,24.9301,33.0373,41.5476,59.7144,Human,ACC,ACC,ACC
255.60,24.9819,25.0055,24.8927,24.8820,33.0655,41.5397,59.7463,Human,ACC,ACC,ACC
255.70,24.9902,24.9767,24.9529,24.8232,33.0064,41.5155,59.7198,Human,ACC,ACC,ACC
255.80,25.0036,24.9591,24.9413,24.8965,32.9979,41.5827,59.7607,Human,ACC,ACC,ACC
255.90,24.9886,24.9737,24.9051,24.9045,33.0326,41.5101,59.7947,Human,ACC,ACC,ACC
256.00,24.9793,24.9999,24.8996,24.9328,33.0435,41.5051,59.7920,Human,ACC,ACC,ACC
256.10,24.9685,25.0228,24.9325,24.9106,33.0676,41.4996,59.7311,Human,ACC,ACC,ACC
256.20,24.9956,25.0091,24.9493,24.9360,33.1258,41.5342,59.8484,Human,ACC,ACC,ACC
256.30,25.0207,25.0101,25.0032,24.8785,33.0923,41.5482,59.7824,Human,ACC,ACC,ACC
256.40,25.0400,24.9922,24.9090,24.9178,33.1441,41.5236,59.7802,Human,ACC,ACC,ACC
256.50,24.9937,25.0429,24.9420,24.9076,33.0242,41.5511,59.7583,Human,ACC,ACC,ACC
256.60,25.0072,24.9332,24.9754,24.8785,33.0714,41.5001,59.8352,Human,ACC,ACC,ACC
256.70,25.0433,25.0439,24.9620,24.8633,33.0830,41.5755,59.7849,Human,ACC,ACC,ACC
256.80,25.0056,24.9989,24.9869,24.9059,33.1302,41.6668,59.8130,Human,ACC,ACC,ACC
256.90,24.9634,24.9899,24.9386,24.9724,33.0297,41.6024,59.8140,Human,ACC,ACC,ACC
257.00,24.9782,24.9750,24.9680,24.8826,33.0752,41.6051,59.7624,Human,ACC,ACC,ACC
257.10,24.9863,24.9916,24.9567,24.9159,33.1043,41.5243,59.7726,Human,ACC,ACC,ACC
257.20,25.0382,25.0099,24.9329,24.9133,33.0498,41.6499,59.8077,Human,ACC,ACC,ACC
257.30,25.0230,24.9772,24.9787,24.9283,33.0921,41.5343,59.8743,Human,ACC,ACC,ACC
257.40,25.0163,24.9924,24.9740,24.9056,33.0851,41.6391,59.8570,Human,ACC,ACC,ACC
257.50,25.0111,24.9701,25.0337,24.9341,33.0698,41.4919,59.8683,Human,ACC,ACC,ACC
257.60,24.9931,25.0235,24.9798,24.9400,33.1085,41.5956,59.8662,Human,ACC,ACC,ACC
257.70,24.9984,24.9776,24.9561,24.9184,33.0973,41.6302,59.8175,Human,ACC,ACC,ACC
257.80,25.0348,24.9812,24.9739,24.9287,33.0660,41.6100,59.8787,Human,ACC,ACC,ACC
257.90,25.0214,25.0619,24.9598,24.9619,33.0223,41.4924,59.8862,Human,ACC,ACC,ACC
258.00,25.0037,24.9923,25.0055,24.9085,33.1048,41.6739,59.8954,Human,ACC,ACC,ACC
258.10,25.0256,25.0089,24.9611,24.9989,33.0263,41.6143,59.8732,Human,ACC,ACC,ACC
258.20,25.0261,25.0383,24.9488,24.9440,33.0354,41.5226,59.7931,Human,ACC,ACC,ACC
258.30,24.9839,25.0224,25.0367,24.8962,33.0341,41.5735,59.8900,Human,ACC,ACC,ACC
258.40,25.0006,24.9997,25.0274,24.9558,33.0690,41.6061,59.9851,Human,ACC,ACC,ACC
258.50,24.9609,24.9981,24.9664,24.9354,33.0646,41.6631,59.8564,Human,ACC,ACC,ACC
258.60,25.0013,24.9897,25.0083,24.9150,33.0315,41.5701,59.8100,Human,ACC,ACC,ACC
258.70,25.0712,25.0436,25.0232,24.9240,33.1484,41.6089,59.9380,Human,ACC,ACC,ACC
258.80,24.9338,24.9788,24.9954,25.0343,33.1514,41.6189,59.9865,Human,ACC,ACC,ACC
258.90,25.0401,24.9896,25.0409,25.0054,32.9491,41.6597,59.9246,Human,ACC,ACC,ACC
259.00,25.0005,25.0434,25.0153,24.9498,33.0377,41.6505,59.9147,Human,ACC,ACC,ACC
259.10,24.9640,25.0026,25.0370,24.9303,33.0298,41.5010,60.0047,Human,ACC,ACC,ACC
259.20,24.9506,25.0236,24.9242,25.0297,32.9346,41.6005,59.9990,Human,ACC,ACC,ACC
259.30,24.9865,25.0295,25.0657,24.9312,33.0953,41.5659,59.9101,Human,ACC,ACC,ACC
259.40,24.9678,25.0761,25.0010,24.9736,33.0319,41.6089,59.9229,Human,ACC,ACC,ACC
259.50,25.0070,25.0400,25.0515,24.9827,32.9976,41.5234,59.9863,Human,ACC,ACC,ACC
259.60,24.9897,25.0067,25.0211,25.0213,32.9974,41.5396,60.0480,Human,ACC,ACC,ACC
259.70,25.0042,25.0639,24.9864,24.9991,33.0181,41.5296,59.8873,Human,ACC,ACC,ACC
259.80,25.0539,25.0478,25.0239,24.9573,33.0966,41.5573,59.9313,Human,ACC,ACC,ACC
259.90,24.9782,25.0037,25.0241,24.9784,32.9428,41.5629,59.9427,Human,ACC,ACC,ACC
260.00,24.9553,24.9861,25.0312,25.0132,33.0589,41.6658,59.9688,Human,ACC,ACC,ACC
260.10,24.9572,24.9977,24.9648,24.9718,32.9118,41.5110,59.9018,Human,ACC,ACC,ACC
260.20,25.1092,25.0110,25.0063,24.9725,33.0396,41.5935,59.9798,Human,ACC,ACC,ACC
260.30,24.9640,24.9522,25.0163,24.9835,32.9693,41.4789,59.9904,Human,ACC,ACC,ACC
260.40,25.0473,24.9592,25.0316,25.0345,33.0024,41.4714,59.9057,Human,ACC,ACC,ACC
260.50,24.9430,25.0297,24.9694,25.0107,33.0292,41.5273,59.8969,Human,ACC,ACC,ACC
260.60,25.0497,25.0095,25.0282,24.9746,33.1012,41.5315,59.9730,Human,ACC,ACC,ACC
260.70,25.0149,25.0445,25.0143,24.9929,33.0608,41.5677,60.0779,Human,ACC,ACC,ACC
260.80,25.0199,25.0352,24.9703,25.0002,32.9823,41.7135,59.9145,Human,ACC,ACC,ACC
260.90,24.9890,25.0253,25.0527,25.0091,33.0363,41.5987,60.0199,Human,ACC,ACC,ACC
261.00,25.0520,24.9798,25.0088,24.9703,33.0848,41.5650,59.9492,Human,ACC,ACC,ACC
261.10,25.0167,25.0133,25.0157,24.9645,33.1090,41.6581,59.9422,Human,ACC,ACC,ACC
261.20,25.0154,24.9971,25.0407,24.9944,33.1122,41.6087,59.9837,Human,ACC,ACC,ACC
261.30,25.0565,25.0179,24.9655,24.9984,32.9969,41.5164,59.9946,Human,ACC,ACC,ACC
261.40,24.9802,25.0407,25.0668,25.0038,32.9145,41.5534,59.9962,Human,ACC,ACC,ACC
261.50,25.0413,24.9669,24.9540,24.9885,32.9714,41.6587,60.0598,Human,ACC,ACC,ACC
261.60,25.0236,24.9651,25.0261,25.0160,33.0036,41.5705,59.9723,Human,ACC,ACC,ACC
261.70,25.0552,25.0595,25.0484,24.9960,33.0317,41.5506,60.0045,Human,ACC,ACC,ACC
261.80,25.0430,25.0308,24.9917,25.0488,33.1448,41.5782,59.9873,Human,ACC,ACC,ACC
261.90,25.0719,25.0059,25.0044,25.1256,33.0713,41.5385,60.0149,Human,ACC,ACC,ACC
262.00,25.0748,25.0423,25.0794,25.0397,33.0433,41.5227,60.0178,Human,ACC,ACC,ACC
262.10,25.0605,25.0357,24.9963,25.0322,32.9786,41.5456,59.9670,Human,ACC,ACC,ACC
262.20,25.0120,25.0278,25.0416,24.9630,33.0694,41.4930,59.9407,Human,ACC,ACC,ACC
262.30,25.1237,24.9803,25.0568,24.9954,33.0736,41.5991,59.9837,Human,ACC,ACC,ACC
262.40,25.0800,24.9963,25.1014,25.0439,33.0757,41.5264,59.9918,Human,ACC,ACC,ACC
262.50,25.1320,25.0416,25.0465,25.0176,32.9526,41.5996,60.0402,Human,ACC,ACC,ACC
262.60,25.0753,25.0374,25.0302,25.0089,33.0970,41.5183,60.0598,Human,ACC,ACC,ACC
262.70,25.0468,25.0105,25.0440,24.9996,33.0707,41.6332,59.9810,Human,ACC,ACC,ACC
262.80,25.1064,25.0169,24.9939,24.9869,33.0738,41.5550,59.9615,Human,ACC,ACC,ACC
262.90,25.0798,25.0138,25.0177,25.0495,33.1112,41.5901,59.9838,Human,ACC,ACC,ACC
263.00,25.0763,24.9614,25.0470,25.0015,33.1050,41.5641,60.0172,Human,ACC,ACC,ACC
263.10,25.1133,25.1043,25.0711,25.0341,33.1368,41.5921,60.0277,Human,ACC,ACC,ACC
263.20,25.1536,25.0314,25.0558,24.9976,33.1604,41.6008,60.0006,Human,ACC,ACC,ACC
263.30,25.1103,25.0153,25.0751,25.0647,33.2126,41.5856,60.0425,Human,ACC,ACC,ACC
263.40,25.1215,25.0675,25.0219,25.0503,33.1571,41.4955,59.9798,Human,ACC,ACC,ACC
263.50,25.1385,25.0635,25.0237,25.0087,33.1798,41.5848,60.0011,Human,ACC,ACC,ACC
263.60,25.1559,25.0414,25.0095,24.9758,33.2623,41.5031,59.9164,Human,ACC,ACC,ACC
263.70,25.2173,25.0269,24.9718,24.9484,33.1929,41.5347,60.0063,Human,ACC,ACC,ACC
263.80,25.0876,25.0229,25.0700,24.9683,33.2473,41.7035,59.9408,Human,ACC,ACC,ACC
263.90,25.1730,24.9881,25.0625,25.0302,33.1754,41.5683,59.9339,Human,ACC,ACC,ACC
264.00,25.2020,25.0894,25.0797,25.0510,33.2050,41.6362,60.0047,Human,ACC,ACC,ACC
264.10,25.1836,25.0101,24.9974,24.9655,33.2558,41.6294,59.9244,Human,ACC,ACC,ACC
264.20,25.2667,25.0485,25.0341,25.0259,33.2785,41.5747,60.0228,Human,ACC,ACC,ACC
264.30,25.2830,25.0406,25.0673,25.0295,33.2395,41.5585,60.0057,Human,ACC,ACC,ACC
264.40,25.2260,25.0026,25.0599,24.9975,33.3412,41.5469,60.0420,Human,ACC,ACC,ACC
264.50,25.2267,25.0728,25.0352,25.0555,33.2179,41.6066,60.0509,Human,ACC,ACC,ACC
264.60,25.2304,25.0750,25.0418,25.0220,33.2955,41.5749,60.0139,Human,ACC,ACC,ACC
264.70,25.2826,25.0665,25.0714,24.9996,33.3727,41.6520,60.0246,Human,ACC,ACC,ACC
264.80,25.2279,25.0777,25.0717,25.0060,33.3665,41.5877,60.0299,Human,ACC,ACC,ACC
264.90,25.2638,25.0730,25.0414,25.0169,33.4353,41.6144,59.9911,Human,ACC,ACC,ACC
265.00,25.3038,25.0356,25.0839,25.0407,33.4010,41.5682,59.9769,Human,ACC,ACC,ACC
265.10,25.2788,25.1363,25.0529,25.0686,33.4145,41.5840,60.0584,Human,ACC,ACC,ACC
265.20,25.2804,25.1505,25.0418,24.9601,33.4016,41.6213,59.9654,Human,ACC,ACC,ACC
265.30,25.3515,25.0956,25.0107,25.0175,33.5204,41.6386,60.0858,Human,ACC,ACC,ACC
265.40,25.2800,25.1288,25.0370,25.0164,33.5310,41.5805,60.0280,Human,ACC,ACC,ACC
265.50,25.3955,25.1180,25.0251,24.9960,33.4970,41.6119,59.9784,Human,ACC,ACC,ACC
265.60,25.3620,25.1561,25.0296,24.9940,33.5364,41.6491,60.0405,Human,ACC,ACC,ACC
265.70,25.4045,25.1315,25.0488,25.0912,33.6963,41.6446,60.0366,Human,ACC,ACC,ACC
265.80,25.3509,25.1426,24.9970,25.0183,33.5963,41.6484,60.0202,Human,ACC,ACC,ACC
265.90,25.4190,25.1782,25.0150,25.0542,33.6288,41.6598,60.0728,Human,ACC,ACC,ACC
266.00,25.4377,25.1468,25.1329,25.0294,33.6729,41.6359,60.0401,Human,ACC,ACC,ACC
266.10,25.3990,25.1712,25.0020,25.0785,33.6936,41.6750,60.0317,Human,ACC,ACC,ACC
266.20,25.4697,25.1534,25.0814,25.0480,33.7013,41.7278,60.0544,Human,ACC,ACC,ACC
266.30,25.5120,25.1546,25.0256,24.9698,33.7074,41.7066,60.1086,Human,ACC,ACC,ACC
266.40,25.4563,25.1333,25.0634,25.0465,33.7156,41.7515,60.0406,Human,ACC,ACC,ACC
266.50,25.4651,25.1610,25.1090,25.0290,33.9689,41.7618,60.0587,Human,ACC,ACC,ACC
266.60,25.4994,25.2282,25.0354,25.0081,33.8141,41.6705,60.0353,Human,ACC,ACC,ACC
266.70,25.5829,25.2027,25.0473,25.0303,33.9454,41.7734,60.0501,Human,ACC,ACC,ACC
266.80,25.5018,25.1787,25.0709,25.0392,33.8785,41.7714,60.0226,Human,ACC,ACC,ACC
266.90,25.5329,25.2426,25.0341,24.9954,33.9146,41.8073,60.0019,Human,ACC,ACC,ACC
267.00,25.5716,25.2219,25.1296,25.0529,33.9290,41.6659,59.9967,Human,ACC,ACC,ACC
267.10,25.5177,25.2619,25.0654,25.0535,34.0118,41.8704,60.1715,Human,ACC,ACC,ACC
267.20,25.6134,25.3206,25.0993,25.0691,33.9418,41.8226,60.0717,Human,ACC,ACC,ACC
267.30,25.5990,25.2900,25.0277,25.0379,34.0869,41.8578,60.0972,Human,ACC,ACC,ACC
267.40,25.6131,25.2905,25.0884,25.0777,34.0973,41.8369,60.1456,Human,ACC,ACC,ACC
267.50,25.6526,25.2889,25.1101,25.0438,34.0854,41.9279,60.1141,Human,ACC,ACC,ACC
267.60,25.6374,25.3340,25.1690,25.0430,34.1460,41.8383,60.0381,Human,ACC,ACC,ACC
267.70,25.6191,25.2843,25.1590,25.0671,34.0938,41.9337,60.0158,Human,ACC,ACC,ACC
267.80,25.6717,25.3350,25.1463,25.0595,34.2679,41.9131,60.0612,Human,ACC,ACC,ACC
267.90,25.6453,25.3127,25.1448,25.0785,34.2536,41.8882,60.1344,Human,ACC,ACC,ACC
268.00,25.6808,25.3308,25.1898,25.0554,34.2591,42.0238,60.1830,Human,ACC,ACC,ACC
268.10,25.7140,25.3458,25.1280,25.0265,34.3515,41.9645,60.2076,Human,ACC,ACC,ACC
268.20,25.7057,25.3426,25.1876,25.0415,34.3388,42.0124,60.1775,Human,ACC,ACC,ACC
268.30,25.7247,25.4004,25.1654,25.0958,34.3907,41.9642,60.1958,Human,ACC,ACC,ACC
268.40,25.7782,25.3420,25.1637,25.0551,34.3380,42.0715,60.1707,Human,ACC,ACC,ACC
268.50,25.8092,25.4022,25.1994,25.1409,34.4532,42.0191,60.2308,Human,ACC,ACC,ACC
268.60,25.7722,25.4212,25.2047,25.0849,34.4788,42.1338,60.1583,Human,ACC,ACC,ACC
268.70,25.8369,25.4573,25.2311,25.0991,34.4883,42.1197,60.2520,Human,ACC,ACC,ACC
268.80,25.8034,25.4348,25.1977,25.0521,34.4964,42.1123,60.1897,Human,ACC,ACC,ACC
268.90,25.8404,25.4842,25.2174,25.0921,34.5831,42.1420,60.2756,Human,ACC,ACC,ACC
269.00,25.8459,25.4801,25.2367,25.1673,34.6668,42.1893,60.2758,Human,ACC,ACC,ACC
269.10,25.8342,25.4984,25.2570,25.1200,34.7193,42.1837,60.2128,Human,ACC,ACC,ACC
269.20,25.8687,25.4703,25.2273,25.1447,34.7406,42.3394,60.1467,Human,ACC,ACC,ACC
269.30,25.9357,25.4959,25.2696,25.1447,34.7156,42.3015,60.2336,Human,ACC,ACC,ACC
269.40,25.9378,25.5380,25.2787,25.1620,34.8241,42.3013,60.2251,Human,ACC,ACC,ACC
269.50,25.8873,25.5468,25.2218,25.0810,34.7985,42.3351,60.2554,Human,ACC,ACC,ACC
269.60,25.9133,25.5135,25.3014,25.1775,34.8863,42.3594,60.2971,Human,ACC,ACC,ACC
269.70,25.9448,25.5712,25.2896,25.1459,34.9147,42.3551,60.3361,Human,ACC,ACC,ACC
269.80,25.9738,25.6014,25.2937,25.1367,34.8866,42.4676,60.3276,Human,ACC,ACC,ACC
269.90,25.9696,25.6304,25.3062,25.2116,35.0272,42.5308,60.4303,Human,ACC,ACC,ACC
270.00,25.9938,25.6632,25.2943,25.1538,35.0090,42.4652,60.3684,Human,ACC,ACC,ACC
270.10,26.0313,25.6523,25.3375,25.2440,35.0626,42.4478,60.3000,Human,ACC,ACC,ACC
270.20,26.0346,25.6622,25.3370,25.2400,35.1010,42.5191,60.4756,Human,ACC,ACC,ACC
270.30,26.0741,25.6820,25.3170,25.2088,35.2098,42.4818,60.3749,Human,ACC,ACC,ACC
270.40,26.0497,25.6975,25.4066,25.1834,35.1984,42.6336,60.4423,Human,ACC,ACC,ACC
270.50,26.0860,25.7285,25.3966,25.2044,35.2021,42.5203,60.5629,Human,ACC,ACC,ACC
270.60,26.0632,25.6983,25.3664,25.2527,35.2036,42.6664,60.4881,Human,ACC,ACC,ACC
270.70,26.1139,25.6984,25.4177,25.1928,35.2318,42.7119,60.5598,Human,ACC,ACC,ACC
270.80,26.0273,25.7882,25.4666,25.1963,35.3098,42.7099,60.5405,Human,ACC,ACC,ACC
270.90,26.1202,25.7748,25.4334,25.2243,35.3964,42.7765,60.4859,Human,ACC,ACC,ACC
271.00,26.1419,25.7783,25.4422,25.2659,35.3422,42.7413,60.4193,Human,ACC,ACC,ACC
271.10,26.1659,25.7796,25.4737,25.2193,35.3607,42.7912,60.5363,Human,ACC,ACC,ACC
271.20,26.2318,25.7673,25.4848,25.2895,35.4206,42.8758,60.6047,Human,ACC,ACC,ACC
271.30,26.2161,25.8447,25.5399,25.2556,35.5368,42.8589,60.5898,Human,ACC,ACC,ACC
271.40,26.2169,25.8586,25.5017,25.2820,35.4928,42.9123,60.5448,Human,ACC,ACC,ACC
271.50,26.2730,25.8502,25.5173,25.3022,35.5289,42.9625,60.6936,Human,ACC,ACC,ACC
271.60,26.2431,25.8940,25.5406,25.3326,35.6036,42.9135,60.7026,Human,ACC,ACC,ACC
271.70,26.2687,25.9211,25.6033,25.3072,35.6074,42.9969,60.6519,Human,ACC,ACC,ACC
271.80,26.3293,25.9109,25.5978,25.3487,35.7651,43.1086,60.6809,Human,ACC,ACC,ACC
271.90,26.2859,25.8833,25.6419,25.3327,35.6579,43.0696,60.7748,Human,ACC,ACC,ACC
272.00,26.2862,25.9917,25.6119,25.4241,35.8085,43.1043,60.7097,Human,ACC,ACC,ACC
272.10,26.3750,25.9989,25.6334,25.4020,35.7976,43.1548,60.7174,Human,ACC,ACC,ACC
272.20,26.3000,26.0007,25.6466,25.3774,35.8056,43.1632,60.7714,Human,ACC,ACC,ACC
272.30,26.3618,25.9698,25.6857,25.4424,35.8629,43.2631,60.8917,Human,ACC,ACC,ACC
272.40,26.3301,26.0358,25.7217,25.4291,35.8436,43.2203,60.9022,Human,ACC,ACC,ACC
272.50,26.3526,26.0200,25.7179,25.4842,35.9038,43.2672,61.0004,Human,ACC,ACC,ACC
272.60,26.3654,26.0686,25.6863,25.4341,35.8305,43.2885,60.8817,Human,ACC,ACC,ACC
272.70,26.4214,26.0843,25.7063,25.5186,35.9832,43.4371,60.9417,Human,ACC,ACC,ACC
272.80,26.4217,26.0983,25.7772,25.4698,36.0046,43.3990,60.9613,Human,ACC,ACC,ACC
272.90,26.4345,26.1501,25.7308,25.5054,36.0684,43.5488,60.9706,Human,ACC,ACC,ACC
273.00,26.4853,26.1596,25.7740,25.4968,36.0721,43.4600,60.9311,Human,ACC,ACC,ACC
273.10,26.4174,26.1541,25.8058,25.5370,36.1420,43.4965,60.9663,Human,ACC,ACC,ACC
273.20,26.4866,26.1646,25.7902,25.5242,36.1311,43.5434,61.0460,Human,ACC,ACC,ACC
273.30,26.5000,26.2302,25.8335,25.5252,36.2263,43.5433,61.0466,Human,ACC,ACC,ACC
273.40,26.5064,26.1980,25.8445,25.4892,36.2426,43.6012,61.1540,Human,ACC,ACC,ACC
273.50,26.4757,26.1949,25.8837,25.5674,36.1569,43.5778,61.1289,Human,ACC,ACC,ACC
273.60,26.5407,26.2830,25.8574,25.6187,36.2555,43.6733,61.2732,Human,ACC,ACC,ACC
273.70,26.5610,26.2453,25.9511,25.5577,36.3648,43.7221,61.2333,Human,ACC,ACC,ACC
273.80,26.5292,26.2783,25.9376,25.6098,36.4101,43.7545,61.3170,Human,ACC,ACC,ACC
273.90,26.5122,26.2936,25.9419,25.7065,36.3238,43.7827,61.2867,Human,ACC,ACC,ACC
274.00,26.6290,26.3240,25.9309,25.6570,36.3410,43.8412,61.2919,Human,ACC,ACC,ACC
274.10,26.5664,26.3442,25.9930,25.6509,36.3954,43.8787,61.4639,Human,ACC,ACC,ACC
274.20,26.6208,26.3462,25.9843,25.7243,36.3357,43.8981,61.4266,Human,ACC,ACC,ACC
274.30,26.6430,26.3646,25.9976,25.7004,36.4356,43.9715,61.4530,Human,ACC,ACC,ACC
274.40,26.6547,26.4166,26.0831,25.7252,36.5003,43.9452,61.4500,Human,ACC,ACC,ACC
274.50,26.6168,26.4691,26.0930,25.7527,36.4905,43.9532,61.5018,Human,ACC,ACC,ACC
274.60,26.7014,26.3825,26.0669,25.7296,36.4747,43.9909,61.4602,Human,ACC,ACC,ACC
274.70,26.7087,26.4090,26.0877,25.8065,36.6009,44.0431,61.5176,Human,ACC,ACC,ACC
274.80,26.7042,26.4499,26.1723,25.7391,36.6089,44.0847,61.6095,Human,ACC,ACC,ACC
274.90,26.7098,26.4719,26.1511,25.7874,36.5846,44.1562,61.6365,Human,ACC,ACC,ACC
275.00,26.6828,26.5021,26.1165,25.8285,36.5114,44.2432,61.7095,Human,ACC,ACC,ACC
275.10,26.7091,26.5401,26.1617,25.8102,36.5659,44.2495,61.6852,Human,ACC,ACC,ACC
275.20,26.7412,26.5663,26.1331,25.8510,36.6612,44.3019,61.7780,Human,ACC,ACC,ACC
275.30,26.7585,26.5046,26.1878,25.8840,36.7219,44.3698,61.8173,Human,ACC,ACC,ACC
275.40,26.7260,26.5445,26.2841,25.8547,36.6657,44.2463,61.8402,Human,ACC,ACC,ACC
275.50,26.7352,26.5115,26.2204,25.8639,36.6313,44.3234,61.8184,Human,ACC,ACC,ACC
275.60,26.8216,26.6324,26.2349,25.9763,36.6970,44.4372,61.8861,Human,ACC,ACC,ACC
275.70,26.8035,26.6075,26.3156,25.9473,36.7369,44.4476,61.8868,Human,ACC,ACC,ACC
275.80,26.7678,26.5770,26.2843,25.9539,36.8213,44.5342,61.9358,Human,ACC,ACC,ACC
275.90,26.7894,26.6232,26.3594,25.9406,36.7721,44.5234,61.8844,Human,ACC,ACC,ACC
276.00,26.8356,26.6468,26.3532,25.9570,36.7354,44.4509,61.9367,Human,ACC,ACC,ACC
276.10,26.8182,26.6536,26.3177,26.0078,36.8094,44.5448,62.0483,Human,ACC,ACC,ACC
276.20,26.8258,26.7169,26.3970,25.9966,36.8220,44.6048,62.1369,Human,ACC,ACC,ACC
276.30,26.8179,26.6344,26.3747,26.0833,36.8957,44.5846,62.1229,Human,ACC,ACC,ACC
276.40,26.8894,26.7457,26.4359,26.0806,36.9191,44.6408,62.2212,Human,ACC,ACC,ACC
276.50,26.8672,26.6870,26.4203,26.1167,36.8382,44.6485,62.1643,Human,ACC,ACC,ACC
276.60,26.8959,26.7604,26.4559,26.0886,36.8708,44.6999,62.2099,Human,ACC,ACC,ACC
276.70,26.8527,26.7407,26.4271,26.1229,36.9756,44.6376,62.3090,Human,ACC,ACC,ACC
276.80,26.8631,26.7763,26.5537,26.1544,36.8402,44.7505,62.2677,Human,ACC,ACC,ACC
276.90,26.8631,26.8143,26.4772,26.1865,36.9044,44.7676,62.3029,Human,ACC,ACC,ACC
277.00,26.8990,26.8056,26.5574,26.2170,36.8513,44.7576,62.3786,Human,ACC,ACC,ACC
277.10,26.8844,26.7961,26.6217,26.1928,36.9555,44.8947,62.3324,Human,ACC,ACC,ACC
277.20,26.9493,26.8192,26.5888,26.1919,36.9455,44.8223,62.4514,Human,ACC,ACC,ACC
277.30,26.9303,26.8447,26.5760,26.2754,36.9452,44.9083,62.5068,Human,ACC,ACC,ACC
277.40,26.9280,26.8061,26.6072,26.2206,36.9344,44.9703,62.5375,Human,ACC,ACC,ACC
277.50,26.8878,26.8622,26.6181,26.2673,36.9401,44.9751,62.5065,Human,ACC,ACC,ACC
277.60,26.9063,26.8373,26.6343,26.3108,36.8997,45.0145,62.5879,Human,ACC,ACC,ACC
277.70,26.8950,26.9238,26.6818,26.2898,36.8629,45.0073,62.6910,Human,ACC,ACC,ACC
277.80,26.9502,26.8957,26.6739,26.2911,36.9135,44.9307,62.6677,Human,ACC,ACC,ACC
277.90,26.9600,26.9711,26.6832,26.3754,36.9691,44.9873,62.6631,Human,ACC,ACC,ACC
278.00,26.8876,26.9161,26.6907,26.4093,36.9782,45.0632,62.6675,Human,ACC,ACC,ACC
278.10,26.9382,26.9776,26.6770,26.3797,36.9008,45.0445,62.7491,Human,ACC,ACC,ACC
278.20,26.9772,26.9649,26.6739,26.3997,36.9636,45.1054,62.9029,Human,ACC,ACC,ACC
278.30,26.9888,27.0169,26.7839,26.3621,36.9695,45.1456,62.7771,Human,ACC,ACC,ACC
278.40,26.9624,27.0156,26.7644,26.4475,36.9180,45.1722,62.8179,Human,ACC,ACC,ACC
278.50,26.9581,27.0023,26.8280,26.4274,37.0118,45.1677,62.9288,Human,ACC,ACC,ACC
278.60,27.0615,27.0148,26.8320,26.4443,36.9396,45.1057,62.9069,Human,ACC,ACC,ACC
278.70,26.9811,27.0127,26.7943,26.4384,36.9164,45.1590,63.0516,Human,ACC,ACC,ACC
278.80,26.9909,27.0283,26.7752,26.4377,36.8886,45.1677,62.9463,Human,ACC,ACC,ACC
278.90,26.9759,27.0388,26.8879,26.4824,36.9393,45.2145,63.1155,Human,ACC,ACC,ACC
279.00,27.0054,27.0414,26.8701,26.5328,37.0164,45.2569,63.0582,Human,ACC,ACC,ACC
279.10,27.0196,27.0768,26.9273,26.5338,36.9296,45.2611,63.1306,Human,ACC,ACC,ACC
279.20,26.9836,27.0343,26.8992,26.5598,36.8604,45.2796,63.1106,Human,ACC,ACC,ACC
279.30,26.9800,27.0995,26.9435,26.6116,36.8995,45.2640,63.0799,Human,ACC,ACC,ACC
279.40,26.9994,27.1189,26.9489,26.6348,36.9235,45.3935,63.2189,Human,ACC,ACC,ACC
279.50,27.0120,27.1172,26.9579,26.5856,36.8559,45.3505,63.2080,Human,ACC,ACC,ACC
279.60,26.9547,27.1619,26.9858,26.6528,36.8760,45.3312,63.2771,Human,ACC,ACC,ACC
279.70,26.9939,27.0973,27.0744,26.6225,36.8607,45.2923,63.3096,Human,ACC,ACC,ACC
279.80,26.9976,27.1170,26.9681,26.6345,36.8840,45.3031,63.3430,Human,ACC,ACC,ACC
279.90,26.9788,27.1155,27.0009,26.7133,36.8074,45.3797,63.3851,Human,ACC,ACC,ACC
280.00,26.9646,27.1450,27.0728,26.7319,36.7871,45.3821,63.3403,Human,ACC,ACC,ACC
280.10,26.9658,27.0509,27.0672,26.7360,36.7239,45.3901,63.5556,Human,ACC,ACC,ACC
280.20,26.9824,27.1844,27.0424,26.7402,36.7763,45.4019,63.4338,Human,ACC,ACC,ACC
280.30,26.9689,27.1616,27.0541,26.7375,36.7904,45.4040,63.5582,Human,ACC,ACC,ACC
280.40,27.0324,27.1644,27.0344,26.7889,36.7340,45.4944,63.5170,Human,ACC,ACC,ACC
280.50,27.0251,27.1385,27.0795,26.7851,36.8249,45.3597,63.6307,Human,ACC,ACC,ACC
280.60,26.9925,27.1725,27.1224,26.7838,36.7999,45.5202,63.6185,Human,ACC,ACC,ACC
280.70,27.0624,27.1524,27.0982,26.8726,36.6414,45.4638,63.6208,Human,ACC,ACC,ACC
280.80,27.0715,27.1796,27.1199,26.7961,36.6510,45.4017,63.6412,Human,ACC,ACC,ACC
280.90,27.0343,27.1881,27.1109,26.8550,36.7200,45.4434,63.7463,Human,ACC,ACC,ACC
281.00,27.0411,27.2076,27.2131,26.8919,36.7062,45.4206,63.7765,Human,ACC,ACC,ACC
281.10,27.0132,27.1900,27.1737,26.9078,36.7041,45.5306,63.7800,Human,ACC,ACC,ACC
281.20,27.0258,27.2262,27.1738,26.9082,36.6150,45.4017,63.7818,Human,ACC,ACC,ACC
281.30,27.0365,27.1930,27.1380,26.9507,36.6083,45.4602,63.7648,Human,ACC,ACC,ACC
281.40,27.0175,27.1878,27.1933,26.9050,36.5688,45.4406,63.8280,Human,ACC,ACC,ACC
281.50,26.9488,27.1983,27.1526,26.9317,36.5387,45.4677,63.8371,Human,ACC,ACC,ACC
281.60,26.9967,27.2404,27.2005,26.9499,36.5695,45.4008,63.9202,Human,ACC,ACC,ACC
281.70,26.9910,27.1974,27.1707,26.9812,36.4738,45.5076,63.9714,Human,ACC,ACC,ACC
281.80,27.0051,27.1934,27.2271,26.9516,36.5690,45.4113,63.8998,Human,ACC,ACC,ACC
281.90,26.9783,27.2202,27.2651,26.9683,36.4218,45.4391,64.0381,Human,ACC,ACC,ACC
282.00,26.9573,27.1959,27.2902,26.9641,36.4964,45.4798,63.9544,Human,ACC,ACC,ACC
282.10,27.0356,27.2086,27.2657,26.9971,36.4928,45.4801,64.0114,Human,ACC,ACC,ACC
282.20,26.9527,27.2046,27.3139,27.0079,36.2990,45.4046,64.0551,Human,ACC,ACC,ACC
282.30,27.0169,27.2078,27.2532,27.0329,36.4728,45.4489,64.0819,Human,ACC,ACC,ACC
282.40,27.0142,27.2853,27.2631,27.0289,36.4516,45.5082,64.1261,Human,ACC,ACC,ACC
282.50,26.9802,27.1798,27.2213,27.0651,36.3838,45.4892,64.0967,Human,ACC,ACC,ACC
282.60,26.9442,27.2618,27.3011,27.0469,36.3516,45.4043,64.1072,Human,ACC,ACC,ACC
282.70,26.9654,27.2206,27.2815,27.0999,36.3341,45.4712,64.2637,Human,ACC,ACC,ACC
282.80,26.9778,27.2084,27.2844,27.0678,36.3254,45.4665,64.1877,Human,ACC,ACC,ACC
282.90,26.9814,27.1681,27.2416,27.0657,36.1952,45.3753,64.2360,Human,ACC,ACC,ACC
283.00,26.9934,27.2492,27.3646,27.1469,36.2166,45.4895,64.2952,Human,ACC,ACC,ACC
283.10,27.0120,27.2750,27.2961,27.0889,36.2136,45.4731,64.2880,Human,ACC,ACC,ACC
283.20,27.0695,27.1860,27.2910,27.1057,36.2795,45.3737,64.3138,Human,ACC,ACC,ACC
283.30,27.0439,27.1993,27.3305,27.1101,36.1686,45.3742,64.3499,Human,ACC,ACC,ACC
283.40,26.9634,27.2232,27.3155,27.0961,36.2492,45.3704,64.3277,Human,ACC,ACC,ACC
283.50,26.9742,27.1911,27.3424,27.1527,36.0945,45.3447,64.3549,Human,ACC,ACC,ACC
283.60,27.0073,27.2283,27.3020,27.1611,36.0555,45.3241,64.2952,Human,ACC,ACC,ACC
283.70,26.9820,27.1723,27.2977,27.1607,36.1034,45.3769,64.3814,Human,ACC,ACC,ACC
283.80,27.0029,27.2424,27.2703,27.1551,36.0595,45.2753,64.3043,Human,ACC,ACC,ACC
283.90,27.0120,27.1801,27.3304,27.1564,36.0527,45.3849,64.3843,Human,ACC,ACC,ACC
284.00,26.9663,27.2408,27.2829,27.2055,36.0279,45.2795,64.3584,Human,ACC,ACC,ACC
284.10,26.9878,27.1771,27.2994,27.1598,36.0613,45.3227,64.3564,Human,ACC,ACC,ACC
284.20,26.9748,27.2113,27.2710,27.2253,35.9309,45.3408,64.3990,Human,ACC,ACC,ACC
284.30,27.0253,27.2427,27.2984,27.1245,35.9677,45.2150,64.4700,Human,ACC,ACC,ACC
284.40,26.9815,27.1939,27.3376,27.1841,35.9124,45.2225,64.4147,Human,ACC,ACC,ACC
284.50,26.9977,27.2011,27.2824,27.2592,36.0209,45.3624,64.4911,Human,ACC,ACC,ACC
284.60,26.9666,27.2021,27.3613,27.1867,35.9427,45.2522,64.4929,Human,ACC,ACC,ACC
284.70,27.0004,27.2407,27.3204,27.2463,35.8872,45.1941,64.5419,Human,ACC,ACC,ACC
284.80,27.0090,27.1961,27.3500,27.2126,35.8138,45.1576,64.5492,Human,ACC,ACC,ACC
284.90,26.9941,27.2154,27.3357,27.2388,35.7865,45.2610,64.5130,Human,ACC,ACC,ACC
285.00,26.9645,27.1844,27.3634,27.2548,35.8442,45.2329,64.5340,Human,ACC,ACC,ACC
285.10,27.0107,27.1657,27.3077,27.2448,35.8233,45.1268,64.5706,Human,ACC,ACC,ACC
285.20,27.0430,27.1797,27.3639,27.2262,35.8323,45.0982,64.5866,Human,ACC,ACC,ACC
285.30,27.0365,27.1456,27.3289,27.2064,35.8281,45.1482,64.5279,Human,ACC,ACC,ACC
285.40,27.0202,27.1898,27.2931,27.2190,35.8088,45.1764,64.5487,Human,ACC,ACC,ACC
285.50,26.9872,27.1250,27.2919,27.2181,35.6594,45.0621,64.5808,Human,ACC,ACC,ACC
285.60,27.0239,27.2081,27.3043,27.2378,35.7927,45.1382,64.6202,Human,ACC,ACC,ACC
285.70,27.0069,27.1479,27.3070,27.2737,35.6830,45.1022,64.5938,Human,ACC,ACC,ACC
285.80,27.0074,27.1579,27.2957,27.2947,35.6485,44.9646,64.6487,Human,ACC,ACC,ACC
285.90,26.9821,27.1610,27.2793,27.2345,35.6037,45.0953,64.7149,Human,ACC,ACC,ACC
286.00,27.0033,27.1424,27.3234,27.2558,35.6680,44.9794,64.5816,Human,ACC,ACC,ACC
286.10,26.9590,27.0819,27.3343,27.2375,35.6185,45.0229,64.6655,Human,ACC,ACC,ACC
286.20,27.0448,27.1483,27.2785,27.2727,35.5999,44.9732,64.5909,Human,ACC,ACC,ACC
286.30,26.9923,27.1450,27.2703,27.2759,35.6767,45.0209,64.5856,Human,ACC,ACC,ACC
286.40,27.0332,27.1257,27.3481,27.2403,35.5926,44.9665,64.5443,Human,ACC,ACC,ACC
286.50,27.0079,27.0892,27.2335,27.3207,35.5675,44.9499,64.5666,Human,ACC,ACC,ACC
286.60,27.0431,27.1694,27.2366,27.2646,35.5899,44.9302,64.6103,Human,ACC,ACC,ACC
286.70,27.0130,27.1341,27.2926,27.2302,35.6162,44.8676,64.6602,Human,ACC,ACC,ACC
286.80,26.9956,27.0943,27.2693,27.2686,35.5412,44.9502,64.6046,Human,ACC,ACC,ACC
286.90,26.9769,27.1169,27.2628,27.2574,35.5696,44.9120,64.6988,Human,ACC,ACC,ACC
287.00,27.0279,27.1291,27.2834,27.2131,35.6059,44.7944,64.6424,Human,ACC,ACC,ACC
287.10,26.9895,27.1433,27.2415,27.2424,35.4645,44.8994,64.7129,Human,ACC,ACC,ACC
287.20,26.9713,27.1555,27.2494,27.2325,35.4904,44.8493,64.7113,Human,ACC,ACC,ACC
287.30,27.0188,27.1453,27.2733,27.2825,35.5032,44.8167,64.5699,Human,ACC,ACC,ACC
287.40,27.0066,27.1053,27.2408,27.2365,35.4482,44.8565,64.5791,Human,ACC,ACC,ACC
287.50,26.9824,27.1170,27.2460,27.2527,35.4855,44.8045,64.6489,Human,ACC,ACC,ACC
287.60,27.0184,27.1012,27.2037,27.2247,35.4995,44.7437,64.7160,Human,ACC,ACC,ACC
287.70,26.9667,27.0425,27.2432,27.2106,35.4301,44.8145,64.6207,Human,ACC,ACC,ACC
287.80,26.9618,27.0643,27.2614,27.2352,35.4539,44.7357,64.7289,Human,ACC,ACC,ACC
287.90,27.0302,27.0908,27.2173,27.2592,35.3817,44.7074,64.7172,Human,ACC,ACC,ACC
288.00,27.0181,27.0939,27.1944,27.2263,35.4616,44.7225,64.6331,Human,ACC,ACC,ACC
288.10,26.9648,27.0796,27.2234,27.2819,35.3519,44.6978,64.6611,Human,ACC,ACC,ACC
288.20,27.0425,27.1047,27.2442,27.2418,35.4633,44.7427,64.7121,Human,ACC,ACC,ACC
288.30,27.0832,27.1272,27.2899,27.2436,35.4155,44.6504,64.6234,Human,ACC,ACC,ACC
288.40,27.0125,27.1100,27.2112,27.2387,35.4629,44.6771,64.7060,Human,ACC,ACC,ACC
288.50,26.9705,27.1037,27.2046,27.2507,35.3049,44.6357,64.5969,Human,ACC,ACC,ACC
288.60,26.9935,27.0194,27.2105,27.2583,35.3865,44.6089,64.5687,Human,ACC,ACC,ACC
288.70,26.9617,27.0408,27.1813,27.2128,35.3631,44.5241,64.6013,Human,ACC,ACC,ACC
288.80,26.9491,27.1197,27.2156,27.1984,35.3805,44.5673,64.6242,Human,ACC,ACC,ACC
288.90,26.9457,27.0752,27.2397,27.2384,35.3107,44.5944,64.6351,Human,ACC,ACC,ACC
289.00,27.0346,27.0334,27.1821,27.1652,35.3697,44.6206,64.5836,Human,ACC,ACC,ACC
289.10,27.0594,27.0760,27.1069,27.1512,35.4149,44.6042,64.5852,Human,ACC,ACC,ACC
289.20,27.0144,27.0605,27.1556,27.2215,35.4003,44.5582,64.7079,Human,ACC,ACC,ACC
289.30,27.0602,27.0647,27.1058,27.1946,35.3710,44.5617,64.5858,Human,ACC,ACC,ACC
289.40,26.9606,27.0271,27.1646,27.1905,35.2844,44.5184,64.5918,Human,ACC,ACC,ACC
289.50,26.9680,27.0479,27.1253,27.2077,35.3856,44.5552,64.5973,Human,ACC,ACC,ACC
289.60,26.9926,27.0579,27.1367,27.2103,35.3360,44.5212,64.5359,Human,ACC,ACC,ACC
289.70,26.9957,27.0433,27.1227,27.1882,35.2386,44.5961,64.5792,Human,ACC,ACC,ACC
289.80,26.9466,27.1213,27.1143,27.1830,35.3849,44.6101,64.6021,Human,ACC,ACC,ACC
289.90,26.9855,27.0244,27.1419,27.1607,35.3404,44.4908,64.5776,Human,ACC,ACC,ACC
290.00,26.9868,26.9954,27.0972,27.1369,35.3031,44.4992,64.6529,Human,ACC,ACC,ACC
290.10,27.0537,26.9944,27.0879,27.1736,35.2908,44.5349,64.5806,Human,ACC,ACC,ACC
290.20,27.0424,26.9815,27.0688,27.1675,35.3228,44.5725,64.4940,Human,ACC,ACC,ACC
290.30,27.0097,26.9877,27.0565,27.1308,35.3463,44.4438,64.5748,Human,ACC,ACC,ACC
290.40,27.0219,27.0267,27.1282,27.1522,35.2693,44.4431,64.4934,Human,ACC,ACC,ACC
290.50,26.9985,27.0444,27.0976,27.1584,35.1522,44.5640,64.5978,Human,ACC,ACC,ACC
290.60,26.9721,27.0060,27.1106,27.1399,35.2691,44.3599,64.5832,Human,ACC,ACC,ACC
290.70,26.9770,27.0418,27.1084,27.1427,35.3563,44.4658,64.4606,Human,ACC,ACC,ACC
290.80,26.9766,27.0470,27.1625,27.1141,35.2506,44.4505,64.5363,Human,ACC,ACC,ACC
290.90,26.9531,26.9949,27.0551,27.0966,35.3292,44.3830,64.5030,Human,ACC,ACC,ACC
291.00,26.9639,27.0419,27.1046,27.1748,35.1494,44.4804,64.5611,Human,ACC,ACC,ACC
291.10,27.0217,27.0004,27.1070,27.1079,35.2492,44.3291,64.5672,Human,ACC,ACC,ACC
291.20,26.9889,26.9778,27.1071,27.1523,35.1989,44.3488,64.4230,Human,ACC,ACC,ACC
291.30,26.9854,27.0020,27.0672,27.1239,35.1969,44.3593,64.4592,Human,ACC,ACC,ACC
291.40,27.0246,27.0117,27.0741,27.0687,35.3209,44.4363,64.5118,Human,ACC,ACC,ACC
291.50,26.9902,26.9544,27.1115,27.1515,35.2367,44.3932,64.4367,Human,ACC,ACC,ACC
291.60,27.0206,27.0400,27.1142,27.1337,35.2840,44.3437,64.4720,Human,ACC,ACC,ACC
291.70,26.9514,26.9990,26.9796,27.0770,35.2803,44.3420,64.4227,Human,ACC,ACC,ACC
291.80,26.9618,27.0035,27.0581,27.0696,35.3139,44.2949,64.4230,Human,ACC,ACC,ACC
291.90,26.9906,27.0107,27.0380,27.0880,35.2037,44.3407,64.4749,Human,ACC,ACC,ACC
292.00,26.9269,26.9877,27.0629,27.0971,35.1007,44.3479,64.5472,Human,ACC,ACC,ACC
292.10,26.9545,26.9915,27.0435,27.0562,35.3216,44.4135,64.4676,Human,ACC,ACC,ACC
292.20,27.0192,26.9744,27.0221,27.0783,35.2727,44.3379,64.3828,Human,ACC,ACC,ACC
292.30,27.0657,26.9876,27.0115,27.0992,35.2799,44.4167,64.4768,Human,ACC,ACC,ACC
292.40,26.9848,27.0018,26.9578,27.0829,35.2607,44.4031,64.4729,Human,ACC,ACC,ACC
292.50,26.9983,26.9562,27.0629,27.0630,35.3189,44.3353,64.3617,Human,ACC,ACC,ACC
292.60,26.9930,26.9545,26.9703,27.0494,35.2875,44.3987,64.4081,Human,ACC,ACC,ACC
292.70,26.9532,27.0076,27.0420,27.0438,35.2753,44.3880,64.3050,Human,ACC,ACC,ACC
292.80,26.9506,26.9800,26.9812,27.0642,35.3878,44.3887,64.4279,Human,ACC,ACC,ACC
292.90,27.0042,26.9781,27.0123,27.0869,35.2063,44.2676,64.6021,Human,ACC,ACC,ACC
293.00,27.0499,26.9743,27.0289,27.0450,35.2491,44.3809,64.3954,Human,ACC,ACC,ACC
293.10,26.9671,27.0276,27.0163,27.0529,35.2501,44.3771,64.3767,Human,ACC,ACC,ACC
293.20,27.0094,26.9834,26.9703,27.0986,35.2636,44.3322,64.4443,Human,ACC,ACC,ACC
293.30,27.0258,26.9954,27.0283,27.0805,35.3121,44.3321,64.4866,Human,ACC,ACC,ACC
293.40,26.9928,27.0044,26.9871,27.0581,35.2456,44.3204,64.4158,Human,ACC,ACC,ACC
293.50,26.9911,27.0591,26.9837,27.0510,35.2580,44.3786,64.2626,Human,ACC,ACC,ACC
293.60,27.0127,26.9753,27.0202,27.0299,35.1825,44.2280,64.4746,Human,ACC,ACC,ACC
293.70,26.9864,26.9848,26.9674,27.0652,35.3155,44.3025,64.4190,Human,ACC,ACC,ACC
293.80,27.0175,27.0136,26.9472,27.0345,35.1854,44.3218,64.4706,Human,ACC,ACC,ACC
293.90,26.9757,26.9862,27.0239,27.0311,35.3097,44.4458,64.3666,Human,ACC,ACC,ACC
294.00,26.9935,27.0166,27.0140,27.0760,35.3369,44.3425,64.4042,Human,ACC,ACC,ACC
294.10,26.9429,26.9924,26.9692,26.9915,35.2931,44.3764,64.4519,Human,ACC,ACC,ACC
294.20,27.0022,26.9472,26.9129,26.9879,35.2850,44.3568,64.3759,Human,ACC,ACC,ACC
294.30,26.9909,27.0376,26.9565,26.9773,35.2982,44.2968,64.4286,Human,ACC,ACC,ACC
294.40,26.9394,26.9707,26.9692,27.0142,35.3212,44.3550,64.3737,Human,ACC,ACC,ACC
294.50,26.9554,26.9580,26.9068,27.0122,35.2535,44.2910,64.3146,Human,ACC,ACC,ACC
294.60,26.9517,26.8981,27.0080,27.0199,35.2489,44.3865,64.3898,Human,ACC,ACC,ACC
294.70,27.0093,26.9907,26.9407,27.0345,35.2185,44.2913,64.4332,Human,ACC,ACC,ACC
294.80,26.9673,27.0373,26.9771,26.9447,35.3780,44.3848,64.4698,Human,ACC,ACC,ACC
294.90,27.0248,27.0388,26.9614,27.0297,35.2603,44.3654,64.3273,Human,ACC,ACC,ACC
295.00,26.9924,26.9606,26.8903,27.0326,35.4105,44.3666,64.3788,Human,ACC,ACC,ACC
295.10,26.9854,26.9906,26.9326,26.9662,35.3189,44.3113,64.3521,Human,ACC,ACC,ACC
295.20,27.0323,26.9674,26.9534,26.9536,35.1862,44.3251,64.3015,Human,ACC,ACC,ACC
295.30,27.0051,27.0023,26.9506,26.9838,35.3446,44.4175,64.3642,Human,ACC,ACC,ACC
295.40,26.9622,27.0209,26.9449,26.9828,35.2546,44.2954,64.3859,Human,ACC,ACC,ACC
295.50,27.0494,26.9719,26.9159,26.9578,35.2954,44.3397,64.2911,Human,ACC,ACC,ACC
295.60,26.9881,27.0322,26.9684,26.9771,35.3237,44.3651,64.3847,Human,ACC,ACC,ACC
295.70,27.0239,27.0178,26.9381,27.0254,35.2658,44.3551,64.2698,Human,ACC,ACC,ACC
295.80,27.0248,26.9921,26.8890,26.9865,35.3271,44.3590,64.3211,Human,ACC,ACC,ACC
295.90,27.0410,26.9703,27.0292,26.9813,35.3634,44.2959,64.4172,Human,ACC,ACC,ACC
296.00,26.9684,26.9965,26.9679,27.0027,35.3407,44.3920,64.3504,Human,ACC,ACC,ACC
296.10,26.9924,27.0180,26.9417,26.9801,35.2864,44.3363,64.3831,Human,ACC,ACC,ACC
296.20,26.9615,26.9546,26.9641,26.9549,35.3234,44.3831,64.3152,Human,ACC,ACC,ACC
296.30,26.9856,26.9725,26.9652,26.9966,35.3693,44.4023,64.2655,Human,ACC,ACC,ACC
296.40,27.0225,27.0098,26.9633,26.9557,35.4280,44.4244,64.3721,Human,ACC,ACC,ACC
296.50,26.9513,26.9684,26.9327,26.9160,35.3473,44.3709,64.3721,Human,ACC,ACC,ACC
296.60,27.0492,26.9233,26.9672,26.9867,35.4640,44.3713,64.2714,Human,ACC,ACC,ACC
296.70,26.9922,27.0576,26.9568,26.9455,35.3332,44.3819,64.3744,Human,ACC,ACC,ACC
296.80,27.0527,26.9550,26.9124,26.9372,35.2744,44.3581,64.3084,Human,ACC,ACC,ACC
296.90,26.9798,26.9808,26.9660,26.9206,35.3881,44.4390,64.3334,Human,ACC,ACC,ACC
297.00,27.0100,27.0474,26.9340,26.9618,35.3948,44.3904,64.3272,Human,ACC,ACC,ACC
297.10,27.0205,27.0163,26.9353,26.9357,35.2264,44.3416,64.2638,Human,ACC,ACC,ACC
297.20,26.9687,27.0132,26.9829,26.8983,35.3668,44.3930,64.2648,Human,ACC,ACC,ACC
297.30,26.9342,26.9424,26.9099,26.9758,35.3476,44.3848,64.3380,Human,ACC,ACC,ACC
297.40,27.0060,27.0399,26.9797,26.9664,35.3190,44.3570,64.3790,Human,ACC,ACC,ACC
297.50,27.0353,26.9533,26.9130,26.9630,35.3353,44.4470,64.2717,Human,ACC,ACC,ACC
297.60,27.0279,26.9313,26.9829,26.9876,35.3389,44.3815,64.2665,Human,ACC,ACC,ACC
297.70,26.9841,26.9860,26.9475,26.9633,35.3882,44.3323,64.3269,Human,ACC,ACC,ACC
297.80,27.0239,26.9566,26.9877,26.9868,35.2459,44.4375,64.3164,Human,ACC,ACC,ACC
297.90,27.0270,26.9213,26.8995,26.9809,35.4123,44.5068,64.2794,Human,ACC,ACC,ACC
298.00,26.9815,26.9605,26.9331,26.9185,35.3577,44.3425,64.2903,Human,ACC,ACC,ACC
298.10,26.9906,26.9598,26.9367,26.9736,35.3618,44.4117,64.3526,Human,ACC,ACC,ACC
298.20,26.9633,27.0163,26.8892,27.0351,35.3855,44.4615,64.2784,Human,ACC,ACC,ACC
298.30,26.9579,27.0000,26.9851,26.9583,35.3694,44.3624,64.3039,Human,ACC,ACC,ACC
298.40,27.0220,26.9792,26.9038,26.9687,35.2262,44.4118,64.3148,Human,ACC,ACC,ACC
298.50,27.0342,26.9660,26.9062,26.9396,35.3419,44.3991,64.2264,Human,ACC,ACC,ACC
298.60,27.0092,26.9923,26.9921,26.9748,35.3340,44.3917,64.3230,Human,ACC,ACC,ACC
298.70,27.0148,26.9222,27.0268,26.9592,35.3911,44.4019,64.3049,Human,ACC,ACC,ACC
298.80,27.0257,26.9731,26.9546,26.9594,35.3875,44.3817,64.3629,Human,ACC,ACC,ACC
298.90,27.0475,27.0303,26.9786,27.0183,35.4734,44.4480,64.2881,Human,ACC,ACC,ACC
299.00,26.9873,27.0001,26.9463,26.9972,35.3837,44.4898,64.3761,Human,ACC,ACC,ACC
299.10,27.0005,27.0145,27.0135,26.8943,35.3069,44.4500,64.2763,Human,ACC,ACC,ACC
299.20,27.0659,26.9947,26.9516,26.8991,35.3535,44.4496,64.3398,Human,ACC,ACC,ACC
299.30,26.9903,26.9149,26.9646,26.9527,35.3631,44.3959,64.3034,Human,ACC,ACC,ACC
299.40,27.0554,26.9756,26.9953,26.9938,35.3269,44.5278,64.2359,Human,ACC,ACC,ACC
299.50,27.0629,26.9784,26.9864,26.9116,35.4097,44.4485,64.3146,Human,ACC,ACC,ACC
299.60,26.9656,26.9779,26.9630,26.9211,35.3288,44.4206,64.2977,Human,ACC,ACC,ACC
299.70,26.9870,27.0082,26.9503,26.9539,35.3553,44.4351,64.3205,Human,ACC,ACC,ACC
299.80,26.9724,27.0294,27.0196,26.9652,35.3612,44.4713,64.3519,Human,ACC,ACC,ACC
299.90,26.9962,27.0385,26.9803,26.9386,35.3578,44.4881,64.3189,Human,ACC,ACC,ACC
300.00,26.9583,26.9695,27.0337,26.9413,35.3578,44.4769,64.3721,Human,ACC,ACC,ACC
300.10,27.0885,26.9879,26.9602,27.0006,35.3709,44.3646,64.3559,Human,ACC,ACC,ACC
300.20,26.9918,27.0000,26.9355,26.9219,35.4376,44.4022,64.3111,Human,ACC,ACC,ACC
300.30,26.9760,26.9955,26.9477,26.9001,35.4118,44.3415,64.3573,Human,ACC,ACC,ACC
300.40,27.0125,26.9839,26.9602,26.9421,35.4257,44.5019,64.3935,Human,ACC,ACC,ACC
300.50,26.9275,27.0382,26.9547,26.9776,35.3379,44.5105,64.4331,Human,ACC,ACC,ACC
300.60,27.0383,27.0243,26.9764,26.9621,35.2784,44.4465,64.3554,Human,ACC,ACC,ACC
300.70,27.0033,27.0178,26.9887,26.9484,35.3552,44.3756,64.3367,Human,ACC,ACC,ACC
300.80,27.0059,27.0017,26.9929,26.9690,35.3998,44.4323,64.3339,Human,ACC,ACC,ACC
300.90,27.0321,26.9966,26.9995,26.9645,35.4369,44.5204,64.3436,Human,ACC,ACC,ACC
301.00,26.9700,26.9615,26.9680,26.9801,35.3291,44.4565,64.2095,Human,ACC,ACC,ACC
301.10,27.0241,26.9880,26.9575,26.9484,35.3371,44.4817,64.3514,Human,ACC,ACC,ACC
301.20,27.0220,26.9942,26.9588,26.9874,35.3882,44.4744,64.2270,Human,ACC,ACC,ACC
301.30,26.9385,26.9946,26.9735,26.9610,35.3241,44.4190,64.2960,Human,ACC,ACC,ACC
301.40,26.9404,27.0213,27.0273,26.9249,35.3569,44.5871,64.3769,Human,ACC,ACC,ACC
301.50,26.9760,27.0110,27.0457,26.9533,35.3336,44.4459,64.3000,Human,ACC,ACC,ACC
301.60,26.9394,26.9910,27.0388,26.9688,35.3534,44.4545,64.2260,Human,ACC,ACC,ACC
301.70,26.9727,27.0456,26.9118,26.9006,35.4386,44.5159,64.3612,Human,ACC,ACC,ACC
301.80,26.9882,27.0147,26.9355,26.9837,35.3824,44.5064,64.3121,Human,ACC,ACC,ACC
301.90,26.9571,26.9973,26.9540,26.9544,35.2749,44.4905,64.3324,Human,ACC,ACC,ACC
302.00,26.9241,26.9919,26.9723,27.0207,35.3040,44.3730,64.3890,Human,ACC,ACC,ACC
302.10,26.9654,26.9416,26.9928,27.0136,35.3146,44.4760,64.2981,Human,ACC,ACC,ACC
302.20,26.9495,27.0229,26.9795,26.9918,35.4454,44.4125,64.3868,Human,ACC,ACC,ACC
302.30,26.9067,27.0131,26.9387,27.0104,35.2290,44.5342,64.3101,Human,ACC,ACC,ACC
302.40,26.8832,26.9232,26.9980,26.9659,35.2372,44.4915,64.3322,Human,ACC,ACC,ACC
302.50,26.9274,27.0007,26.9814,26.9446,35.2631,44.5069,64.3354,Human,ACC,ACC,ACC
302.60,26.9242,26.9973,26.9979,27.0335,35.3614,44.4193,64.3001,Human,ACC,ACC,ACC
302.70,26.8888,26.9877,27.0004,26.9593,35.2815,44.4959,64.3122,Human,ACC,ACC,ACC
302.80,26.8680,26.9670,27.0164,26.9653,35.2720,44.5592,64.3131,Human,ACC,ACC,ACC
302.90,26.9169,26.9607,26.9978,26.9534,35.3691,44.5318,64.3047,Human,ACC,ACC,ACC
303.00,26.8651,26.9853,26.9860,27.0201,35.2130,44.4999,64.3759,Human,ACC,ACC,ACC
303.10,26.8338,26.9960,27.0344,27.0172,35.3549,44.5091,64.3647,Human,ACC,ACC,ACC
303.20,26.8645,26.9577,26.9698,26.9851,35.2543,44.4526,64.5054,Human,ACC,ACC,ACC
303.30,26.8745,26.9876,27.0037,26.9435,35.3330,44.4214,64.3600,Human,ACC,ACC,ACC
303.40,26.8260,26.9372,26.9442,26.9739,35.2876,44.3974,64.3313,Human,ACC,ACC,ACC
303.50,26.8622,27.0507,27.0021,26.9780,35.2813,44.5699,64.4282,Human,ACC,ACC,ACC
303.60,26.8880,26.9479,26.9962,27.0079,35.2229,44.4690,64.3242,Human,ACC,ACC,ACC
303.70,26.8600,26.9805,26.9750,26.9403,35.2393,44.5267,64.2960,Human,ACC,ACC,ACC
303.80,26.8224,26.9471,27.0069,26.9747,35.2055,44.4520,64.3102,Human,ACC,ACC,ACC
303.90,26.8354,26.9131,27.0156,26.9532,35.1744,44.5717,64.4377,Human,ACC,ACC,ACC
304.00,26.7610,26.9173,26.9661,27.0144,35.2596,44.3934,64.3660,Human,ACC,ACC,ACC
304.10,26.8216,26.9204,26.9879,26.9770,35.2913,44.4955,64.3152,Human,ACC,ACC,ACC
304.20,26.7419,26.9226,26.9222,26.9538,35.1844,44.4584,64.3313,Human,ACC,ACC,ACC
304.30,26.6989,26.9251,26.9556,26.9564,35.1507,44.4922,64.3433,Human,ACC,ACC,ACC
304.40,26.7452,26.9814,26.9732,26.9887,35.1196,44.4129,64.3500,Human,ACC,ACC,ACC
304.50,26.7836,26.9695,27.0042,26.9645,35.1387,44.4653,64.3437,Human,ACC,ACC,ACC
304.60,26.7164,26.9138,26.9681,26.9819,35.0114,44.5132,64.2940,Human,ACC,ACC,ACC
304.70,26.7370,26.9670,26.9786,27.0370,35.0995,44.4334,64.3933,Human,ACC,ACC,ACC
304.80,26.7606,26.9140,27.0073,26.8938,35.0983,44.4307,64.1995,Human,ACC,ACC,ACC
304.90,26.7604,26.9366,26.9920,26.9305,34.9221,44.3920,64.3059,Human,ACC,ACC,ACC
305.00,26.7845,26.9112,26.9742,27.0168,35.0192,44.5355,64.3859,Human,ACC,ACC,ACC
305.10,26.6900,26.8876,26.9975,26.9511,34.9762,44.4977,64.3424,Human,ACC,ACC,ACC
305.20,26.7073,26.9125,27.0105,26.9450,35.0044,44.4417,64.2538,Human,ACC,ACC,ACC
305.30,26.7112,26.9117,27.0349,26.9620,34.9873,44.5050,64.3334,Human,ACC,ACC,ACC
305.40,26.7183,26.9183,26.9969,26.9595,34.9540,44.4348,64.3366,Human,ACC,ACC,ACC
305.50,26.6666,26.9112,26.9453,26.9461,34.8726,44.4514,64.3168,Human,ACC,ACC,ACC
305.60,26.6137,26.9292,26.9737,27.0100,34.8399,44.4356,64.3949,Human,ACC,ACC,ACC
305.70,26.6341,26.8813,26.9735,26.9682,34.9211,44.3547,64.2794,Human,ACC,ACC,ACC
305.80,26.6504,26.8762,26.9713,26.9379,34.8717,44.2976,64.3246,Human,ACC,ACC,ACC
305.90,26.6099,26.8432,26.9466,27.0116,34.7797,44.4523,64.3452,Human,ACC,ACC,ACC
306.00,26.5543,26.8505,26.9786,27.0144,34.7032,44.3543,64.4090,Human,ACC,ACC,ACC
306.10,26.5591,26.8589,26.9653,26.9437,34.6460,44.2787,64.3916,Human,ACC,ACC,ACC
306.20,26.4964,26.7822,26.9720,26.9806,34.7156,44.2829,64.3271,Human,ACC,ACC,ACC
306.30,26.5079,26.8138,26.9382,26.9655,34.6849,44.2647,64.3062,Human,ACC,ACC,ACC
306.40,26.5349,26.8928,26.9231,26.9799,34.7258,44.3268,64.3887,Human,ACC,ACC,ACC
306.50,26.4989,26.7974,26.9166,26.9672,34.6216,44.2701,64.3449,Human,ACC,ACC,ACC
306.60,26.4921,26.8187,26.9464,26.9456,34.5476,44.3038,64.3108,Human,ACC,ACC,ACC
306.70,26.5542,26.7633,26.9469,27.0381,34.5488,44.2584,64.2749,Human,ACC,ACC,ACC
306.80,26.4599,26.8306,26.9754,26.9805,34.6019,44.1820,64.3302,Human,ACC,ACC,ACC
306.90,26.4112,26.8241,26.9304,26.9517,34.4382,44.2891,64.3039,Human,ACC,ACC,ACC
307.00,26.4931,26.7487,26.9556,26.9498,34.4798,44.2523,64.3290,Human,ACC,ACC,ACC
307.10,26.4563,26.7281,26.9061,26.9367,34.4479,44.2316,64.3239,Human,ACC,ACC,ACC
307.20,26.4039,26.7567,26.9081,26.9685,34.3832,44.1823,64.2895,Human,ACC,ACC,ACC
307.30,26.4508,26.7372,26.8512,26.9517,34.3376,44.1535,64.3629,Human,ACC,ACC,ACC
307.40,26.3996,26.7613,26.9344,26.9873,34.2683,44.2486,64.2648,Human,ACC,ACC,ACC
307.50,26.3757,26.7391,26.8530,26.9953,34.3382,44.1464,64.2764,Human,ACC,ACC,ACC
307.60,26.3815,26.7239,26.8797,26.9547,34.3012,44.2135,64.2736,Human,ACC,ACC,ACC
307.70,26.3330,26.7145,26.8445,26.9800,34.2373,44.0826,64.3750,Human,ACC,ACC,ACC
307.80,26.3554,26.7477,26.8778,26.9444,34.2633,44.1469,64.2682,Human,ACC,ACC,ACC
307.90,26.3298,26.6751,26.8691,26.9103,34.0748,44.0951,64.1702,Human,ACC,ACC,ACC
308.00,26.2751,26.6447,26.8567,26.9044,34.1031,44.0994,64.2231,Human,ACC,ACC,ACC
308.10,26.2585,26.6412,26.8813,26.9315,34.0648,43.9238,64.2804,Human,ACC,ACC,ACC
308.20,26.2998,26.6674,26.8749,26.9207,34.0841,43.9848,64.2546,Human,ACC,ACC,ACC
308.30,26.2515,26.5679,26.8229,26.9442,33.9466,43.9408,64.2377,Human,ACC,ACC,ACC
308.40,26.2154,26.6538,26.8800,26.9145,34.0351,43.9638,64.1576,Human,ACC,ACC,ACC
308.50,26.2617,26.5559,26.7960,26.9102,33.9300,43.9985,64.1801,Human,ACC,ACC,ACC
308.60,26.2184,26.5804,26.7935,26.9774,33.9304,43.9412,64.1730,Human,ACC,ACC,ACC
308.70,26.2117,26.5815,26.8323,26.9179,33.8821,43.8062,64.1616,Human,ACC,ACC,ACC
308.80,26.1803,26.5421,26.7525,26.9535,33.8455,43.9035,64.2452,Human,ACC,ACC,ACC
308.90,26.1437,26.4944,26.7689,26.8537,33.7826,43.8707,64.1631,Human,ACC,ACC,ACC
309.00,26.2175,26.5426,26.8276,26.9421,33.7297,43.7831,64.1553,Human,ACC,ACC,ACC
309.10,26.1583,26.5348,26.7528,26.8896,33.7317,43.7589,64.2839,Human,ACC,ACC,ACC
309.20,26.1068,26.5042,26.7438,26.9253,33.6923,43.8035,64.1214,Human,ACC,ACC,ACC
309.30,26.1331,26.4851,26.7040,26.9017,33.7952,43.6323,64.1046,Human,ACC,ACC,ACC
309.40,26.1212,26.4716,26.7064,26.8879,33.6271,43.7765,64.1068,Human,ACC,ACC,ACC
309.50,26.1106,26.4001,26.7518,26.8128,33.5303,43.7680,64.1294,Human,ACC,ACC,ACC
309.60,26.0652,26.4972,26.7265,26.8766,33.5288,43.6491,64.0701,Human,ACC,ACC,ACC
309.70,26.0373,26.4283,26.7846,26.8960,33.5114,43.5480,64.0753,Human,ACC,ACC,ACC
309.80,26.0218,26.4015,26.7020,26.9154,33.4349,43.6290,64.0705,Human,ACC,ACC,ACC
309.90,26.0221,26.4316,26.6789,26.8022,33.3746,43.6430,64.0768,Human,ACC,ACC,ACC
310.00,26.0405,26.3795,26.6543,26.8126,33.3438,43.4937,63.9895,Human,ACC,ACC,ACC
310.10,25.9638,26.3474,26.6192,26.8629,33.3678,43.5792,63.9630,Human,ACC,ACC,ACC
310.20,25.9803,26.3798,26.6435,26.8289,33.2737,43.5119,63.9891,Human,ACC,ACC,ACC
310.30,25.9580,26.3697,26.6664,26.8212,33.2716,43.4494,63.9589,Human,ACC,ACC,ACC
310.40,25.9174,26.2808,26.6044,26.7826,33.3232,43.4731,63.9414,Human,ACC,ACC,ACC
310.50,25.9051,26.2634,26.6666,26.8017,33.2606,43.4871,63.9638,Human,ACC,ACC,ACC
310.60,25.8443,26.2512,26.5618,26.7920,33.1755,43.3370,63.9284,Human,ACC,ACC,ACC
310.70,25.9228,26.2378,26.6081,26.7673,33.1334,43.3944,63.8568,Human,ACC,ACC,ACC
310.80,25.9097,26.2927,26.5851,26.7884,33.0037,43.2721,63.9033,Human,ACC,ACC,ACC
310.90,25.8590,26.2228,26.5263,26.7670,32.9472,43.2544,63.8253,Human,ACC,ACC,ACC
311.00,25.8414,26.2054,26.5453,26.7417,32.9537,43.2382,63.9036,Human,ACC,ACC,ACC
311.10,25.7965,26.1839,26.5680,26.7303,32.9046,43.2096,63.8172,Human,ACC,ACC,ACC
311.20,25.8551,26.1477,26.4775,26.7312,32.9673,43.1651,63.7734,Human,ACC,ACC,ACC
311.30,25.8208,26.1455,26.5229,26.7453,32.9422,43.1523,63.7326,Human,ACC,ACC,ACC
311.40,25.8145,26.1447,26.4874,26.6561,32.7618,43.0615,63.7720,Human,ACC,ACC,ACC
311.50,25.7673,26.1391,26.5167,26.6568,32.8631,43.0341,63.7208,Human,ACC,ACC,ACC
311.60,25.7256,26.0825,26.4856,26.6076,32.6982,43.0053,63.7231,Human,ACC,ACC,ACC
311.70,25.7032,26.1579,26.4627,26.6328,32.7229,42.9882,63.6459,Human,ACC,ACC,ACC
311.80,25.7192,26.1032,26.4436,26.6549,32.6714,42.9720,63.5940,Human,ACC,ACC,ACC
311.90,25.6819,26.0850,26.4107,26.6744,32.6814,42.9823,63.6191,Human,ACC,ACC,ACC
312.00,25.7030,26.0277,26.4384,26.6228,32.6207,42.8465,63.5586,Human,ACC,ACC,ACC
312.10,25.6892,26.0048,26.3714,26.6181,32.5813,42.7891,63.5872,Human,ACC,ACC,ACC
312.20,25.6412,26.0132,26.4015,26.6696,32.5479,42.7603,63.5747,Human,ACC,ACC,ACC
312.30,25.6900,25.9828,26.3892,26.6133,32.5902,42.8198,63.5337,Human,ACC,ACC,ACC
312.40,25.6863,25.9318,26.3730,26.5697,32.5052,42.6927,63.5093,Human,ACC,ACC,ACC
312.50,25.6524,25.9378,26.3387,26.5662,32.5051,42.7461,63.5619,Human,ACC,ACC,ACC
312.60,25.5460,25.9045,26.2865,26.5622,32.3643,42.7498,63.4873,Human,ACC,ACC,ACC
312.70,25.5207,25.8794,26.2543,26.5416,32.4829,42.6365,63.5022,Human,ACC,ACC,ACC
312.80,25.5809,25.8726,26.2129,26.5435,32.3723,42.5475,63.4296,Human,ACC,ACC,ACC
312.90,25.5500,25.9062,26.2252,26.5399,32.3163,42.5618,63.4119,Human,ACC,ACC,ACC
313.00,25.5191,25.8692,26.2260,26.5199,32.3478,42.5597,63.4058,Human,ACC,ACC,ACC
313.10,25.5039,25.8393,26.1796,26.4872,32.2013,42.5487,63.2882,Human,ACC,ACC,ACC
313.20,25.5371,25.9150,26.1882,26.4992,32.2518,42.4348,63.2433,Human,ACC,ACC,ACC
313.30,25.5080,25.8409,26.1829,26.4945,32.2606,42.3684,63.2438,Human,ACC,ACC,ACC
313.40,25.5017,25.8610,26.1921,26.3966,32.2590,42.2710,63.1583,Human,ACC,ACC,ACC
313.50,25.4866,25.7728,26.0655,26.4070,32.2045,42.3259,63.2507,Human,ACC,ACC,ACC
313.60,25.4503,25.7301,26.1174,26.3637,32.1277,42.2863,63.2162,Human,ACC,ACC,ACC
313.70,25.4736,25.7576,26.1055,26.3925,32.0649,42.2469,63.1625,Human,ACC,ACC,ACC
313.80,25.4382,25.7022,26.1106,26.4021,32.0173,42.1669,63.0380,Human,ACC,ACC,ACC
313.90,25.4852,25.6872,26.1009,26.3538,32.0904,42.2978,63.1475,Human,ACC,ACC,ACC
314.00,25.4072,25.6489,26.0540,26.3535,31.9855,42.1408,63.0082,Human,ACC,ACC,ACC
314.10,25.4185,25.7074,26.0175,26.3507,31.9905,42.1823,63.0219,Human,ACC,ACC,ACC
314.20,25.4144,25.6428,25.9835,26.3338,31.9636,41.9348,63.0086,Human,ACC,ACC,ACC
314.30,25.3901,25.6503,26.0059,26.2865,31.8797,42.0473,62.9790,Human,ACC,ACC,ACC
314.40,25.3762,25.6462,25.9476,26.3010,31.9204,42.0615,63.0048,Human,ACC,ACC,ACC
314.50,25.3321,25.5965,25.9945,26.2787,31.7771,41.9125,62.9779,Human,ACC,ACC,ACC
314.60,25.3098,25.5843,25.9293,26.2902,31.8909,41.9192,62.8496,Human,ACC,ACC,ACC
314.70,25.2859,25.5289,25.9011,26.1930,31.8442,41.9728,62.8134,Human,ACC,ACC,ACC
314.80,25.3499,25.4781,25.8590,26.1782,31.8211,41.8194,62.8690,Human,ACC,ACC,ACC
314.90,25.2846,25.5459,25.8826,26.2333,31.8220,41.8283,62.6953,Human,ACC,ACC,ACC
315.00,25.3113,25.4434,25.8540,26.1326,31.7770,41.8616,62.8430,Human,ACC,ACC,ACC
315.10,25.2670,25.4757,25.8091,26.1855,31.8531,41.7654,62.6730,Human,ACC,ACC,ACC
315.20,25.2469,25.5226,25.8239,26.1887,31.6888,41.7736,62.6216,Human,ACC,ACC,ACC
315.30,25.2834,25.4805,25.7850,26.1947,31.7469,41.7336,62.6456,Human,ACC,ACC,ACC
315.40,25.2185,25.4507,25.7669,26.1111,31.6506,41.7420,62.5800,Human,ACC,ACC,ACC
315.50,25.2494,25.3977,25.7733,26.1236,31.6204,41.6498,62.5637,Human,ACC,ACC,ACC
315.60,25.2327,25.4259,25.6964,26.0277,31.6665,41.6665,62.5798,Human,ACC,ACC,ACC
315.70,25.2024,25.3802,25.7831,26.0573,31.7606,41.5825,62.5451,Human,ACC,ACC,ACC
315.80,25.2411,25.3965,25.7521,26.0496,31.5007,41.6495,62.4476,Human,ACC,ACC,ACC
315.90,25.2202,25.3492,25.6432,25.9977,31.6783,41.5122,62.4402,Human,ACC,ACC,ACC
316.00,25.1677,25.3820,25.6583,26.0051,31.6311,41.4623,62.3485,Human,ACC,ACC,ACC
316.10,25.1826,25.3063,25.6293,25.9903,31.4405,41.4900,62.3333,Human,ACC,ACC,ACC
316.20,25.1928,25.3350,25.5618,25.9801,31.5603,41.4928,62.3226,Human,ACC,ACC,ACC
316.30,25.2058,25.2614,25.5842,25.9599,31.5703,41.3066,62.2767,Human,ACC,ACC,ACC
316.40,25.1890,25.2947,25.5659,25.9514,31.5315,41.4209,62.2076,Human,ACC,ACC,ACC
316.50,25.1788,25.2734,25.6092,25.9307,31.4731,41.3308,62.2887,Human,ACC,ACC,ACC
316.60,25.1080,25.2231,25.5302,25.8933,31.4797,41.3779,62.1511,Human,ACC,ACC,ACC
316.70,25.1503,25.2425,25.5668,25.9054,31.4113,41.3161,62.2413,Human,ACC,ACC,ACC
316.80,25.1686,25.1943,25.4835,25.8831,31.5262,41.2032,62.0756,Human,ACC,ACC,ACC
316.90,25.1194,25.2217,25.4851,25.8254,31.4501,41.3732,62.0778,Human,ACC,ACC,ACC
317.00,25.1606,25.2229,25.4122,25.8070,31.3672,41.2433,62.0359,Human,ACC,ACC,ACC
317.10,25.1031,25.1950,25.4381,25.7661,31.4272,41.1444,61.9730,Human,ACC,ACC,ACC
317.20,25.1206,25.1545,25.4579,25.7975,31.5584,41.1223,61.9019,Human,ACC,ACC,ACC
317.30,25.1192,25.1722,25.4299,25.7547,31.5138,41.0909,61.8509,Human,ACC,ACC,ACC
317.40,25.1136,25.1399,25.3478,25.7396,31.4533,41.1389,61.8741,Human,ACC,ACC,ACC
317.50,25.0666,25.1346,25.3876,25.6995,31.4367,41.1449,61.9000,Human,ACC,ACC,ACC
317.60,25.0926,25.1056,25.3174,25.7395,31.3709,40.9900,61.7471,Human,ACC,ACC,ACC
317.70,25.0424,25.0590,25.3539,25.7231,31.4371,41.0328,61.7530,Human,ACC,ACC,ACC
317.80,25.0400,25.1139,25.3436,25.6622,31.4492,41.0235,61.6560,Human,ACC,ACC,ACC
317.90,25.1145,25.0681,25.3027,25.5879,31.3339,40.9929,61.7468,Human,ACC,ACC,ACC
318.00,25.0687,25.0392,25.2918,25.5899,31.4523,40.9350,61.6761,Human,ACC,ACC,ACC
318.10,25.0796,25.0895,25.3179,25.5345,31.4259,40.8687,61.5927,Human,ACC,ACC,ACC
318.20,25.0581,25.0446,25.1538,25.5828,31.4809,40.9292,61.6101,Human,ACC,ACC,ACC
318.30,25.0338,25.0655,25.2025,25.5929,31.4185,40.9201,61.6116,Human,ACC,ACC,ACC
318.40,25.0307,25.0227,25.1989,25.5955,31.4289,40.8474,61.5659,Human,ACC,ACC,ACC
318.50,25.0578,24.9601,25.2279,25.5284,31.4530,40.7940,61.4477,Human,ACC,ACC,ACC
318.60,25.0170,25.0239,25.1809,25.5502,31.5169,40.8519,61.5265,Human,ACC,ACC,ACC
318.70,25.0456,24.9978,25.1458,25.4868,31.4870,40.8283,61.4506,Human,ACC,ACC,ACC
318.80,25.0394,24.9925,25.1567,25.4920,31.4292,40.8510,61.3583,Human,ACC,ACC,ACC
318.90,25.0419,24.9591,25.0893,25.4885,31.4526,40.8001,61.3043,Human,ACC,ACC,ACC
319.00,25.0288,24.9734,25.0880,25.4402,31.4149,40.7187,61.3188,Human,ACC,ACC,ACC
319.10,25.0214,24.9275,25.0975,25.4734,31.4930,40.7517,61.2943,Human,ACC,ACC,ACC
319.20,25.0213,24.9864,25.0931,25.4793,31.4409,40.7116,61.3052,Human,ACC,ACC,ACC
319.30,25.0396,24.9992,25.0702,25.4087,31.4462,40.7811,61.1762,Human,ACC,ACC,ACC
319.40,25.0454,24.8993,25.0413,25.4017,31.5289,40.7147,61.1429,Human,ACC,ACC,ACC
319.50,25.0165,24.8646,25.0485,25.3684,31.5178,40.7371,61.0871,Human,ACC,ACC,ACC
319.60,25.0035,24.9038,25.0211,25.3930,31.4750,40.7191,61.0686,Human,ACC,ACC,ACC
319.70,25.0181,24.8853,25.0152,25.3756,31.5249,40.6544,61.0340,Human,ACC,ACC,ACC
319.80,25.0265,24.9213,24.9952,25.3323,31.4551,40.6470,60.9991,Human,ACC,ACC,ACC
319.90,25.0629,24.8753,25.0361,25.3372,31.4901,40.6125,61.0012,Human,ACC,ACC,ACC
320.00,24.9901,24.8279,24.9917,25.2749,31.6566,40.6029,61.0237,Human,ACC,ACC,ACC
320.10,24.9818,24.8114,24.9952,25.2831,31.5614,40.6430,60.9121,Human,ACC,ACC,ACC
320.20,25.0038,24.8684,24.9544,25.2671,31.6356,40.6175,60.8735,Human,ACC,ACC,ACC
320.30,25.0185,24.8423,24.8578,25.2706,31.5366,40.6511,60.7867,Human,ACC,ACC,ACC
320.40,25.0158,24.8454,24.9699,25.1916,31.5987,40.6818,60.8422,Human,ACC,ACC,ACC
320.50,24.9169,24.8835,24.9230,25.1689,31.6494,40.5927,60.8117,Human,ACC,ACC,ACC
320.60,24.9910,24.8524,24.8628,25.2193,31.6448,40.5966,60.7609,Human,ACC,ACC,ACC
320.70,25.0662,24.8703,24.8866,25.1974,31.6625,40.5969,60.7703,Human,ACC,ACC,ACC
320.80,24.9749,24.8282,24.8665,25.1434,31.7143,40.6153,60.8019,Human,ACC,ACC,ACC
320.90,24.9631,24.8773,24.8682,25.1281,31.8004,40.5683,60.6254,Human,ACC,ACC,ACC
321.00,24.9906,24.8599,24.9033,25.1259,31.7906,40.5648,60.6891,Human,ACC,ACC,ACC
321.10,25.0089,24.8383,24.8345,25.0950,31.7352,40.5981,60.5670,Human,ACC,ACC,ACC
321.20,24.9741,24.8085,24.8118,25.0775,31.7807,40.4861,60.6941,Human,ACC,ACC,ACC
321.30,24.9961,24.8325,24.8455,25.0956,31.7794,40.4469,60.6295,Human,ACC,ACC,ACC
321.40,25.0599,24.7783,24.8135,25.0483,31.8605,40.6172,60.4832,Human,ACC,ACC,ACC
321.50,25.0262,24.7951,24.7565,25.0510,31.8515,40.6135,60.5031,Human,ACC,ACC,ACC
321.60,25.0565,24.8177,24.8011,25.0884,31.8728,40.5374,60.4703,Human,ACC,ACC,ACC
321.70,24.9554,24.7692,24.7498,25.0251,31.9425,40.5100,60.4612,Human,ACC,ACC,ACC
321.80,24.9916,24.8075,24.8111,25.0664,31.9241,40.5512,60.4752,Human,ACC,ACC,ACC
321.90,25.0829,24.7751,24.7727,25.0400,31.8190,40.6069,60.3499,Human,ACC,ACC,ACC
322.00,24.9782,24.7796,24.7778,24.9865,31.9277,40.5356,60.4066,Human,ACC,ACC,ACC
322.10,25.0169,24.8232,24.7251,24.9329,31.9507,40.5341,60.3929,Human,ACC,ACC,ACC
322.20,25.0053,24.7545,24.7565,24.9759,32.0833,40.5283,60.3023,Human,ACC,ACC,ACC
322.30,25.0118,24.8182,24.7690,24.9672,31.9745,40.5017,60.2513,Human,ACC,ACC,ACC
322.40,24.9679,24.7097,24.6735,24.9430,32.0017,40.6012,60.2630,Human,ACC,ACC,ACC
322.50,25.0054,24.7628,24.7142,24.9080,32.0063,40.5654,60.2262,Human,ACC,ACC,ACC
322.60,24.9531,24.7310,24.7444,24.8858,32.2020,40.6518,60.2446,Human,ACC,ACC,ACC
322.70,25.0220,24.7549,24.7361,24.9412,32.0075,40.5542,60.1765,Human,ACC,ACC,ACC
322.80,25.0239,24.8168,24.6913,24.8947,32.0691,40.4811,60.1743,Human,ACC,ACC,ACC
322.90,24.9880,24.7582,24.7291,24.9101,32.1051,40.5617,60.1159,Human,ACC,ACC,ACC
323.00,25.0009,24.7937,24.6905,24.9365,32.1740,40.5600,60.0479,Human,ACC,ACC,ACC
323.10,24.9457,24.7886,24.7151,24.8715,32.1272,40.6492,60.1978,Human,ACC,ACC,ACC
323.20,24.9797,24.8091,24.6867,24.8280,32.1438,40.6098,60.1470,Human,ACC,ACC,ACC
323.30,24.9600,24.8130,24.6662,24.9156,32.2662,40.6039,60.1152,Human,ACC,ACC,ACC
323.40,25.0410,24.7779,24.7053,24.8434,32.2214,40.5471,60.1276,Human,ACC,ACC,ACC
323.50,24.9880,24.7642,24.7036,24.8216,32.2608,40.6660,60.0546,Human,ACC,ACC,ACC
323.60,24.9961,24.7877,24.6986,24.7887,32.2424,40.6314,60.0642,Human,ACC,ACC,ACC
323.70,24.9465,24.7614,24.6740,24.8485,32.2444,40.7415,60.1428,Human,ACC,ACC,ACC
323.80,25.0056,24.8493,24.6979,24.8546,32.2162,40.7218,59.9935,Human,ACC,ACC,ACC
323.90,24.9852,24.8141,24.6971,24.8500,32.3788,40.6973,59.9903,Human,ACC,ACC,ACC
324.00,24.9963,24.8111,24.7202,24.7994,32.4139,40.7044,60.0571,Human,ACC,ACC,ACC
324.10,24.9353,24.8189,24.6952,24.8098,32.4065,40.6412,59.9619,Human,ACC,ACC,ACC
324.20,24.9864,24.8786,24.6584,24.7742,32.4112,40.6962,59.8959,Human,ACC,ACC,ACC
324.30,24.9854,24.8135,24.6532,24.7930,32.5275,40.7334,59.9409,Human,ACC,ACC,ACC
324.40,25.0087,24.7880,24.6746,24.7977,32.3718,40.7772,59.9237,Human,ACC,ACC,ACC
324.50,24.9679,24.8052,24.6359,24.8214,32.5249,40.8460,59.8854,Human,ACC,ACC,ACC
324.60,24.9717,24.7983,24.6162,24.7752,32.4554,40.8333,59.9578,Human,ACC,ACC,ACC
324.70,24.9623,24.8524,24.6669,24.7993,32.5256,40.8259,59.8782,Human,ACC,ACC,ACC
324.80,24.9474,24.7735,24.6658,24.7388,32.5282,40.8040,59.7780,Human,ACC,ACC,ACC
324.90,25.0334,24.8010,24.6759,24.7839,32.5843,40.8564,59.8268,Human,ACC,ACC,ACC
325.00,24.9949,24.8387,24.6523,24.7817,32.5400,40.8471,59.8971,Human,ACC,ACC,ACC
325.10,25.0349,24.8248,24.6770,24.7573,32.5856,40.8245,59.8728,Human,ACC,ACC,ACC
325.20,25.0010,24.8413,24.6673,24.7138,32.6089,40.8129,59.8273,Human,ACC,ACC,ACC
325.30,25.0041,24.8197,24.6900,24.7616,32.6024,40.9087,59.7703,Human,ACC,ACC,ACC
325.40,25.0459,24.7914,24.6491,24.7768,32.5985,40.8720,59.8275,Human,ACC,ACC,ACC
325.50,24.9688,24.8396,24.6792,24.6967,32.7708,40.8975,59.8699,Human,ACC,ACC,ACC
325.60,25.0189,24.8735,24.6879,24.7110,32.7096,40.9841,59.8956,Human,ACC,ACC,ACC
325.70,25.0225,24.8053,24.6805,24.7624,32.7162,40.8891,59.7870,Human,ACC,ACC,ACC
325.80,24.9762,24.7891,24.6823,24.7469,32.7775,41.0566,59.8604,Human,ACC,ACC,ACC
325.90,24.9740,24.8192,24.7109,24.7438,32.8374,41.0005,59.7513,Human,ACC,ACC,ACC
326.00,24.9853,24.8277,24.6968,24.7478,32.7407,40.9966,59.8317,Human,ACC,ACC,ACC
326.10,24.9940,24.8076,24.6839,24.7253,32.7930,40.9547,59.8391,Human,ACC,ACC,ACC
326.20,25.0010,24.8855,24.7258,24.7616,32.7385,41.0266,59.8087,Human,ACC,ACC,ACC
326.30,25.0023,24.8453,24.7110,24.7280,32.8148,41.0537,59.7459,Human,ACC,ACC,ACC
326.40,24.9890,24.8333,24.7030,24.7391,32.7883,41.0894,59.7461,Human,ACC,ACC,ACC
326.50,25.0529,24.8774,24.6971,24.7637,32.7513,40.9344,59.7658,Human,ACC,ACC,ACC
326.60,24.9852,24.8939,24.7345,24.8255,32.7781,41.0741,59.7095,Human,ACC,ACC,ACC
326.70,24.9673,24.8655,24.7122,24.7497,32.8138,41.0710,59.8054,Human,ACC,ACC,ACC
326.80,25.0197,24.8424,24.6984,24.7501,32.8052,41.0459,59.7619,Human,ACC,ACC,ACC
326.90,25.0272,24.8414,24.6784,24.7751,32.9012,41.0745,59.7794,Human,ACC,ACC,ACC
327.00,25.0235,24.9089,24.6994,24.7367,32.8736,41.1587,59.6614,Human,ACC,ACC,ACC
327.10,25.0056,24.8934,24.7285,24.7419,32.8896,41.1365,59.7614,Human,ACC,ACC,ACC
327.20,25.0283,24.8711,24.7204,24.7319,32.8632,41.1579,59.6430,Human,ACC,ACC,ACC
327.30,24.9842,24.8907,24.7347,24.7330,32.9069,41.2453,59.7591,Human,ACC,ACC,ACC
327.40,25.0401,24.8989,24.7355,24.7836,32.9223,41.2098,59.8185,Human,ACC,ACC,ACC
327.50,24.9831,24.8933,24.7471,24.7320,32.8962,41.1350,59.6945,Human,ACC,ACC,ACC
327.60,24.9879,24.8989,24.7131,24.7391,32.9068,41.2261,59.7897,Human,ACC,ACC,ACC
327.70,25.0062,24.9075,24.7677,24.8196,32.9137,41.1856,59.7936,Human,ACC,ACC,ACC
327.80,25.0181,24.8985,24.7604,24.7542,33.0124,41.2115,59.7879,Human,ACC,ACC,ACC
327.90,25.0115,24.8972,24.8120,24.7248,32.9600,41.2391,59.7452,Human,ACC,ACC,ACC
328.00,25.0171,24.9232,24.7409,24.7768,32.9359,41.1927,59.6829,Human,ACC,ACC,ACC
328.10,25.0149,24.8934,24.8448,24.7816,32.9495,41.3046,59.7736,Human,ACC,ACC,ACC
328.20,24.9895,24.9011,24.7622,24.7712,33.0376,41.2640,59.7545,Human,ACC,ACC,ACC
328.30,25.0007,24.8773,24.7587,24.7461,32.9322,41.2673,59.8086,Human,ACC,ACC,ACC
328.40,24.9874,24.9103,24.7744,24.7876,33.0047,41.4217,59.7939,Human,ACC,ACC,ACC
328.50,25.0260,24.9256,24.7358,24.7678,32.9956,41.3068,59.6602,Human,ACC,ACC,ACC
328.60,25.0149,24.9240,24.8113,24.7782,33.0912,41.4027,59.9433,Human,ACC,ACC,ACC
328.70,24.9563,24.8569,24.8263,24.7636,33.1361,41.3823,59.7167,Human,ACC,ACC,ACC
328.80,25.0107,24.9232,24.8088,24.8207,32.9528,41.3587,59.7700,Human,ACC,ACC,ACC
328.90,24.9647,24.9343,24.7876,24.7870,32.9740,41.4240,59.8230,Human,ACC,ACC,ACC
329.00,25.0124,24.9558,24.8281,24.7491,33.0045,41.3883,59.7083,Human,ACC,ACC,ACC
329.10,25.0058,24.9654,24.8572,24.8530,33.1095,41.3677,59.7254,Human,ACC,ACC,ACC
329.20,25.0149,24.9135,24.8192,24.7980,32.9671,41.3720,59.6992,Human,ACC,ACC,ACC
329.30,25.0287,24.9126,24.8650,24.8178,33.1231,41.4652,59.7281,Human,ACC,ACC,ACC
329.40,24.9741,24.9650,24.8223,24.8028,33.0311,41.4403,59.7987,Human,ACC,ACC,ACC
329.50,24.9902,24.9569,24.8155,24.8217,33.0276,41.5215,59.8291,Human,ACC,ACC,ACC
329.60,24.9370,24.9410,24.8380,24.8554,33.1859,41.3257,59.7227,Human,ACC,ACC,ACC
329.70,25.0141,24.9411,24.8336,24.8154,33.1256,41.4850,59.7920,Human,ACC,ACC,ACC
329.80,24.9809,25.0209,24.7849,24.8202,33.0362,41.5086,59.7849,Human,ACC,ACC,ACC
329.90,24.9289,24.9892,24.8460,24.8680,33.1660,41.5480,59.8613,Human,ACC,ACC,ACC
330.00,24.9833,24.9927,24.8795,24.8601,33.0096,41.5178,59.9081,Human,ACC,ACC,ACC
330.10,24.9995,24.8794,24.8579,24.7861,33.1978,41.5729,59.8821,Human,ACC,ACC,ACC
330.20,25.0258,24.9815,24.8835,24.8475,33.0706,41.5926,59.9242,Human,ACC,ACC,ACC
330.30,25.0045,24.9521,24.9437,24.8455,33.1337,41.5531,59.8276,Human,ACC,ACC,ACC
330.40,24.9934,24.9287,24.8750,24.8431,33.1248,41.5198,59.8638,Human,ACC,ACC,ACC
330.50,24.9938,24.9589,24.8959,24.8149,33.1094,41.4665,59.8138,Human,ACC,ACC,ACC
330.60,24.9991,24.9303,24.8774,24.8300,33.1412,41.5607,59.9231,Human,ACC,ACC,ACC
330.70,25.0236,24.9903,24.9085,24.8225,33.1713,41.6224,59.8526,Human,ACC,ACC,ACC
330.80,24.9875,25.0010,24.9466,24.8174,33.1790,41.5287,59.8264,Human,ACC,ACC,ACC
330.90,24.9866,24.9831,24.9252,24.8638,33.1720,41.5829,59.8255,Human,ACC,ACC,ACC
331.00,25.0180,24.9406,24.9640,24.8352,33.1768,41.6504,59.9091,Human,ACC,ACC,ACC
331.10,25.0006,24.9985,24.9572,24.8978,33.1966,41.6299,59.9221,Human,ACC,ACC,ACC
331.20,25.0239,25.0218,24.9238,24.8976,33.0916,41.4953,59.8637,Human,ACC,ACC,ACC
331.30,25.0430,24.9654,24.8924,24.8517,32.9702,41.5666,59.8298,Human,ACC,ACC,ACC
331.40,25.0395,25.0242,24.9262,24.8916,33.1400,41.5640,59.8910,Human,ACC,ACC,ACC
331.50,25.0127,25.0203,24.8867,24.8728,33.0901,41.5920,59.9712,Human,ACC,ACC,ACC
331.60,24.9918,25.0009,24.9466,24.8838,33.0840,41.5220,59.9723,Human,ACC,ACC,ACC
331.70,25.0076,24.9198,25.0363,24.9205,33.1753,41.6124,59.8860,Human,ACC,ACC,ACC
331.80,25.0247,24.9760,24.9640,24.9598,33.1524,41.6001,59.9601,Human,ACC,ACC,ACC
331.90,25.0514,24.9983,24.9203,24.9097,33.1222,41.5911,59.9443,Human,ACC,ACC,ACC
332.00,24.9908,25.0220,24.9228,24.9036,33.0971,41.6545,59.8622,Human,ACC,ACC,ACC
332.10,25.0072,24.9855,24.9933,24.8804,33.1104,41.6394,59.8913,Human,ACC,ACC,ACC
332.20,24.9641,24.9900,24.9903,24.9081,33.1871,41.6292,59.9421,Human,ACC,ACC,ACC
332.30,24.9825,25.0244,24.9763,24.9056,33.0386,41.6653,59.9408,Human,ACC,ACC,ACC
332.40,25.0030,24.9956,24.9906,24.9286,33.0375,41.6525,59.9581,Human,ACC,ACC,ACC
332.50,24.9766,24.9898,24.9645,24.9388,33.1010,41.5878,59.8753,Human,ACC,ACC,ACC
332.60,25.0103,24.9807,24.9740,24.9407,33.1376,41.6469,59.9402,Human,ACC,ACC,ACC
332.70,25.0310,25.0128,25.0385,24.9363,33.2373,41.6465,59.9635,Human,ACC,ACC,ACC
332.80,25.0206,24.9972,24.9569,24.9422,33.0553,41.6652,60.0069,Human,ACC,ACC,ACC
332.90,25.0133,25.0168,24.9925,24.9331,33.0895,41.7571,59.9365,Human,ACC,ACC,ACC
333.00,24.9759,24.9997,25.0046,24.9736,33.1406,41.6350,59.9497,Human,ACC,ACC,ACC
333.10,24.9049,25.0267,25.0249,24.9858,32.9880,41.6984,59.8636,Human,ACC,ACC,ACC
333.20,25.0104,25.0292,24.9837,24.9504,33.1938,41.6009,59.9516,Human,ACC,ACC,ACC
333.30,25.0146,24.9793,24.9763,24.9619,33.2563,41.6091,59.9712,Human,ACC,ACC,ACC
333.40,24.9611,25.0130,24.9588,24.9651,33.0662,41.6495,60.0072,Human,ACC,ACC,ACC
333.50,25.0002,24.9960,24.9768,24.9481,33.2065,41.5283,59.9870,Human,ACC,ACC,ACC
333.60,24.9350,25.0015,25.0096,25.0004,33.1564,41.7055,59.9560,Human,ACC,ACC,ACC
333.70,24.9848,25.0085,25.0484,25.0188,33.1293,41.7551,60.0175,Human,ACC,ACC,ACC
333.80,24.9854,25.0442,25.0444,24.9867,33.2301,41.6010,59.9671,Human,ACC,ACC,ACC
333.90,24.9711,24.9876,25.0293,25.0419,33.1240,41.6105,60.0393,Human,ACC,ACC,ACC
334.00,24.9943,25.0603,25.0692,24.9417,33.0645,41.6792,59.9349,Human,ACC,ACC,ACC
334.10,24.9822,25.0591,25.0447,24.9963,33.0764,41.6749,60.0441,Human,ACC,ACC,ACC
334.20,24.9991,25.0343,25.0003,25.0553,33.0692,41.5861,60.0457,Human,ACC,ACC,ACC
334.30,24.9663,24.9649,25.0245,25.0275,33.0654,41.6817,60.0865,Human,ACC,ACC,ACC
334.40,24.9853,25.0155,24.9925,24.9864,33.1467,41.5849,60.0870,Human,ACC,ACC,ACC
334.50,24.9702,24.9885,24.9811,24.9752,33.1686,41.6310,60.0066,Human,ACC,ACC,ACC
334.60,25.0531,25.0160,25.0306,25.0579,33.1825,41.6763,60.0529,Human,ACC,ACC,ACC
334.70,24.9812,24.9893,25.0416,24.9604,33.1640,41.6868,60.1764,Human,ACC,ACC,ACC
334.80,25.0090,25.0516,24.9968,24.9832,33.1772,41.6669,60.0441,Human,ACC,ACC,ACC
334.90,25.0484,24.9880,25.0096,25.0074,33.0909,41.7194,59.9812,Human,ACC,ACC,ACC
335.00,24.9903,24.9943,25.0766,24.9859,33.1487,41.6276,59.9513,Human,ACC,ACC,ACC
335.10,25.0090,25.0072,25.0251,24.9652,33.1517,41.6779,60.0613,Human,ACC,ACC,ACC
335.20,25.0261,25.0068,25.0696,24.9733,33.0847,41.6539,60.0177,Human,ACC,ACC,ACC
335.30,24.9855,25.0332,25.0371,24.9899,33.1659,41.7226,60.0501,Human,ACC,ACC,ACC
335.40,24.9955,24.9821,25.0365,24.9343,33.0972,41.6669,60.1006,Human,ACC,ACC,ACC
335.50,25.0044,25.0588,25.0616,25.0372,33.1063,41.6280,60.0458,Human,ACC,ACC,ACC
335.60,24.9873,25.0339,25.0251,25.0118,33.1071,41.6422,60.0404,Human,ACC,ACC,ACC
335.70,24.9965,24.9226,25.0642,25.0293,33.1530,41.6690,60.1083,Human,ACC,ACC,ACC
335.80,25.0237,24.9924,25.0583,25.0317,33.0446,41.6882,60.0658,Human,ACC,ACC,ACC
335.90,24.9349,24.9690,25.0405,25.0003,33.0744,41.6102,60.0345,Human,ACC,ACC,ACC
336.00,24.9989,25.0015,25.0828,24.9661,33.0616,41.6485,60.0644,Human,ACC,ACC,ACC
336.10,24.9600,24.9917,25.0008,25.0057,33.1842,41.6648,60.0828,Human,ACC,ACC,ACC
336.20,24.9985,24.9812,25.0513,25.0618,33.0767,41.5987,60.0315,Human,ACC,ACC,ACC
336.30,25.0310,25.0779,25.0740,25.0244,33.0972,41.5601,60.1555,Human,ACC,ACC,ACC
336.40,25.0509,25.0403,25.0959,25.0210,33.1561,41.5601,60.1365,Human,ACC,ACC,ACC
336.50,24.9388,24.9862,25.0473,25.0437,33.1308,41.6892,60.1112,Human,ACC,ACC,ACC
336.60,24.9936,25.0488,25.0093,25.0088,33.1560,41.5897,60.0556,Human,ACC,ACC,ACC
336.70,25.0282,25.0213,25.0456,25.0709,33.1020,41.6306,60.0080,Human,ACC,ACC,ACC
336.80,25.0314,24.9968,25.0489,24.9822,33.1106,41.6773,60.0705,Human,ACC,ACC,ACC
336.90,24.9994,25.0310,24.9933,25.0775,33.0866,41.6715,59.9764,Human,ACC,ACC,ACC
337.00,25.0576,25.0339,25.0703,25.0767,33.0375,41.5772,60.0761,Human,ACC,ACC,ACC
337.10,24.9949,25.0496,25.0548,24.9901,33.0012,41.5547,60.0953,Human,ACC,ACC,ACC
337.20,24.9739,25.0031,25.0748,25.0380,33.1533,41.5541,60.1660,Human,ACC,ACC,ACC
337.30,25.0285,25.0057,25.0070,25.0956,33.1079,41.6643,60.1524,Human,ACC,ACC,ACC
337.40,25.0787,25.0302,25.0382,25.0710,33.0366,41.6680,60.0112,Human,ACC,ACC,ACC
337.50,24.9680,25.0129,25.0024,25.0513,33.0159,41.6256,60.1265,Human,ACC,ACC,ACC
337.60,25.0072,25.0072,25.0250,24.9941,32.9850,41.5110,60.1090,Human,ACC,ACC,ACC
337.70,24.9762,25.0541,25.0334,25.0750,33.0670,41.6390,60.0851,Human,ACC,ACC,ACC
337.80,24.9750,25.0160,25.0302,25.0316,32.9848,41.6583,60.1284,Human,ACC,ACC,ACC
337.90,25.0223,24.9588,25.0647,25.0596,33.0572,41.7084,60.1018,Human,ACC,ACC,ACC
338.00,25.0001,25.0201,25.0367,25.0600,33.1229,41.5897,59.9442,Human,ACC,ACC,ACC
338.10,25.0017,24.9932,25.0472,25.0679,32.9869,41.4560,60.0787,Human,ACC,ACC,ACC
338.20,25.0108,25.0182,25.0484,25.0264,33.1025,41.5058,60.1271,Human,ACC,ACC,ACC
338.30,24.9868,24.9628,25.0369,25.0694,33.0278,41.6347,60.1098,Human,ACC,ACC,ACC
338.40,24.9888,24.9908,25.0677,25.0460,32.9900,41.6157,60.0892,Human,ACC,ACC,ACC
338.50,25.0042,25.0302,25.0616,25.0402,33.0836,41.6818,60.0813,Human,ACC,ACC,ACC
338.60,24.9761,25.0664,25.0427,25.0194,33.1193,41.5770,60.1219,Human,ACC,ACC,ACC
338.70,25.0054,25.0503,24.9999,25.0794,33.0449,41.5457,60.0978,Human,ACC,ACC,ACC
338.80,24.9962,25.0731,25.0594,25.0388,33.0114,41.6055,60.0381,Human,ACC,ACC,ACC
338.90,25.0361,25.0521,25.0297,25.0486,32.9839,41.6184,60.1180,Human,ACC,ACC,ACC
339.00,24.9853,25.0416,24.9990,25.0368,33.0594,41.6008,60.1433,Human,ACC,ACC,ACC
339.10,24.9390,25.0319,24.9749,25.0116,33.0534,41.6162,60.0517,Human,ACC,ACC,ACC
339.20,25.0077,25.0045,25.0256,25.0141,33.0540,41.5306,60.0282,Human,ACC,ACC,ACC
339.30,24.9867,24.9641,25.0470,25.0648,33.0154,41.5979,60.0911,Human,ACC,ACC,ACC
339.40,25.0220,25.0130,25.0722,25.0549,33.1149,41.5972,60.1112,Human,ACC,ACC,ACC
339.50,25.0275,25.0250,25.0377,25.0198,33.0298,41.4934,60.0920,Human,ACC,ACC,ACC
339.60,24.9248,25.0319,25.0328,25.0982,33.0240,41.6464,60.0492,Human,ACC,ACC,ACC
339.70,24.9434,25.0372,25.0084,25.0410,33.0152,41.5201,60.0959,Human,ACC,ACC,ACC
339.80,24.9748,25.0228,25.0341,25.0660,32.9334,41.5691,60.0885,Human,ACC,ACC,ACC
339.90,25.0043,25.0262,25.0708,25.0555,33.0281,41.6841,60.0830,Human,ACC,ACC,ACC
